"","Cell1","Cell2","Cell3","Cell4","Cell5","Cell6","Cell7","Cell8","Cell9","Cell10","Cell11","Cell12","Cell13","Cell14","Cell15","Cell16","Cell17","Cell18","Cell19","Cell20","Cell21","Cell22","Cell23","Cell24","Cell25","Cell26","Cell27","Cell28","Cell29","Cell30","Cell31","Cell32","Cell33","Cell34","Cell35","Cell36","Cell37","Cell38","Cell39","Cell40","Cell41","Cell42","Cell43","Cell44","Cell45","Cell46","Cell47","Cell48","Cell49","Cell50","Cell51","Cell52","Cell53","Cell54","Cell55","Cell56","Cell57","Cell58","Cell59","Cell60","Cell61","Cell62","Cell63","Cell64","Cell65","Cell66","Cell67","Cell68","Cell69","Cell70","Cell71","Cell72","Cell73","Cell74","Cell75","Cell76","Cell77","Cell78","Cell79","Cell80","Cell81","Cell82","Cell83","Cell84","Cell85","Cell86","Cell87","Cell88","Cell89","Cell90","Cell91","Cell92","Cell93","Cell94","Cell95","Cell96","Cell97","Cell98","Cell99","Cell100","Cell101","Cell102","Cell103","Cell104","Cell105","Cell106","Cell107","Cell108","Cell109","Cell110","Cell111","Cell112","Cell113","Cell114","Cell115","Cell116","Cell117","Cell118","Cell119","Cell120","Cell121","Cell122","Cell123","Cell124","Cell125","Cell126","Cell127","Cell128","Cell129","Cell130","Cell131","Cell132","Cell133","Cell134","Cell135","Cell136","Cell137","Cell138","Cell139","Cell140","Cell141","Cell142","Cell143","Cell144","Cell145","Cell146","Cell147","Cell148","Cell149","Cell150","Cell151","Cell152","Cell153","Cell154","Cell155","Cell156","Cell157","Cell158","Cell159","Cell160","Cell161","Cell162","Cell163","Cell164","Cell165","Cell166","Cell167","Cell168","Cell169","Cell170","Cell171","Cell172","Cell173","Cell174","Cell175","Cell176","Cell177","Cell178","Cell179","Cell180","Cell181","Cell182","Cell183","Cell184","Cell185","Cell186","Cell187","Cell188","Cell189","Cell190","Cell191","Cell192","Cell193","Cell194","Cell195","Cell196","Cell197","Cell198","Cell199","Cell200","Cell201","Cell202","Cell203","Cell204","Cell205","Cell206","Cell207","Cell208","Cell209","Cell210","Cell211","Cell212","Cell213","Cell214","Cell215","Cell216","Cell217","Cell218","Cell219","Cell220","Cell221","Cell222","Cell223","Cell224","Cell225","Cell226","Cell227","Cell228","Cell229","Cell230","Cell231","Cell232","Cell233","Cell234","Cell235","Cell236","Cell237","Cell238","Cell239","Cell240","Cell241","Cell242","Cell243","Cell244","Cell245","Cell246","Cell247","Cell248","Cell249","Cell250","Cell251","Cell252","Cell253","Cell254","Cell255","Cell256","Cell257","Cell258","Cell259","Cell260","Cell261","Cell262","Cell263","Cell264","Cell265","Cell266","Cell267","Cell268","Cell269","Cell270","Cell271","Cell272","Cell273","Cell274","Cell275","Cell276","Cell277","Cell278","Cell279","Cell280","Cell281","Cell282","Cell283","Cell284","Cell285","Cell286","Cell287","Cell288","Cell289","Cell290","Cell291","Cell292","Cell293","Cell294","Cell295","Cell296","Cell297","Cell298","Cell299","Cell300"
"MT-Gene1",4,0,0,8,0,2,2,0,0,6,0,0,7,1,3,5,1,1,10,1,0,4,0,3,2,1,1,3,0,2,1,2,1,9,1,1,7,0,0,3,4,0,5,1,1,6,0,1,7,0,1,4,0,2,3,2,0,7,1,0,8,1,0,7,0,0,1,2,2,9,0,0,4,1,0,6,3,1,5,1,0,6,3,0,3,0,0,6,0,0,10,1,2,9,1,0,1,2,2,4,0,0,3,1,1,5,0,0,7,1,0,4,2,0,3,1,0,10,0,0,5,1,0,5,2,1,7,0,1,3,0,0,8,2,0,5,0,1,3,1,0,1,1,1,4,1,0,6,0,1,4,0,0,8,0,1,4,1,0,10,1,1,6,1,1,2,2,0,5,2,2,2,0,1,5,1,0,2,1,1,10,0,0,11,1,0,7,0,1,7,1,1,7,1,0,5,0,1,8,1,1,4,2,1,7,2,2,5,0,1,2,0,2,7,1,1,5,2,1,8,1,1,8,4,0,4,1,1,7,0,4,7,1,1,5,1,0,4,0,0,0,1,2,5,1,1,14,1,0,5,0,2,6,0,0,11,1,0,5,1,1,7,0,0,4,0,1,12,0,1,7,0,0,8,2,2,4,2,2,8,1,4,8,0,1,10,1,1,6,1,1,7,1,2,6,0,1,5,0,1
"MT-Gene2",7,0,1,6,0,1,10,1,2,3,4,1,5,2,1,6,1,1,8,1,0,6,1,1,4,1,0,3,0,1,4,1,1,5,0,0,3,1,1,3,0,0,7,1,0,5,1,0,5,0,2,7,0,0,6,2,1,2,1,0,6,1,1,2,1,0,5,0,0,3,1,0,6,0,1,3,1,0,5,0,3,3,0,1,6,1,0,3,2,0,3,0,0,3,0,1,0,1,1,5,1,1,3,0,1,11,0,0,6,1,2,2,2,0,7,0,1,6,2,0,10,0,1,6,1,0,6,1,1,6,0,0,3,2,3,6,0,0,5,0,0,3,2,1,3,2,2,3,1,0,4,6,2,6,1,1,6,1,2,5,1,1,6,0,1,4,0,4,13,1,1,8,1,0,5,0,0,4,2,1,7,2,1,2,2,4,4,0,1,12,0,0,5,0,0,4,1,2,5,1,0,4,2,0,7,4,0,10,1,4,1,1,2,8,0,2,10,0,1,5,1,0,7,0,1,4,2,2,6,0,0,2,1,1,4,0,0,7,4,1,2,2,1,5,1,1,7,5,0,10,0,1,8,0,0,7,1,0,2,1,2,6,1,1,5,0,1,6,1,1,12,2,1,4,6,1,6,1,2,7,0,2,5,1,0,2,5,0,6,0,0,7,0,0,4,1,4,5,1,2
"MT-Gene3",6,0,0,5,0,1,4,2,1,6,1,0,9,1,0,4,2,1,8,1,2,3,0,1,5,1,1,2,1,1,9,1,3,4,1,0,7,2,1,1,1,2,6,0,0,2,1,3,7,0,3,4,0,0,5,2,1,7,1,0,3,2,2,2,0,0,6,2,1,3,1,1,4,2,1,6,0,0,7,1,1,2,1,2,7,0,3,3,1,0,6,1,0,6,2,2,7,0,0,8,0,1,5,2,1,8,1,1,4,2,1,10,0,3,5,1,0,3,2,1,5,1,2,2,0,1,4,0,1,5,0,0,5,2,0,5,3,3,8,2,1,4,1,0,1,1,1,4,1,1,8,0,0,5,0,0,4,2,0,10,2,1,4,0,1,4,0,1,4,1,0,7,2,4,6,0,1,11,0,1,5,0,0,7,0,1,7,2,1,6,0,4,10,4,2,5,1,0,6,6,2,5,1,0,7,1,0,7,2,0,4,0,1,11,0,2,6,0,1,4,4,0,6,0,1,6,0,0,5,1,0,10,1,1,5,2,0,5,2,2,5,0,1,7,2,1,7,2,2,4,0,1,6,1,0,6,0,1,5,1,0,5,1,1,6,2,1,4,1,4,5,0,0,8,0,0,7,2,0,6,0,2,7,1,0,6,0,2,6,0,1,1,6,2,2,0,1,2,1,2
"MT-Gene4",8,0,2,1,1,0,3,1,2,3,1,0,2,0,2,4,0,2,5,0,0,2,2,0,10,3,1,7,0,1,12,1,1,3,1,1,5,0,2,7,0,0,7,3,1,4,1,2,4,0,2,7,3,1,7,1,1,6,1,0,1,0,4,3,3,1,2,1,0,7,2,2,3,2,4,8,1,0,3,2,1,5,3,0,1,1,1,3,4,1,4,0,1,4,1,3,1,3,1,6,1,0,6,1,1,3,1,5,1,2,0,5,2,2,6,3,0,3,1,1,2,1,1,2,1,3,7,1,2,6,3,0,8,1,1,5,2,2,4,0,3,3,1,0,2,1,0,4,2,1,5,2,0,5,0,0,5,0,0,10,2,0,10,0,1,7,0,0,4,1,1,10,0,1,6,0,4,8,0,0,10,4,0,6,1,1,6,0,0,2,0,5,6,1,0,4,1,1,7,4,0,5,0,1,5,1,0,4,0,1,6,1,4,2,1,0,4,0,0,5,1,0,5,1,1,6,0,1,6,5,0,4,1,4,13,2,5,5,1,1,2,2,0,5,1,0,5,2,2,5,4,0,4,0,0,12,1,1,11,2,0,6,1,1,6,0,2,12,2,2,6,0,0,5,1,0,6,2,1,8,1,0,7,4,2,5,2,0,2,0,1,5,4,0,11,2,5,7,1,2
"MT-Gene5",7,0,2,2,1,1,6,1,0,4,0,2,1,2,0,7,2,1,6,1,0,8,0,2,5,0,3,7,3,2,5,3,0,7,1,0,4,4,0,6,2,1,4,1,1,2,3,0,8,0,1,5,2,1,1,0,0,7,1,0,7,1,1,7,2,1,2,0,0,11,1,0,3,2,1,3,0,0,4,3,0,7,1,2,5,0,0,7,0,1,3,0,0,5,1,1,3,1,0,8,1,0,5,1,0,7,0,0,5,1,3,3,1,2,7,3,0,3,0,1,6,0,0,5,1,1,5,1,2,6,0,1,8,2,0,7,2,1,8,1,1,7,1,0,7,0,1,3,1,0,6,4,5,6,0,0,2,2,2,4,0,0,4,0,1,5,1,4,7,1,2,6,1,2,10,4,1,1,2,2,1,5,1,5,0,2,5,1,1,4,1,2,7,0,1,4,2,1,5,0,0,1,5,1,7,0,0,5,4,2,5,1,0,5,2,0,7,4,0,5,1,1,5,1,0,5,4,0,6,2,2,5,1,4,11,2,0,6,0,0,5,4,0,8,1,0,5,4,1,2,1,2,6,1,8,7,0,0,5,6,0,6,1,2,6,0,1,1,2,1,4,1,1,6,2,1,2,0,1,2,1,1,2,1,0,5,0,0,6,1,1,7,1,4,6,0,0,13,1,1
"MT-Gene6",7,0,1,4,1,1,5,1,0,3,0,1,6,1,2,10,2,0,5,0,0,3,1,3,8,0,1,9,2,1,3,0,1,4,1,1,2,0,0,4,0,1,9,0,1,3,0,2,3,1,0,8,1,1,10,1,2,5,1,0,4,1,0,3,1,1,7,1,1,6,0,0,6,0,1,3,1,1,10,2,1,7,0,0,6,2,0,4,0,0,6,1,0,7,1,0,4,5,1,3,2,0,5,2,1,5,0,1,7,1,1,5,1,0,7,0,0,5,0,1,4,0,0,1,2,1,7,0,1,4,2,4,3,1,1,2,1,2,6,0,0,4,1,1,5,0,3,5,1,0,5,0,0,6,1,1,7,0,0,5,2,1,12,0,1,5,5,0,8,4,2,10,1,0,7,2,1,5,0,1,5,0,4,5,2,1,7,1,0,11,1,1,7,4,0,5,4,2,8,0,2,8,0,0,6,1,1,6,2,2,6,1,2,7,1,0,7,1,2,14,5,0,6,0,1,7,1,0,5,0,4,8,2,0,8,0,0,2,0,5,5,0,1,4,2,0,5,1,0,5,0,2,8,1,1,2,0,0,4,0,1,5,1,0,6,0,0,4,0,1,4,5,0,5,0,0,2,0,1,6,0,5,6,1,2,5,2,5,7,1,2,5,2,4,11,2,0,2,2,4
"MT-Gene7",5,1,2,5,1,1,4,0,2,4,0,3,2,2,1,6,0,2,4,1,3,5,2,0,4,2,3,3,1,2,3,1,1,3,0,3,5,1,0,7,0,2,4,1,0,6,1,1,11,0,0,9,0,3,10,0,1,3,1,3,3,1,1,9,2,1,4,0,0,7,2,4,5,2,0,8,1,1,2,1,0,7,0,2,5,1,1,7,0,2,5,0,1,7,2,2,0,0,1,8,1,0,6,0,0,6,1,0,7,1,3,0,0,3,7,1,2,7,1,0,5,2,0,8,1,1,4,3,0,3,1,2,3,1,1,8,1,0,9,1,0,3,1,0,5,1,0,6,1,1,7,2,0,4,0,1,10,4,0,1,1,4,5,0,1,5,1,0,5,1,1,2,0,2,5,2,0,2,2,0,6,1,1,7,0,4,10,0,2,11,2,0,12,1,4,8,0,1,8,1,0,2,0,1,6,0,1,5,0,1,4,1,0,11,0,0,5,1,0,10,2,2,10,0,1,8,0,1,8,0,1,8,2,2,7,2,2,6,2,1,7,1,2,13,2,5,5,0,1,4,1,2,0,0,1,6,0,2,8,0,4,1,1,1,6,0,1,5,0,0,1,0,1,5,0,0,4,1,1,4,0,0,5,0,1,7,0,1,5,0,1,10,0,1,4,5,0,4,4,0
"MT-Gene8",9,1,0,5,0,2,7,0,0,6,1,0,8,1,0,3,0,1,3,1,2,4,1,2,6,0,0,4,1,1,7,2,1,5,1,3,3,1,1,4,1,2,3,0,2,5,0,1,9,0,0,2,4,1,9,0,2,6,0,1,5,1,2,2,1,1,5,2,2,7,4,1,5,0,1,10,1,1,2,0,1,4,1,0,6,1,2,6,0,0,4,1,1,7,0,0,3,0,1,6,1,2,2,1,0,10,1,1,7,1,0,7,2,2,4,0,0,3,0,2,3,1,1,2,1,2,3,2,4,9,2,4,6,1,3,4,0,1,12,1,2,4,0,0,3,1,1,3,1,0,6,0,0,8,1,2,2,1,0,6,1,0,5,1,1,2,0,1,7,4,2,14,0,1,4,1,1,11,1,1,12,0,1,6,1,1,8,1,0,7,0,2,4,0,0,7,5,0,8,1,1,1,0,1,4,0,1,7,1,2,5,0,0,11,0,0,6,1,1,6,0,2,4,0,4,6,0,4,5,1,1,1,0,1,8,2,0,2,1,1,1,1,1,2,2,0,5,2,4,8,0,0,10,1,0,7,0,1,0,1,2,5,2,1,5,1,2,1,0,4,6,2,2,4,4,2,6,0,1,6,1,2,6,2,2,5,2,0,6,1,2,6,2,1,7,0,0,6,0,2
"MT-Gene9",3,3,0,4,0,2,7,1,1,4,2,1,9,1,1,6,0,1,4,1,2,8,0,1,4,0,0,7,3,0,2,0,1,3,1,0,9,1,1,3,1,1,1,0,2,3,0,2,3,1,2,2,1,1,3,0,1,6,1,0,3,1,1,6,0,0,6,0,2,8,0,1,3,1,0,6,0,0,2,0,0,2,0,1,3,0,3,7,1,2,7,2,0,3,1,1,6,3,2,8,1,2,7,0,0,2,1,3,4,1,0,3,3,1,7,1,2,8,0,3,4,0,4,5,1,0,3,0,1,6,2,3,5,1,0,9,0,0,3,0,1,8,1,0,4,0,0,3,2,0,5,1,1,7,1,0,7,1,0,7,2,1,5,0,0,5,2,2,5,1,1,8,4,0,4,2,1,8,4,0,7,0,0,10,1,2,2,4,0,2,0,0,4,0,1,8,0,0,4,4,1,11,2,1,7,1,1,6,1,0,5,0,1,4,4,2,8,1,0,5,2,1,5,2,0,1,2,0,5,0,2,4,0,0,12,1,2,2,1,1,8,1,1,5,0,0,5,1,1,5,1,1,10,0,0,10,1,1,10,5,4,11,2,0,6,0,4,8,0,1,6,0,2,5,0,4,6,1,2,4,0,0,10,4,0,7,1,1,0,1,1,12,0,1,5,1,4,7,1,1
"MT-Gene10",5,0,1,3,0,1,6,2,3,6,0,1,3,1,1,3,1,1,6,0,0,6,0,2,10,0,0,6,4,2,8,1,2,4,1,1,3,0,0,6,1,0,6,0,2,2,0,2,4,1,0,2,0,2,5,0,2,4,1,0,2,0,1,9,0,1,6,2,0,3,2,0,8,0,0,6,2,2,5,1,1,1,3,1,4,0,2,6,0,0,9,0,1,5,1,1,12,0,1,10,1,0,1,1,0,6,0,1,7,1,1,4,2,1,6,0,0,3,2,1,4,0,0,5,0,0,6,1,0,5,0,1,5,2,3,5,0,0,5,1,1,5,1,1,0,1,0,3,1,0,4,2,0,8,0,1,7,0,1,7,0,0,7,1,0,6,0,1,11,0,2,7,0,2,12,1,0,10,0,1,2,0,1,4,1,0,10,1,0,8,1,0,7,1,0,5,1,4,5,0,0,4,2,1,5,0,0,10,4,0,12,4,2,8,0,1,1,1,2,4,1,0,10,1,4,2,2,4,7,2,0,1,2,1,4,2,2,7,0,0,6,0,1,6,0,0,8,2,2,2,0,0,10,1,1,1,1,2,6,2,0,4,0,1,8,4,1,2,1,2,6,1,0,8,1,2,5,1,1,5,0,2,5,0,0,10,0,2,6,0,4,7,0,1,6,0,2,6,4,0
"MT-Gene11",8,1,1,3,2,0,7,3,0,6,0,1,3,3,1,4,4,1,5,0,1,6,1,2,7,1,2,3,1,1,7,2,0,6,1,4,1,3,2,6,2,0,1,2,1,3,1,2,5,0,1,6,3,0,4,1,1,9,2,1,5,1,1,5,1,2,6,1,0,4,1,3,2,1,0,5,0,0,3,0,0,6,2,2,5,0,1,7,1,0,6,1,0,2,1,0,8,1,0,6,0,0,6,0,1,2,3,1,4,0,1,1,0,2,7,1,1,7,0,0,4,1,0,6,0,1,6,1,1,3,0,1,2,1,0,3,0,1,6,0,2,9,1,0,3,0,1,7,1,0,8,2,2,7,1,2,4,2,0,8,1,1,5,1,2,6,2,2,6,5,1,11,0,0,6,1,4,6,1,0,6,1,0,6,0,0,4,4,0,10,0,1,11,1,2,5,6,0,4,1,5,4,0,5,5,1,0,7,2,2,6,2,1,6,1,4,5,1,4,10,1,0,4,2,4,1,0,4,5,1,0,8,2,4,8,0,4,8,1,2,6,1,2,4,2,0,7,0,0,12,2,0,8,0,1,1,1,0,6,1,0,5,0,2,4,2,0,5,1,0,4,2,2,10,0,0,6,0,2,6,0,1,5,1,4,7,0,0,5,1,2,5,0,4,5,1,0,4,2,2
"MT-Gene12",4,0,0,10,0,0,2,0,4,6,3,1,7,1,2,5,2,2,4,1,2,5,0,1,3,1,0,3,1,2,9,1,1,5,0,1,2,1,1,5,0,1,5,1,1,7,0,0,9,1,1,4,0,1,4,2,1,6,1,0,2,0,3,5,0,0,4,0,2,2,0,2,5,1,1,9,0,2,5,2,0,4,4,0,4,1,1,5,0,0,5,0,0,3,0,1,1,0,1,7,3,0,8,2,1,3,0,0,6,1,0,4,4,1,5,1,0,5,2,0,9,1,0,7,1,0,5,0,0,5,1,2,2,2,1,5,2,0,4,1,3,5,2,1,6,0,3,5,2,1,6,1,1,14,1,0,7,2,1,7,0,0,6,1,4,6,1,2,4,4,1,5,1,0,8,1,1,4,1,1,10,4,0,6,1,0,2,0,0,5,0,1,7,2,2,4,2,0,5,1,2,5,1,1,7,0,1,5,1,1,4,2,1,5,2,1,2,0,2,5,0,1,10,0,1,5,0,1,4,2,1,13,1,2,5,0,0,7,0,2,2,1,1,4,6,1,7,2,0,6,1,0,6,1,2,7,1,0,7,1,1,2,2,0,7,0,0,4,1,2,7,1,0,5,1,1,5,2,0,4,0,1,5,1,0,6,0,1,6,2,0,7,2,0,8,0,1,7,0,1
"MT-Gene13",8,2,0,6,1,0,8,1,0,0,1,0,4,2,2,5,1,1,6,2,1,9,4,1,7,0,2,5,1,0,2,2,0,5,1,2,7,1,1,3,2,1,11,0,2,7,0,1,8,0,0,4,0,2,6,2,3,2,1,0,2,2,2,1,1,0,4,0,2,1,1,0,2,0,0,5,4,0,0,0,1,2,0,0,8,1,2,7,2,1,9,1,0,5,1,1,7,0,1,7,0,0,7,0,1,5,0,1,4,2,3,8,2,1,5,1,1,4,0,3,3,1,0,8,1,2,3,0,1,7,2,1,6,2,0,7,1,1,4,1,1,5,1,0,3,1,1,4,3,0,2,1,0,8,2,0,4,1,2,8,2,4,5,0,2,11,0,2,5,2,0,6,0,0,1,1,1,4,1,0,6,0,1,10,0,2,5,1,1,7,0,2,1,1,0,8,0,1,12,0,0,6,4,0,1,0,2,4,0,1,7,1,1,11,0,2,4,0,0,1,1,0,4,5,2,7,1,2,8,2,1,4,2,1,13,1,0,8,2,0,6,2,4,5,2,1,5,2,0,12,0,0,8,0,1,0,0,0,8,2,0,7,0,0,13,0,2,8,0,0,1,2,0,7,1,0,10,0,4,5,1,2,7,0,0,7,0,0,4,2,1,11,2,1,6,1,0,4,1,1
"MT-Gene14",6,1,1,2,1,0,6,1,0,2,3,1,8,1,4,5,0,1,6,1,0,5,2,2,3,0,1,3,2,2,6,2,1,2,0,0,5,0,1,1,0,1,6,1,1,4,2,3,6,2,3,5,1,0,7,5,2,3,0,1,2,2,1,7,4,2,1,0,2,5,1,1,11,0,0,3,2,0,5,2,1,5,1,1,8,2,1,4,1,0,3,1,0,2,0,1,8,0,2,6,2,0,6,0,2,3,1,1,3,1,1,6,0,1,4,2,1,6,2,1,6,0,1,4,1,0,8,1,1,7,0,1,1,1,0,5,0,0,6,2,0,6,4,0,3,3,1,4,2,0,6,1,4,7,2,1,6,1,2,2,5,1,4,0,0,4,0,0,4,2,0,6,0,1,4,0,1,5,2,1,4,0,1,5,1,0,5,0,1,11,2,1,4,2,0,5,0,0,8,0,1,2,2,1,4,2,1,8,0,1,6,2,1,6,1,1,8,1,1,8,2,2,10,4,1,2,2,1,8,1,0,7,0,4,7,1,1,7,1,1,7,0,1,2,2,0,11,1,1,5,0,1,6,0,0,4,1,1,7,1,5,6,4,1,7,1,0,12,0,0,7,0,0,6,1,0,13,1,1,5,1,1,7,4,0,6,2,1,5,0,4,7,0,1,7,1,1,5,1,0
"MT-Gene15",4,2,0,5,4,1,3,1,0,6,2,2,4,2,1,4,1,1,7,2,1,10,1,2,6,2,0,2,2,0,5,0,1,7,0,3,3,1,0,2,1,0,4,1,0,6,1,1,8,0,0,17,0,0,9,1,0,4,2,2,4,0,2,3,2,0,5,2,2,4,0,1,6,0,0,6,0,0,4,0,3,6,3,1,4,3,0,6,1,2,2,3,0,6,1,1,5,0,0,10,0,1,8,3,1,4,1,2,2,1,0,5,0,2,1,0,1,6,0,1,6,0,1,4,2,0,6,1,2,3,1,0,5,1,2,2,0,2,6,0,0,7,3,0,2,2,1,4,0,2,5,0,1,2,1,1,7,0,4,7,4,2,11,2,1,13,1,0,6,0,1,5,0,0,6,1,1,4,1,1,1,1,2,7,5,0,6,2,4,5,0,1,10,1,0,1,0,2,5,0,0,4,0,2,6,0,0,6,2,0,4,2,0,7,0,1,4,0,0,5,0,2,5,1,1,7,0,0,2,1,2,2,6,0,6,1,0,7,2,2,11,1,0,8,2,0,5,1,0,4,1,0,6,1,1,4,2,2,7,1,0,10,2,1,7,5,0,4,0,1,6,1,1,7,1,0,4,1,1,13,1,0,7,1,1,7,1,4,10,0,1,6,1,0,2,4,1,8,1,1
"MT-Gene16",7,0,2,5,0,1,4,0,3,9,3,0,7,0,0,6,0,0,4,1,1,4,3,2,5,2,1,6,2,1,8,0,1,5,2,0,4,0,2,4,2,0,2,0,1,4,1,0,3,0,2,6,2,1,14,1,0,3,1,1,5,0,2,6,0,1,3,0,1,6,1,1,5,1,1,2,0,2,7,1,1,6,0,2,7,0,0,7,0,0,6,3,0,4,0,1,2,1,1,4,1,1,5,3,0,5,3,0,4,0,1,9,0,1,3,2,1,3,0,0,8,0,0,3,1,0,7,1,1,2,2,0,6,1,1,4,1,0,3,2,2,6,0,1,5,2,0,4,0,2,10,1,1,10,0,0,7,4,1,4,0,0,5,1,0,8,1,2,6,1,2,11,1,2,2,1,1,6,1,0,5,0,1,6,2,1,7,2,1,6,0,2,8,0,2,1,1,0,2,1,2,4,2,1,6,0,0,1,1,1,6,0,5,11,0,0,8,0,0,10,0,0,2,2,0,7,2,4,7,1,0,6,0,2,10,0,0,5,4,0,7,4,2,6,0,0,4,1,0,5,1,1,12,0,4,7,2,2,4,1,1,7,2,1,7,0,2,12,2,0,6,0,0,7,1,1,6,1,1,6,0,1,8,2,0,1,0,0,4,0,1,8,2,1,7,1,0,7,0,0
"MT-Gene17",4,1,1,3,2,1,6,0,3,1,0,2,4,1,0,8,0,0,6,1,0,4,1,1,5,2,3,3,1,2,4,1,2,6,1,1,4,2,0,8,0,1,7,0,0,6,2,1,5,1,1,5,1,0,6,0,1,5,1,1,2,0,1,3,0,1,6,1,2,2,1,1,7,1,1,2,2,2,3,0,0,4,0,2,1,2,1,2,1,1,2,0,1,6,2,1,8,1,0,3,2,1,5,3,2,4,0,1,8,0,1,2,1,0,8,0,2,5,1,1,9,0,3,8,0,1,2,3,0,6,0,0,4,0,1,6,0,0,4,2,1,4,1,0,5,0,1,6,2,1,7,1,0,8,2,0,10,1,0,4,1,0,6,1,0,4,2,1,8,1,2,8,0,2,10,0,1,7,0,1,7,1,2,6,2,0,6,1,2,6,1,0,5,0,2,5,2,1,8,2,1,6,0,0,4,2,1,7,1,2,6,1,0,5,0,1,7,0,1,8,1,2,7,0,1,8,4,1,7,0,2,10,1,0,0,1,0,7,1,0,14,1,0,8,2,1,7,1,1,2,0,2,5,0,1,4,0,1,6,1,1,8,2,0,8,1,0,1,1,0,7,2,1,14,0,1,2,1,2,5,2,0,6,0,1,2,0,2,7,1,1,5,4,1,8,1,2,10,1,2
"MT-Gene18",7,2,1,8,0,1,6,0,1,5,0,3,3,1,4,5,1,1,5,1,1,6,3,1,4,0,2,7,0,1,9,0,2,4,0,0,5,0,0,2,2,0,3,0,2,7,1,0,7,1,1,3,1,0,6,3,0,5,0,1,9,2,0,5,0,0,2,2,0,0,0,2,7,2,1,3,0,1,9,0,0,7,1,2,5,0,1,10,0,1,3,1,1,4,2,0,9,2,0,4,1,0,2,3,3,5,0,0,4,0,1,6,3,0,5,1,3,10,1,0,5,1,0,6,3,2,7,0,1,7,0,0,3,0,1,4,0,0,5,1,2,4,1,0,5,1,0,1,1,0,5,0,0,6,0,0,11,2,1,5,1,2,12,1,1,6,0,0,8,1,2,2,2,0,8,2,0,5,1,1,7,1,1,1,0,1,6,1,0,2,1,2,8,1,0,8,2,0,5,0,0,7,1,2,5,1,1,4,2,0,4,0,0,10,4,2,10,0,0,7,2,0,8,0,4,7,1,2,8,1,2,10,1,2,4,0,0,8,0,1,0,1,0,5,1,0,4,0,1,6,2,2,2,0,0,4,0,0,4,1,0,4,1,0,7,2,5,7,0,4,6,2,2,6,2,0,6,0,1,1,2,0,6,1,1,5,0,0,8,1,0,7,2,0,5,2,1,7,1,0
"MT-Gene19",1,0,1,8,0,1,9,1,0,4,3,0,3,1,3,3,2,2,5,2,0,5,2,0,7,3,3,7,2,2,1,1,0,5,1,1,3,0,2,2,1,3,8,1,0,6,0,1,2,0,0,6,2,0,4,0,0,4,0,1,4,2,0,10,0,0,6,0,2,7,0,1,4,0,2,2,3,0,3,2,2,5,1,1,7,0,1,2,0,2,2,1,2,3,1,3,5,3,1,3,1,1,4,2,1,5,1,2,5,0,1,5,1,3,4,1,1,6,0,1,9,2,0,4,1,0,3,3,0,3,0,1,3,0,0,5,0,1,2,1,1,8,2,0,8,3,0,1,0,0,2,2,0,7,0,1,4,2,1,4,0,0,1,0,0,5,0,1,7,0,1,5,6,0,6,2,2,2,2,0,5,1,0,5,0,0,4,1,2,4,1,0,6,2,0,6,1,4,6,1,2,7,1,2,6,1,4,1,0,0,5,1,0,5,1,0,8,1,0,6,1,1,2,2,1,7,1,0,8,0,1,5,2,1,4,1,1,4,1,0,2,0,1,5,1,1,2,1,4,8,0,1,2,1,0,4,0,2,6,2,1,10,1,0,5,1,1,8,1,1,8,1,0,5,0,1,11,0,1,4,2,0,5,0,1,5,0,1,4,0,0,4,2,1,4,1,4,4,1,1
"MT-Gene20",4,2,0,0,0,0,2,0,1,6,1,1,7,0,3,6,0,1,3,1,2,4,0,0,7,1,2,3,2,0,2,1,0,5,0,1,5,1,0,5,1,0,7,0,1,3,2,1,7,2,0,8,1,0,7,3,0,7,0,0,8,1,1,2,0,0,7,3,0,5,0,1,5,0,1,4,0,0,6,1,1,4,0,1,9,2,1,5,3,0,4,0,3,7,0,2,9,0,1,2,1,1,7,1,0,3,3,1,3,0,0,2,0,1,4,1,2,6,1,0,2,0,1,2,1,2,5,2,0,5,2,0,4,1,3,3,1,0,2,1,1,5,0,0,6,2,2,5,1,2,4,0,0,8,1,0,5,2,1,2,1,0,7,1,1,4,1,1,5,0,0,2,1,2,5,0,2,4,1,1,5,1,1,7,2,2,8,2,6,2,4,1,2,2,1,6,0,0,11,0,1,4,0,1,2,0,2,6,1,4,5,1,0,8,1,0,5,1,2,10,0,1,8,0,1,5,1,2,7,0,1,8,0,0,7,2,2,5,1,0,14,2,0,7,1,1,11,2,0,2,1,0,2,4,1,11,1,0,6,4,1,5,1,2,7,1,2,12,5,4,0,0,2,6,4,0,4,0,0,6,1,1,7,0,0,7,0,1,1,0,2,5,0,0,6,0,0,8,0,2
"Gene21",5,0,1,4,5,2,8,0,0,8,3,0,5,0,1,3,3,0,4,0,0,9,1,1,7,0,1,2,1,1,3,1,1,3,2,3,4,1,0,3,1,3,3,1,0,4,3,3,2,0,1,4,2,2,5,1,1,7,3,0,7,1,2,2,3,2,5,1,0,4,1,1,2,1,1,6,0,1,4,2,2,3,0,2,3,0,0,5,1,0,6,0,0,7,0,0,8,1,2,7,1,2,2,2,0,5,1,1,0,0,1,6,0,1,2,1,2,4,1,2,2,0,0,3,2,2,2,3,1,1,1,2,10,1,0,8,2,0,3,0,1,5,3,2,4,2,1,1,1,0,5,1,0,5,2,0,4,0,2,1,1,1,10,2,0,2,0,0,5,1,0,2,0,2,4,5,1,4,2,4,4,0,2,5,5,1,5,2,0,5,1,1,11,0,1,13,0,4,2,1,0,6,1,1,4,0,0,5,1,2,6,0,0,12,4,0,2,0,2,7,1,1,12,1,0,10,2,1,7,0,0,8,2,0,7,0,1,4,1,0,4,0,0,5,0,0,6,1,0,1,1,0,7,0,4,5,1,0,10,0,0,2,0,1,5,0,0,6,1,2,5,1,4,11,1,1,12,2,0,4,1,1,5,0,0,5,0,1,6,1,4,7,0,0,7,2,1,12,0,0
"Gene22",3,0,2,5,1,1,4,1,2,5,3,1,4,1,2,10,3,0,7,0,1,4,2,0,2,0,0,4,0,1,4,3,0,6,0,0,3,0,0,4,0,0,7,1,5,9,1,0,0,0,0,6,0,2,6,0,0,4,1,0,8,1,1,12,0,4,6,3,1,5,0,2,4,2,2,5,0,3,4,1,0,4,0,1,5,3,2,7,2,2,7,1,0,2,1,1,6,0,2,5,2,1,4,0,0,12,1,1,0,0,2,5,4,1,5,0,1,10,0,1,5,0,0,2,1,1,4,1,2,6,1,0,7,2,1,7,0,1,7,0,0,2,1,1,7,1,0,5,0,2,5,0,0,4,2,1,8,0,0,7,1,2,2,4,0,5,2,0,7,1,0,4,0,1,5,1,1,4,2,1,8,0,1,10,2,4,8,1,4,6,2,2,2,0,1,7,1,1,8,0,4,6,0,0,7,0,0,4,0,1,4,0,2,5,1,0,4,1,1,4,0,0,6,1,1,10,1,0,8,0,1,7,0,1,2,4,2,6,4,2,6,0,0,10,2,2,6,1,0,5,1,0,6,0,2,5,1,5,5,0,1,4,1,0,7,1,1,5,4,0,6,2,2,6,1,0,5,0,0,7,2,1,4,0,0,6,2,0,2,1,0,5,0,1,1,6,0,5,1,0
"Gene23",5,0,1,4,5,2,6,0,2,4,1,1,4,1,1,7,3,4,4,2,2,4,0,2,7,2,2,3,1,1,4,1,1,1,0,1,4,1,0,4,1,0,2,0,0,3,2,0,2,2,1,5,2,1,7,0,1,12,2,0,1,0,1,4,1,0,6,0,1,6,2,2,5,0,4,8,2,0,8,1,2,5,1,3,10,1,1,8,0,2,9,0,0,7,2,0,5,1,0,4,2,2,2,0,1,4,1,2,4,2,0,2,1,0,2,2,1,3,2,1,6,2,0,3,0,1,10,3,3,3,1,0,7,0,0,7,2,5,6,2,0,5,0,1,3,0,1,7,2,0,4,0,4,6,2,0,4,0,0,6,0,0,7,0,0,5,4,0,11,1,1,8,2,1,4,0,0,7,0,1,2,1,0,1,1,1,5,4,4,4,1,0,12,1,2,7,0,1,5,2,1,10,2,0,7,1,1,4,4,0,10,1,1,10,0,1,11,2,0,7,0,0,5,1,0,2,0,0,1,1,2,10,1,4,5,0,1,17,0,2,4,0,0,6,0,0,7,1,0,11,0,0,10,1,2,6,1,1,2,2,0,6,1,0,6,0,0,2,2,1,6,2,0,5,0,2,11,2,0,1,0,1,2,1,1,6,0,0,7,1,0,7,2,2,5,1,0,5,0,4
"Gene24",9,0,1,4,0,0,5,1,1,6,1,2,5,1,0,4,2,1,4,0,2,7,0,0,5,2,1,6,0,2,7,1,4,1,3,1,5,1,1,3,0,0,7,1,1,2,2,0,5,1,3,4,1,4,6,2,0,6,0,2,3,0,0,2,0,1,2,2,2,6,1,2,7,1,0,5,1,0,4,2,0,6,1,0,6,1,2,2,2,0,8,1,0,3,3,0,6,2,2,8,0,0,6,1,3,2,1,0,6,1,3,5,2,3,11,1,0,4,0,2,5,1,0,1,1,0,5,0,1,6,3,1,6,0,1,3,1,0,2,0,3,5,0,2,9,3,0,2,1,1,2,2,2,11,2,2,8,1,0,6,1,4,2,1,1,5,0,4,6,0,2,4,1,1,5,1,1,8,4,1,6,2,0,6,5,2,7,2,1,10,2,1,5,1,0,5,0,0,4,0,2,6,1,0,1,0,0,4,1,1,2,0,1,5,2,1,6,0,1,7,0,2,12,2,0,4,2,2,5,1,1,5,0,1,7,2,0,11,0,1,4,2,1,6,1,0,4,2,0,6,0,0,12,2,2,10,0,2,10,1,0,4,0,0,5,1,0,8,0,1,7,1,1,2,1,1,7,0,1,7,1,2,2,2,2,6,1,1,7,0,1,7,0,1,8,1,2,13,2,1
"Gene25",5,1,2,2,0,1,10,1,1,2,1,0,3,1,1,3,0,0,4,1,1,6,0,0,7,1,0,6,1,2,10,1,1,4,3,0,8,2,1,9,2,0,4,0,1,6,1,0,4,0,3,4,1,1,4,0,1,6,2,1,6,1,1,7,1,2,4,1,0,5,0,1,9,1,0,3,0,2,7,1,0,6,0,1,3,1,0,1,1,1,5,0,1,3,1,0,5,1,1,6,0,1,8,1,0,7,4,1,2,1,3,6,1,1,3,1,0,7,0,0,4,4,2,6,0,0,8,0,0,6,3,1,5,0,2,2,2,1,5,3,0,2,4,1,6,1,0,4,1,1,10,1,1,7,2,0,6,0,0,10,0,2,5,5,0,5,0,4,5,2,0,2,1,0,2,0,1,4,1,1,4,1,4,4,1,0,6,2,4,7,5,1,6,1,0,10,0,4,12,1,0,7,0,2,12,1,0,6,0,0,2,1,2,2,0,2,8,1,0,6,1,0,6,0,0,7,1,1,10,2,1,8,0,0,8,2,0,7,0,2,7,0,1,5,2,0,6,0,4,2,1,1,4,1,2,8,4,2,8,0,0,11,0,2,7,1,1,8,0,2,11,0,0,6,0,0,4,2,1,4,1,1,6,1,0,4,0,0,5,1,2,4,1,1,10,0,4,8,1,0
"Gene26",7,1,0,6,0,3,4,1,2,5,0,2,7,1,3,8,1,0,1,0,1,6,0,0,3,2,1,7,1,1,6,1,0,6,2,1,4,0,0,5,1,2,7,2,1,6,0,2,6,1,0,4,0,1,8,1,0,8,1,1,10,0,0,6,1,4,7,0,0,3,1,0,5,0,2,4,1,0,4,4,1,4,1,1,6,3,2,5,2,0,4,2,1,8,0,0,11,0,1,3,1,1,5,1,1,4,0,1,7,0,1,8,2,2,3,1,6,7,2,0,0,1,0,6,2,2,4,0,0,4,0,1,5,2,0,6,0,1,8,2,1,1,1,0,2,3,0,3,1,2,11,1,4,6,4,1,4,0,0,10,1,1,6,2,1,4,0,1,5,1,2,2,1,0,8,2,5,6,1,0,6,2,1,10,1,0,4,1,0,4,0,0,5,2,1,1,1,0,2,1,2,5,2,0,11,2,0,4,2,0,4,1,0,4,4,2,6,4,1,7,0,0,7,0,0,0,0,0,1,0,1,5,1,0,5,0,2,12,0,1,2,2,4,6,2,2,2,1,0,6,1,5,5,0,0,4,0,0,11,0,0,1,1,0,2,1,2,2,0,2,6,1,1,10,1,4,12,1,1,12,0,1,2,1,2,5,0,4,7,2,2,4,2,0,7,1,1,6,4,4
"Gene27",6,2,1,6,1,1,4,1,2,3,0,1,6,1,1,8,0,0,4,1,1,6,1,0,7,1,3,4,1,0,5,3,3,6,0,0,4,0,2,7,0,2,3,2,1,4,2,2,3,0,3,7,1,0,7,3,3,11,0,2,8,3,1,8,3,0,6,2,0,4,1,0,3,1,0,4,0,1,6,0,0,3,0,1,2,4,1,5,1,2,3,1,0,3,0,2,5,1,2,3,3,0,13,1,0,6,2,2,6,2,1,5,0,0,1,0,0,5,1,3,1,0,0,3,2,0,2,0,0,6,1,0,6,1,0,4,0,0,5,1,3,6,2,1,5,1,2,5,0,2,1,0,0,7,4,2,5,0,2,11,2,0,7,2,2,4,1,0,5,0,0,2,0,1,10,2,0,7,0,0,5,0,1,8,2,1,6,0,2,11,4,2,5,0,0,7,1,1,6,4,1,2,0,0,8,0,1,10,0,0,6,1,0,6,0,2,4,5,2,10,2,1,4,0,2,6,0,1,7,1,4,4,5,1,6,1,1,5,1,2,8,4,4,7,1,2,10,1,0,6,2,1,2,2,0,5,1,0,6,0,0,6,0,4,7,2,1,5,1,4,6,0,0,8,1,0,5,0,0,6,0,1,7,2,4,8,1,1,12,6,0,7,1,2,6,0,2,2,4,1
"Gene28",5,0,1,3,1,0,5,2,1,6,2,1,7,2,1,4,1,0,4,0,1,6,1,4,2,1,1,5,2,2,4,2,0,6,0,1,4,4,5,7,2,1,6,3,1,6,0,1,7,0,0,4,1,1,4,0,4,6,2,0,5,0,0,7,1,1,5,3,1,3,0,1,7,2,1,2,1,1,7,2,1,8,2,2,2,1,0,5,1,0,9,1,1,2,1,0,8,1,1,4,0,1,5,2,2,8,0,1,6,0,1,3,0,1,5,1,0,8,0,0,6,0,0,4,2,0,3,1,0,5,1,1,6,1,3,5,2,1,4,0,0,5,0,1,7,0,0,3,2,4,6,2,4,5,4,0,12,0,0,13,1,2,5,1,0,6,0,2,5,0,1,7,0,1,7,0,0,7,2,0,2,1,2,6,0,1,8,0,5,5,2,1,5,0,2,5,2,2,7,2,1,5,0,1,2,2,1,10,4,2,6,1,0,8,0,2,4,1,0,6,0,0,10,0,0,6,0,1,6,2,1,6,2,4,10,0,0,10,0,0,7,0,0,7,0,1,8,0,1,5,5,0,7,0,2,6,0,0,5,0,1,1,0,0,6,0,2,2,2,2,11,1,6,4,0,1,5,1,1,6,4,1,10,2,1,4,1,0,7,0,1,6,2,1,5,1,1,6,1,1
"Gene29",3,4,0,3,1,1,4,4,1,6,1,0,6,0,0,6,1,2,5,0,0,8,0,1,6,0,0,5,2,0,3,2,1,5,0,0,4,0,1,6,0,1,2,2,1,3,2,1,6,1,1,2,1,0,6,0,0,4,1,2,4,0,1,9,0,0,0,0,1,5,1,3,3,0,0,7,0,0,1,3,3,4,0,2,7,0,2,6,2,2,7,1,2,6,1,1,8,0,0,7,0,0,7,0,1,5,0,0,3,0,1,4,2,0,4,0,2,12,1,2,12,0,0,9,1,1,5,0,0,5,0,1,4,0,2,6,2,0,6,0,1,5,1,0,6,2,0,6,0,0,5,1,2,10,2,0,7,1,2,1,2,0,7,1,1,8,2,1,6,1,0,7,0,0,2,1,5,7,0,0,8,2,0,1,0,1,7,0,2,6,0,1,6,1,1,5,0,1,10,2,0,2,1,1,7,1,0,12,2,4,7,0,1,8,2,1,4,4,2,4,0,2,5,0,0,6,0,0,4,0,1,7,0,0,6,0,0,2,1,0,4,0,2,6,0,2,2,2,1,7,1,1,2,0,1,5,2,1,6,4,1,6,4,1,5,1,0,8,1,4,7,2,1,2,2,0,8,4,0,7,4,2,4,2,0,5,0,1,5,1,2,5,1,0,1,0,0,7,0,4
"Gene30",1,0,1,9,1,3,5,2,1,4,2,2,6,1,1,4,2,2,11,0,0,4,3,1,6,2,1,12,0,1,3,0,2,7,1,0,2,1,1,2,2,1,6,1,0,2,1,0,6,0,1,6,2,2,3,0,0,4,0,1,5,1,2,4,0,2,3,1,0,4,0,2,5,2,0,5,3,3,2,7,2,5,1,3,7,2,1,6,1,1,5,1,0,4,1,0,4,0,0,3,0,1,4,4,0,4,1,1,8,2,2,4,1,0,4,1,0,4,1,0,6,2,1,6,2,2,11,2,1,7,0,4,5,0,1,3,5,2,9,4,2,7,1,2,5,2,0,7,3,4,5,0,1,1,5,1,2,1,1,8,1,0,4,1,0,2,0,0,11,4,1,11,0,2,6,1,1,2,1,2,7,1,1,8,0,1,6,0,1,6,1,1,5,0,1,2,0,4,6,0,0,8,0,0,4,1,0,5,2,4,6,2,2,7,0,0,6,1,1,10,0,1,4,1,0,5,0,1,1,4,0,2,1,0,4,1,4,6,0,1,4,0,1,8,1,2,7,5,1,6,1,0,2,4,0,4,0,0,2,1,2,1,0,2,5,1,4,10,0,0,17,1,1,8,1,0,5,0,1,7,1,1,4,0,0,11,1,0,11,0,1,2,1,0,5,1,0,5,2,1
"Gene31",3,8,0,2,2,2,1,2,2,1,4,1,3,8,2,0,9,0,1,3,1,2,4,1,2,5,0,2,2,0,2,5,1,1,13,1,0,7,3,1,3,1,0,7,1,0,8,2,1,2,0,2,8,2,1,4,0,1,4,2,0,5,2,0,8,2,2,6,1,1,4,1,0,3,1,1,3,0,0,5,3,1,7,0,1,3,2,1,4,1,0,4,0,2,3,4,3,5,1,0,3,1,1,4,3,1,5,1,0,6,1,4,4,0,0,4,1,3,4,1,0,2,0,1,2,1,1,5,1,2,8,2,3,4,2,3,5,3,1,2,0,1,4,1,1,8,4,1,5,3,1,7,2,0,5,2,0,4,0,0,7,1,0,11,1,0,8,2,1,8,0,1,18,1,2,10,0,1,7,1,1,7,2,1,5,4,0,5,1,2,7,0,0,6,2,4,5,2,0,4,1,1,6,1,0,8,1,1,6,2,1,8,0,2,5,0,1,4,4,1,1,0,0,5,0,0,5,4,2,2,0,2,6,0,0,10,1,0,4,0,5,4,0,2,8,1,0,8,1,1,6,1,0,11,0,1,8,1,1,6,2,1,4,4,0,7,2,1,4,1,2,8,2,1,5,1,2,0,0,1,8,0,1,4,1,1,13,0,0,7,1,1,16,1,1,2,0,1,7,1
"Gene32",2,4,1,1,4,1,1,5,1,1,5,1,0,5,1,1,5,1,1,2,1,0,8,1,0,7,2,1,12,1,1,8,1,2,4,1,0,3,4,1,3,1,2,5,2,0,9,4,0,7,1,0,4,0,0,7,2,1,2,0,0,4,1,1,6,0,0,4,2,1,4,2,1,6,2,1,4,0,0,9,2,1,8,1,1,2,2,0,3,1,1,5,2,0,4,2,0,7,0,1,6,1,0,4,0,2,3,0,2,5,1,2,6,0,0,2,0,0,2,0,0,5,1,0,3,2,3,7,1,2,5,0,1,6,1,1,5,2,2,4,1,1,8,1,2,4,0,1,3,0,0,6,0,0,5,1,0,4,2,0,7,6,2,5,0,4,6,2,2,10,2,2,1,0,1,4,4,1,2,1,2,4,0,0,5,2,1,2,1,1,5,0,1,7,2,1,6,0,2,4,2,2,10,2,1,10,1,1,6,1,0,6,0,2,5,1,1,6,4,1,8,0,1,6,2,1,4,0,4,2,5,0,4,1,0,5,0,2,7,0,2,7,0,1,7,0,0,6,2,0,2,0,0,5,0,4,6,0,1,7,0,1,8,1,1,8,0,2,7,2,2,7,2,1,2,5,1,4,2,2,1,0,1,8,1,0,5,2,1,4,1,2,6,1,1,8,5,1,6,0
"Gene33",1,4,1,2,8,1,1,5,0,1,5,1,1,8,2,0,5,1,2,4,0,1,4,2,0,5,1,0,1,1,1,8,0,1,11,1,0,6,4,0,5,1,1,5,1,1,3,0,0,4,0,1,3,0,1,6,0,1,2,3,2,2,3,1,0,1,1,7,2,0,3,0,0,1,1,0,8,2,1,5,1,1,6,1,0,4,1,0,3,0,1,5,0,3,3,2,2,1,0,1,3,0,1,2,1,0,7,0,0,3,0,2,4,0,0,5,0,0,3,1,0,4,0,1,7,0,0,5,1,0,6,0,0,3,0,0,5,2,2,2,0,0,4,1,1,5,2,0,6,0,0,5,1,2,8,0,2,8,2,1,5,0,0,4,0,1,5,1,0,5,4,0,5,0,1,8,0,1,10,4,0,7,2,1,4,1,0,5,4,0,4,1,0,2,0,1,11,2,0,10,0,1,12,0,0,4,0,1,5,4,2,4,0,1,6,1,0,4,4,0,4,2,4,5,0,2,5,0,1,7,2,2,8,1,1,8,0,0,6,0,2,5,1,0,4,2,2,2,1,2,2,1,2,8,0,0,6,2,0,2,0,1,5,0,0,1,1,0,7,1,2,7,0,0,6,1,0,8,0,0,1,4,2,6,1,0,4,2,0,6,1,1,2,1,0,8,1,1,8,0
"Gene34",2,5,0,1,3,1,0,6,1,2,8,3,1,5,1,2,4,2,0,2,2,0,4,1,2,1,1,0,4,1,1,4,2,4,3,0,1,0,0,1,4,0,2,8,1,0,10,2,2,7,0,3,4,1,2,4,0,1,4,1,0,4,2,3,8,2,1,8,1,2,8,1,1,6,2,1,2,1,0,3,2,1,5,2,2,2,2,1,6,1,3,9,0,1,3,0,2,7,3,2,10,0,1,2,3,1,5,2,1,9,2,0,7,0,0,5,2,3,6,3,1,3,2,3,5,1,0,6,0,1,3,1,1,6,2,0,5,1,0,8,2,2,4,2,2,3,1,3,5,1,1,5,0,1,6,2,2,6,0,0,10,4,1,4,2,0,4,0,0,1,1,0,1,0,0,7,0,1,12,0,4,6,1,2,4,5,1,4,1,0,5,1,2,6,0,2,5,2,0,8,2,1,6,1,1,2,2,1,5,1,0,1,1,2,6,0,1,2,0,1,8,2,0,5,2,1,8,0,0,8,0,0,5,2,2,2,4,1,6,2,1,7,1,0,6,0,1,5,0,0,6,4,0,5,0,4,4,1,0,5,1,5,6,0,4,12,1,2,4,1,2,4,2,0,6,0,0,7,1,0,6,1,0,17,0,4,4,0,0,4,1,1,7,1,0,7,0,6,8,1
"Gene35",0,3,1,1,7,3,2,6,1,0,4,2,3,2,1,2,5,1,1,9,0,1,3,1,1,6,1,1,8,1,0,3,2,1,1,1,0,6,1,1,9,2,2,7,2,0,2,1,1,4,0,1,4,1,1,2,4,2,6,2,2,10,0,3,1,1,1,5,1,1,7,1,0,7,0,1,3,2,2,4,1,0,6,1,1,3,1,1,8,1,2,6,2,0,4,2,0,4,0,1,3,1,1,1,1,0,1,0,1,4,1,1,3,2,1,4,3,0,2,1,1,3,0,0,3,1,1,8,0,1,5,1,0,8,0,0,6,0,1,8,2,1,5,1,0,4,2,1,4,1,4,6,1,0,7,1,0,7,0,0,8,1,0,5,0,0,2,0,1,4,1,0,6,1,0,12,1,0,5,0,2,6,0,1,6,0,4,5,2,2,5,1,2,2,1,0,5,2,1,7,1,1,7,0,0,6,1,0,5,0,1,6,1,1,6,0,1,5,2,1,4,0,1,12,5,1,6,1,1,5,0,0,6,0,0,5,0,1,2,0,1,5,1,2,2,1,1,4,1,1,8,2,2,8,0,0,5,0,1,5,2,2,11,4,1,7,0,0,5,4,1,8,0,1,6,1,2,6,0,2,5,0,1,5,0,4,6,2,1,12,0,0,13,1,2,6,0,1,10,0
"Gene36",1,8,1,0,9,0,1,1,3,1,8,3,1,4,1,1,9,1,0,4,1,1,4,0,1,7,0,2,3,1,0,6,1,0,5,0,0,4,1,3,7,1,2,2,0,2,6,0,1,2,0,2,6,3,1,6,0,1,6,0,0,4,1,1,3,0,0,4,0,1,7,1,0,6,1,0,6,0,2,7,1,2,5,1,1,5,0,0,6,1,1,3,1,1,9,2,0,8,1,0,6,0,0,2,3,2,7,3,0,4,0,0,5,0,1,1,1,1,10,1,1,3,2,0,4,0,1,2,0,1,4,3,5,4,0,2,4,0,1,2,0,1,4,1,1,6,0,1,5,1,2,2,0,1,2,0,1,5,4,2,6,1,0,7,2,0,6,1,2,4,1,0,6,0,0,4,0,1,12,0,1,5,0,0,6,1,1,5,1,0,5,1,1,8,1,0,7,4,2,5,1,1,10,1,2,4,0,1,8,0,1,5,2,1,5,1,0,4,0,1,2,1,2,10,0,0,5,2,0,1,1,0,8,0,0,6,0,0,2,0,4,6,0,0,5,2,2,2,2,1,4,2,2,5,0,0,6,1,0,12,1,0,7,2,0,7,0,1,6,4,0,10,1,0,4,1,0,7,1,1,8,2,2,4,0,1,7,1,1,7,2,2,5,4,0,8,1,4,7,0
"Gene37",2,1,0,1,6,1,1,3,0,0,6,1,1,0,0,1,5,2,2,4,3,1,7,1,0,7,3,1,4,1,0,6,2,2,1,0,0,6,1,0,4,1,2,3,2,2,3,0,0,7,0,1,3,0,1,8,1,2,3,0,1,5,1,1,11,1,3,4,1,0,4,1,1,5,0,1,11,1,0,6,0,4,4,2,2,5,0,1,5,0,1,6,1,0,3,1,2,8,2,1,5,1,0,2,1,2,9,1,0,3,1,0,5,0,1,6,3,1,5,0,0,6,0,0,4,0,2,2,0,0,6,2,0,5,1,0,7,1,1,5,1,1,5,0,0,8,2,1,5,0,2,8,1,0,11,0,4,6,0,4,7,2,1,5,0,1,4,0,0,7,4,2,5,0,0,6,1,1,6,0,1,10,1,0,10,1,1,5,2,1,5,1,2,8,1,1,4,1,2,7,1,4,13,0,0,6,0,2,2,0,0,5,0,0,2,2,1,4,1,1,5,1,0,5,2,1,6,5,1,4,2,2,4,1,0,6,1,1,10,1,0,10,1,0,4,0,1,5,0,0,7,0,0,8,2,4,10,1,0,11,0,0,5,1,0,6,1,0,6,0,0,6,2,2,6,1,0,6,0,1,1,0,1,7,1,1,7,0,1,4,1,1,2,2,4,6,1,2,8,4
"Gene38",0,7,1,0,8,2,0,6,2,0,7,1,0,10,1,1,5,2,1,5,1,0,2,0,0,1,2,3,5,0,1,3,0,1,5,0,2,6,0,1,11,1,1,4,0,0,2,0,1,5,1,0,3,0,1,3,2,0,5,2,1,5,1,0,2,0,0,8,1,0,4,1,2,5,0,1,3,2,2,4,1,3,3,0,1,4,0,2,5,3,1,5,2,1,7,0,0,4,1,0,8,2,4,4,1,2,9,0,0,2,2,1,2,2,1,7,0,0,1,2,1,8,0,1,8,2,0,3,1,0,1,0,0,3,1,0,6,0,0,8,1,1,4,2,0,3,0,1,5,4,2,6,1,0,7,0,1,6,0,0,12,0,1,6,2,0,7,2,2,4,1,0,10,1,2,5,0,2,8,0,0,11,1,0,7,0,1,8,0,2,8,0,0,2,2,0,1,1,1,2,1,0,4,1,1,6,1,1,6,0,2,1,1,0,5,4,0,7,0,0,6,2,1,4,1,1,5,2,0,5,0,1,4,0,1,6,2,0,7,1,2,7,4,1,4,0,1,6,0,0,7,0,1,2,0,0,6,2,4,8,1,1,2,1,1,5,0,0,8,1,0,8,4,0,4,2,2,11,2,4,4,1,1,4,4,1,10,0,1,11,4,1,7,0,1,2,0,1,6,0
"Gene39",0,3,1,3,7,2,0,4,2,1,8,3,0,7,1,0,3,0,0,8,0,0,6,1,1,4,0,0,7,1,0,7,2,0,4,0,1,2,2,0,6,1,2,7,1,1,7,0,1,2,2,0,9,1,2,6,2,1,4,0,1,3,1,1,3,1,1,1,1,1,6,1,0,8,3,2,6,1,1,5,0,1,0,1,2,6,0,0,5,1,0,3,0,0,1,3,0,6,1,1,8,0,1,5,1,5,2,0,0,6,3,0,2,1,1,3,5,1,5,2,1,8,1,1,6,2,0,5,2,0,4,1,2,3,1,0,10,1,1,3,0,1,3,1,2,4,0,1,2,1,0,4,1,1,11,2,0,6,0,2,7,2,0,4,0,5,6,0,1,6,1,0,6,0,0,5,1,4,10,0,1,4,1,0,5,0,0,10,0,1,6,2,1,7,2,1,5,2,2,11,0,4,2,2,0,4,0,0,5,1,2,4,1,1,7,0,2,10,0,0,4,0,0,4,2,2,6,0,1,5,0,1,12,1,0,8,1,0,8,0,0,7,2,2,5,1,1,4,2,1,5,2,0,4,1,1,4,2,1,11,2,0,5,0,4,7,1,1,7,0,1,11,4,0,1,0,1,1,0,0,11,0,2,6,2,1,4,0,0,6,0,0,7,1,0,7,1,2,6,0
"Gene40",0,5,1,1,6,2,2,4,1,2,6,1,2,3,2,0,7,1,1,6,0,0,3,4,2,4,0,0,6,1,1,4,1,0,7,3,1,1,1,0,5,1,3,1,1,0,5,2,0,7,2,3,5,1,1,6,1,3,6,0,1,8,2,3,3,1,2,0,1,1,2,0,2,5,1,3,6,0,1,7,0,0,8,0,1,4,4,0,5,0,1,6,0,2,5,3,2,3,1,0,5,4,1,2,0,0,3,0,0,6,2,0,6,2,1,3,1,1,6,2,2,0,2,0,2,1,1,8,4,0,4,0,3,7,0,0,7,0,1,7,0,0,8,0,4,2,0,0,8,0,0,7,1,2,8,0,0,10,1,1,8,1,0,4,1,0,4,1,1,7,2,0,5,0,1,4,5,0,4,0,0,6,2,1,8,0,2,8,2,1,7,0,1,8,2,1,5,0,5,4,0,1,6,0,2,7,1,0,4,0,2,5,1,2,6,0,2,6,0,0,5,0,1,6,1,1,4,0,0,5,2,0,7,0,0,6,0,2,8,0,0,2,1,0,8,1,0,6,0,1,6,1,0,10,2,1,8,0,5,4,1,1,10,2,0,6,2,1,6,1,2,4,0,4,1,0,1,6,1,0,8,2,2,8,1,0,5,0,1,6,1,0,7,4,0,4,2,5,6,1
"Gene41",0,8,2,0,4,2,1,1,1,1,3,0,2,7,0,1,7,0,1,7,0,0,2,2,3,8,0,0,7,2,1,9,0,2,8,0,0,6,2,2,4,2,0,9,2,1,6,2,0,4,0,0,5,1,1,5,2,0,5,0,3,2,2,1,5,0,2,6,1,0,1,0,2,6,6,0,3,1,0,4,2,2,3,1,1,9,0,2,1,2,0,4,2,1,10,2,0,6,0,3,3,2,0,5,0,0,2,0,0,6,1,1,5,0,1,5,0,1,5,3,1,9,0,0,2,1,1,8,0,3,8,0,0,5,1,1,5,0,0,7,1,1,8,5,0,7,1,0,2,0,1,8,6,2,5,1,1,12,1,0,6,1,1,7,0,0,5,1,0,4,1,0,7,0,0,10,2,2,6,0,1,7,0,4,7,2,1,7,1,1,14,0,2,10,0,1,4,4,1,7,0,1,5,4,0,6,1,1,4,0,2,4,1,1,10,1,1,13,0,0,5,0,2,2,1,0,6,4,0,7,1,4,7,2,2,7,0,4,4,5,0,11,1,2,6,4,1,10,1,0,7,4,2,6,1,1,5,1,0,5,2,0,7,1,1,8,1,0,7,0,2,4,1,0,8,0,0,4,0,1,5,1,0,4,5,0,4,1,0,10,0,2,6,2,1,7,0,0,8,0
"Gene42",1,5,1,2,5,0,0,5,1,0,9,0,2,5,1,2,11,0,1,3,0,2,9,1,1,6,1,2,3,0,1,4,1,4,5,0,1,7,0,1,3,0,1,6,2,1,5,1,1,5,2,1,9,1,2,2,1,0,3,0,1,2,1,0,3,0,1,7,1,1,6,0,1,2,0,0,2,1,2,9,0,1,5,1,0,5,1,1,6,0,2,6,1,0,5,0,0,6,2,0,10,0,2,2,1,2,7,0,1,6,2,0,3,0,1,5,2,0,7,0,2,5,2,1,4,1,1,9,0,1,8,0,1,3,0,1,4,2,2,1,1,0,3,0,0,6,1,1,4,2,1,4,1,4,7,1,0,8,1,0,4,0,4,7,1,0,6,1,1,10,4,0,11,0,0,6,1,1,7,0,4,5,0,0,6,2,1,7,4,0,6,2,0,7,1,0,10,0,1,4,0,0,8,0,1,5,2,0,5,0,0,7,4,1,7,1,0,5,1,4,7,0,0,5,0,1,4,4,0,6,0,4,11,0,0,7,1,2,6,0,2,2,1,0,8,1,1,5,0,1,4,1,0,2,2,0,4,0,2,7,0,0,6,1,1,6,1,0,5,0,2,5,0,4,5,1,1,4,0,1,6,0,1,8,0,2,8,0,2,4,0,0,2,0,1,10,0,1,8,1
"Gene43",1,9,1,0,3,1,1,6,2,1,15,0,0,7,1,1,2,2,0,6,0,1,9,2,1,3,1,0,2,3,1,5,3,1,8,0,1,7,4,1,10,2,1,5,3,0,11,0,1,5,1,0,4,2,0,4,1,1,5,0,0,7,1,0,1,0,1,4,0,0,6,2,2,7,1,2,0,1,2,1,0,1,5,0,1,2,0,1,9,1,1,5,1,2,8,1,1,4,1,2,5,0,0,5,0,2,1,2,0,6,1,1,5,2,1,4,0,2,3,2,2,5,1,0,6,2,0,3,2,1,6,0,0,5,0,0,6,0,1,4,0,1,2,1,1,1,0,0,4,0,0,10,1,0,2,0,1,2,2,1,6,0,0,6,1,0,2,1,0,5,1,2,5,1,2,2,1,0,6,1,0,8,0,2,2,0,0,8,1,2,8,0,0,1,0,2,2,0,1,5,5,1,11,0,0,0,0,2,6,2,4,2,0,0,6,0,2,8,1,0,4,1,2,1,1,0,4,4,0,6,0,0,6,0,2,5,0,0,6,1,2,5,1,0,5,1,1,7,0,1,7,4,1,1,0,0,10,0,0,10,1,1,5,4,0,0,0,2,6,2,0,7,1,1,10,0,0,4,0,0,8,1,0,6,5,0,7,1,1,4,2,1,8,2,1,2,1,2,6,1
"Gene44",1,4,1,1,6,2,0,8,1,0,2,1,0,10,0,1,1,2,0,5,0,4,5,1,2,4,1,1,2,0,0,7,0,1,6,3,0,6,2,0,7,0,1,4,2,0,4,2,0,5,1,0,4,2,3,4,2,1,8,2,0,5,1,1,9,3,5,3,0,0,9,2,1,7,1,0,3,0,1,4,0,1,8,0,0,6,0,2,1,0,0,8,1,0,4,5,0,1,1,1,8,1,0,5,2,2,7,0,1,3,1,0,4,2,1,3,1,4,5,1,0,6,0,2,6,0,1,3,0,3,6,1,1,2,2,0,4,3,1,9,1,3,4,2,1,6,2,0,5,2,1,5,1,1,2,4,2,6,1,1,2,1,1,6,0,2,1,2,0,4,1,0,2,1,1,14,0,1,8,0,1,4,0,1,8,2,0,7,2,1,6,0,0,6,1,0,7,5,0,4,4,4,0,1,0,4,1,0,5,4,0,4,2,1,6,2,2,6,4,0,4,2,0,6,0,1,7,1,2,6,0,2,2,0,0,2,1,1,4,1,1,11,1,1,8,4,2,7,0,0,4,1,1,8,0,0,10,1,0,4,1,0,7,0,0,5,0,2,4,1,2,10,4,1,6,0,0,1,0,0,5,1,1,0,1,2,2,0,2,6,2,1,5,2,0,6,1,2,6,1
"Gene45",0,5,0,1,6,1,0,8,3,2,2,1,3,4,0,1,4,0,1,7,0,2,4,0,1,4,1,1,7,0,2,7,0,1,9,3,2,2,1,0,5,1,0,3,1,2,5,1,2,3,1,0,4,0,1,5,0,2,8,2,1,6,1,2,4,0,1,7,0,3,2,3,1,6,1,2,2,0,0,4,0,2,3,0,0,4,0,1,6,1,2,6,1,0,7,0,1,3,1,1,4,0,1,4,0,0,8,0,1,2,1,1,3,3,0,6,2,0,7,1,1,3,0,0,6,0,1,6,0,1,3,2,1,4,1,0,4,2,2,7,2,1,4,2,0,7,1,4,5,0,1,6,1,2,8,0,1,6,0,0,8,4,4,7,4,0,7,0,1,2,0,0,7,0,1,2,0,2,6,2,4,4,1,1,10,1,4,11,2,0,5,1,4,10,1,2,4,0,0,2,1,0,8,0,0,7,1,0,6,1,0,4,4,2,8,2,2,4,0,0,2,0,0,4,4,0,8,1,1,6,0,0,4,2,1,2,1,2,13,0,1,7,0,1,6,0,1,8,2,0,4,0,4,4,1,2,4,0,0,11,0,1,6,1,2,6,4,0,4,1,0,1,1,2,5,1,1,7,0,1,8,1,0,8,1,1,6,4,0,4,1,1,5,5,0,1,2,1,4,2
"Gene46",0,9,0,0,4,2,1,4,0,1,4,0,1,6,1,1,3,2,0,1,0,1,4,2,2,6,2,1,8,2,1,6,0,1,4,0,3,5,0,1,5,0,2,5,0,0,8,2,0,7,3,1,4,3,0,12,1,0,3,1,1,2,2,0,8,2,1,5,1,1,4,3,1,10,0,0,5,0,0,3,1,0,4,2,1,6,1,1,5,1,0,6,0,0,6,0,3,4,2,1,4,1,0,3,2,0,3,0,0,6,1,1,4,0,1,2,2,2,4,1,1,8,0,1,4,2,1,3,1,1,5,1,1,5,2,1,7,2,2,3,1,2,7,0,1,3,0,1,6,0,0,13,1,1,6,1,2,1,1,2,7,1,0,7,5,1,8,2,0,6,0,0,5,0,1,2,1,0,4,0,0,12,4,0,8,0,0,5,1,1,7,0,1,6,2,1,4,2,1,2,1,1,8,0,0,2,1,2,6,0,1,8,0,1,8,0,2,6,2,2,6,4,1,5,1,0,5,0,2,8,4,1,5,1,0,7,2,0,4,1,4,5,1,1,6,1,1,4,0,1,6,4,2,6,1,1,6,4,0,12,2,1,6,1,0,6,1,0,4,4,0,5,1,1,12,1,0,5,1,2,7,2,1,7,0,2,7,0,1,5,4,2,6,1,1,12,2,2,6,2
"Gene47",0,4,1,0,4,1,1,4,1,0,5,2,1,1,2,0,3,0,0,6,0,2,3,0,1,6,5,2,4,1,0,4,3,0,6,3,2,3,1,0,5,3,1,5,1,1,8,2,0,6,2,3,6,0,2,4,1,2,7,1,3,7,1,0,5,2,1,6,0,0,3,1,1,3,1,2,7,3,1,7,0,2,0,2,0,3,0,3,1,1,2,6,0,1,4,0,3,3,0,0,3,0,0,4,0,0,7,2,1,13,0,4,2,0,0,7,0,1,5,2,1,9,1,1,2,0,0,3,2,3,8,1,0,8,0,2,5,0,2,3,1,1,1,0,0,6,2,0,6,1,1,5,2,1,6,1,1,8,1,1,2,1,0,7,1,0,7,2,0,6,1,0,7,2,0,6,0,1,4,4,0,14,0,1,4,2,1,12,0,1,8,0,2,10,1,1,7,0,0,8,4,0,7,1,1,2,2,1,6,5,0,4,1,1,8,0,4,7,1,4,7,1,0,4,2,5,4,0,1,7,0,0,5,0,1,7,2,2,6,2,0,5,1,1,8,1,0,6,2,0,2,1,1,8,1,1,6,0,2,4,2,0,5,0,0,7,1,1,6,0,0,5,1,1,12,0,0,4,2,0,5,1,2,7,2,0,11,0,2,1,1,0,5,2,0,6,1,2,7,4
"Gene48",1,6,0,1,4,3,1,6,0,1,5,0,0,5,1,0,3,0,0,6,2,1,5,0,3,7,1,1,6,2,2,7,1,0,6,2,0,8,0,1,5,1,0,5,1,0,3,3,2,2,0,3,6,1,0,7,0,1,9,1,1,7,2,1,3,0,0,7,1,1,0,1,4,1,2,1,4,0,3,7,1,0,10,1,0,5,0,3,7,2,0,6,0,2,2,0,0,10,3,2,4,0,2,7,4,2,9,0,0,2,0,1,5,0,3,4,0,1,8,2,3,3,2,0,3,0,3,3,1,1,5,2,0,3,1,1,10,2,1,5,0,2,4,0,1,4,1,1,4,1,1,4,0,0,5,0,1,7,2,0,10,0,2,8,1,0,8,1,0,7,2,2,12,0,0,2,1,0,6,1,2,6,0,1,7,1,4,6,0,1,6,1,0,6,1,1,2,1,1,2,1,0,11,2,0,5,0,0,4,0,1,4,0,0,5,1,0,6,0,1,6,1,2,5,2,2,5,2,0,1,2,0,4,0,1,10,1,0,8,2,2,12,4,1,2,1,1,4,1,1,4,1,0,11,0,0,7,1,1,8,5,0,8,4,1,6,2,2,5,0,1,6,4,0,4,0,1,7,1,0,4,0,1,4,2,0,7,2,1,8,4,4,4,2,0,5,0,2,7,0
"Gene49",0,7,2,1,3,1,1,2,0,2,2,0,0,4,0,1,5,2,1,6,1,0,10,2,0,5,0,1,8,0,2,3,1,1,6,0,3,6,2,1,4,0,2,5,1,2,7,2,2,4,2,2,2,2,1,3,2,1,5,2,0,8,1,2,6,0,1,3,2,2,3,2,1,5,1,1,5,2,3,7,2,3,3,1,1,2,1,1,5,1,2,3,0,2,3,0,2,5,2,0,4,3,0,6,1,0,7,1,1,6,5,0,2,2,0,7,1,0,4,0,1,4,2,1,5,3,1,2,2,1,2,3,1,7,1,0,5,0,2,3,1,1,4,0,0,6,0,1,5,2,1,6,1,0,10,2,1,6,1,0,7,0,0,4,0,2,11,1,1,5,1,0,8,2,0,10,0,1,7,1,0,7,1,0,6,0,0,6,4,0,5,1,0,4,4,1,7,2,1,1,2,0,4,1,0,6,1,0,5,2,1,5,1,1,4,4,0,4,1,2,8,0,1,5,0,2,10,0,0,5,1,5,5,2,1,4,1,1,8,0,2,8,2,1,6,1,4,6,1,1,5,1,0,4,1,2,7,0,2,6,1,0,10,1,4,4,1,1,8,0,1,11,0,1,4,1,0,4,4,6,4,1,1,11,0,1,8,1,1,6,2,1,10,0,2,6,2,4,5,0
"Gene50",2,5,4,3,5,0,2,4,2,0,7,1,0,5,2,1,5,1,0,4,0,2,6,2,2,2,1,0,4,3,0,6,0,2,7,0,1,2,1,0,7,0,2,6,2,1,4,1,1,7,1,1,5,3,2,6,5,0,4,0,1,6,1,0,4,2,0,2,1,1,2,1,0,9,3,1,4,0,2,7,1,1,4,3,2,2,1,2,4,1,2,3,1,1,3,0,1,3,1,1,10,0,1,4,1,0,3,1,1,6,0,0,5,0,0,3,0,4,10,5,1,9,0,1,8,1,1,1,2,2,4,1,1,5,0,0,7,1,0,2,3,0,7,1,1,7,1,1,4,1,2,11,1,1,2,0,1,6,1,0,5,0,1,6,1,2,5,1,2,6,1,1,5,0,1,7,1,1,4,0,0,6,2,0,6,1,2,5,0,1,4,1,0,6,1,2,8,0,0,5,2,2,8,1,2,2,2,1,2,1,1,6,0,1,10,0,2,6,4,0,10,1,1,6,0,1,6,2,1,11,1,0,4,2,1,5,1,0,5,0,4,0,2,0,7,0,0,4,0,2,6,1,2,7,1,2,6,1,1,6,2,1,5,0,0,7,0,1,7,0,2,4,1,1,2,7,1,13,2,1,2,0,1,10,1,1,5,0,0,10,1,1,4,0,0,6,4,2,6,0
"Gene51",0,1,1,3,6,1,1,7,0,0,7,2,0,5,0,0,9,1,5,6,0,0,5,0,2,7,2,0,7,3,1,5,1,0,2,2,0,5,1,1,9,1,0,3,1,0,4,0,3,2,1,0,2,0,2,3,0,1,5,2,0,3,5,2,3,2,0,4,3,0,8,1,2,2,1,0,6,0,1,4,0,0,0,1,2,4,1,0,2,0,2,3,0,0,10,1,3,1,0,1,9,0,2,9,1,1,3,2,0,7,0,1,6,0,2,4,1,3,5,0,2,1,0,0,12,1,0,3,0,7,4,3,2,7,3,3,3,1,1,3,1,1,6,1,1,5,0,2,3,0,2,6,1,1,10,1,1,4,1,1,2,1,1,6,2,0,5,0,1,7,0,1,4,1,1,4,2,1,8,2,0,6,0,1,6,1,4,4,0,0,8,0,1,6,0,1,5,0,2,8,1,1,5,1,0,5,2,0,8,0,5,7,2,0,8,0,1,4,4,1,5,1,1,4,1,1,2,2,1,11,0,0,2,5,0,12,1,6,4,1,1,5,1,0,7,0,1,0,2,4,12,1,1,1,0,0,5,0,1,5,4,1,4,1,0,2,1,0,2,2,1,6,0,2,7,1,1,10,4,1,6,0,0,8,1,2,7,1,0,4,0,4,8,1,2,6,0,1,7,0
"Gene52",1,3,2,0,4,0,0,5,1,2,4,1,1,6,1,0,8,3,0,4,2,3,4,1,1,14,1,3,4,0,0,5,2,2,3,1,1,4,0,1,3,1,1,4,0,2,5,1,1,8,2,1,4,1,1,1,0,0,6,1,0,7,0,1,3,0,0,4,2,1,6,2,1,6,1,0,8,1,0,2,1,0,4,1,1,7,1,0,5,0,1,5,1,0,6,0,1,7,0,1,6,0,3,2,0,0,4,1,0,2,2,0,3,1,1,4,1,4,5,0,2,1,0,0,7,0,1,8,0,0,8,0,1,6,1,0,3,2,0,2,1,0,7,1,0,4,2,0,7,0,1,6,1,1,7,0,1,7,0,5,8,0,1,7,0,2,5,1,1,8,0,2,5,1,1,4,2,1,4,0,1,6,1,2,4,1,1,8,1,2,11,1,0,8,0,2,6,0,0,4,1,2,5,1,1,5,2,0,12,0,1,2,2,1,7,1,0,6,0,1,2,0,1,10,0,0,8,2,1,6,1,0,6,0,1,2,0,0,12,0,0,4,1,0,6,0,0,6,1,2,5,4,0,7,1,1,7,0,4,5,1,0,4,2,1,6,2,2,8,1,0,10,0,1,5,2,1,5,2,1,8,1,0,4,1,0,8,2,1,7,1,1,4,1,5,4,1,0,6,0
"Gene53",2,4,2,1,5,1,3,7,1,0,8,2,0,3,1,1,6,4,3,5,2,3,7,0,1,7,2,1,4,2,2,10,1,1,6,1,1,3,1,0,4,0,2,2,1,0,4,0,2,6,1,1,3,1,0,5,2,1,2,2,1,4,0,0,6,1,1,7,0,2,5,0,3,3,0,1,5,1,0,2,0,4,2,1,2,6,1,2,6,0,1,5,2,0,4,2,2,6,2,0,5,2,1,7,0,0,4,1,1,2,0,0,6,1,0,8,2,2,8,2,0,5,1,1,6,2,3,5,0,2,2,1,3,6,0,2,3,0,2,8,0,0,3,0,0,9,0,0,2,1,0,7,0,1,8,4,2,10,2,0,5,1,1,2,1,1,7,0,0,11,1,0,5,2,1,6,0,2,10,2,0,4,0,0,6,2,0,8,0,0,8,1,0,2,2,1,2,0,1,6,1,2,2,0,0,7,1,2,8,1,2,7,0,0,4,1,2,5,0,0,4,1,2,12,2,2,11,1,1,8,4,1,5,1,0,4,0,1,5,2,0,5,2,0,7,0,4,7,1,5,4,0,1,5,2,0,0,2,4,11,1,1,4,2,1,5,0,1,5,0,0,8,1,1,8,0,6,2,1,1,7,4,1,6,1,2,11,4,0,2,0,2,6,0,1,8,0,1,6,6
"Gene54",0,6,1,1,3,1,0,6,0,0,6,1,0,7,0,1,11,1,0,5,2,1,10,0,0,2,0,2,9,1,1,9,1,0,3,1,2,4,2,2,10,3,2,5,2,2,5,1,1,3,0,0,4,0,0,7,2,2,7,0,2,6,0,0,4,0,1,9,1,0,2,3,0,7,2,0,3,1,1,9,2,1,7,1,1,4,2,2,6,4,0,4,4,0,5,1,4,7,1,0,4,2,2,8,2,0,11,0,3,5,2,1,6,3,0,5,3,1,3,0,2,5,1,0,2,3,1,3,3,2,1,4,2,6,0,0,5,0,4,4,1,0,4,2,1,7,3,1,5,2,1,6,2,2,14,0,5,6,0,1,10,1,0,5,1,1,7,5,2,1,2,0,4,1,0,5,1,2,2,0,0,7,1,0,2,1,0,7,2,1,11,1,0,4,1,2,2,2,0,6,1,0,4,1,1,6,4,0,12,1,0,6,0,1,12,0,2,6,0,1,13,0,2,2,0,1,4,0,0,5,1,1,8,1,0,7,2,2,2,2,0,7,0,0,2,0,0,4,1,1,13,0,0,11,2,2,8,0,0,6,0,2,2,0,0,5,6,1,11,1,0,5,2,0,5,1,2,5,2,1,8,2,2,8,2,1,1,5,1,6,4,2,8,0,0,6,1,0,2,1
"Gene55",1,5,1,1,7,2,0,7,1,1,3,1,0,5,0,0,3,1,2,3,1,0,5,1,0,10,2,0,6,2,0,7,0,1,2,1,0,1,2,0,8,2,0,3,0,1,5,0,2,5,0,1,3,2,1,10,0,0,4,4,0,3,0,3,8,2,0,9,0,0,3,0,0,5,0,0,3,1,2,8,1,1,2,0,0,4,2,1,5,1,3,6,2,1,2,1,0,9,2,3,5,3,0,3,2,0,10,0,2,3,0,1,4,1,1,5,1,3,5,1,1,5,1,1,4,0,0,2,0,0,4,2,0,4,1,1,7,3,2,2,2,0,4,0,0,5,0,1,9,0,1,6,1,1,6,1,2,4,0,2,4,2,0,8,0,1,2,1,0,1,1,2,4,2,1,7,0,2,6,2,0,6,1,1,6,1,2,7,2,0,10,1,1,10,0,1,2,0,0,2,2,1,11,2,4,4,0,0,8,4,0,5,0,4,7,1,1,5,0,4,6,2,2,10,2,0,10,2,0,5,1,2,6,2,1,4,0,5,5,1,1,11,1,0,14,4,0,10,0,1,4,2,0,6,4,0,4,2,0,4,0,0,4,2,0,4,1,1,8,2,2,2,2,0,4,2,1,10,0,0,2,2,0,4,2,2,5,0,1,7,0,1,13,2,1,4,1,2,5,1
"Gene56",0,4,0,0,4,1,2,4,2,0,8,0,0,4,0,0,4,2,2,6,0,1,2,0,2,3,1,1,6,1,1,6,0,1,2,2,2,5,2,2,5,1,1,4,0,1,5,2,0,5,1,2,4,0,4,2,2,0,6,1,0,3,0,3,7,0,0,2,0,0,3,1,0,9,0,0,5,2,0,5,3,1,4,1,1,3,1,1,3,0,2,5,1,1,6,0,3,6,1,0,6,1,2,3,2,0,4,1,1,2,2,0,7,0,2,10,2,4,4,1,2,7,0,0,2,1,0,6,3,3,6,3,1,6,0,0,4,2,0,7,0,0,6,0,2,3,0,2,9,0,1,6,1,0,4,1,1,5,1,0,5,1,1,2,0,1,5,0,0,6,0,2,4,1,1,1,1,0,6,5,1,4,0,1,11,1,1,4,2,0,10,0,1,1,0,1,8,0,1,8,2,1,4,4,2,8,1,1,7,0,0,5,0,0,10,2,1,5,4,2,6,0,1,8,0,1,5,1,0,11,0,0,2,2,0,7,2,0,5,2,1,6,2,0,5,4,1,4,1,0,12,2,0,6,0,0,6,1,0,7,2,0,6,0,0,4,4,0,5,2,0,7,0,2,5,1,1,8,0,1,8,2,1,7,0,0,6,2,4,2,2,2,7,0,0,2,0,0,5,0
"Gene57",0,9,1,1,5,1,1,7,3,1,7,1,1,3,0,1,2,0,0,4,2,1,6,1,1,3,0,0,2,0,2,6,1,0,4,2,2,2,0,1,3,1,0,8,1,0,7,0,2,2,1,1,8,2,2,5,0,0,4,2,0,2,1,1,6,1,0,8,1,0,8,0,1,6,2,1,4,0,1,4,2,0,3,0,1,8,0,2,4,0,0,0,1,0,4,0,0,3,0,1,3,1,1,6,0,0,4,0,0,5,1,1,7,1,2,8,3,1,2,0,1,3,3,0,5,0,2,4,0,1,4,0,1,3,1,1,4,1,3,4,0,2,7,2,1,5,1,1,3,0,2,6,1,0,5,2,4,5,0,2,4,1,1,5,1,0,6,0,2,4,0,5,11,2,1,10,0,1,5,1,0,5,1,1,7,1,2,7,0,1,5,2,0,6,0,1,10,1,1,2,1,0,1,1,0,6,0,2,1,0,0,5,4,2,5,2,2,5,1,0,5,0,1,4,1,1,7,1,0,2,4,1,2,2,0,8,0,2,6,5,2,6,2,0,5,1,1,10,0,0,12,4,0,2,2,2,4,4,1,10,0,0,8,0,1,7,1,0,7,1,0,6,1,0,5,2,1,6,0,4,12,0,0,5,1,0,8,1,1,4,0,0,7,2,2,8,1,1,5,0
"Gene58",2,7,0,0,7,0,1,3,0,1,3,2,0,7,0,3,3,2,0,4,0,1,6,0,1,4,1,1,11,1,1,4,0,0,4,2,1,4,0,2,9,0,0,3,1,0,7,2,2,5,3,1,6,4,1,9,0,0,5,1,1,3,1,0,5,1,2,9,0,3,3,0,1,1,0,0,3,2,0,7,1,1,6,0,2,4,1,0,2,3,3,3,2,0,9,1,0,9,2,0,12,3,1,6,1,0,5,3,0,3,2,2,4,0,0,11,0,1,5,0,2,3,4,1,4,0,2,1,1,1,2,1,0,6,1,1,4,1,1,2,1,0,4,1,2,3,0,0,4,2,0,4,0,0,4,4,0,4,2,0,8,1,0,7,0,1,1,1,1,5,2,1,6,1,1,8,0,1,12,4,1,11,0,2,4,1,0,2,1,5,6,0,1,5,0,2,5,2,1,4,0,1,6,0,4,17,4,4,5,1,4,5,1,1,7,2,2,4,1,2,6,2,0,6,0,2,8,1,6,5,0,0,4,1,4,4,0,0,2,0,4,5,0,5,7,1,1,6,2,1,7,1,1,6,0,2,6,1,0,6,0,1,2,5,2,2,4,0,6,0,4,8,0,0,5,1,2,10,1,2,7,1,1,6,4,0,5,1,0,2,2,1,6,1,1,5,2,0,4,1
"Gene59",2,5,0,1,4,1,2,4,0,1,8,0,2,2,2,2,3,0,1,8,0,1,4,0,1,7,1,0,7,1,2,2,0,3,6,1,0,2,0,2,2,1,1,7,0,3,5,0,0,3,0,1,7,0,1,6,1,0,6,0,0,3,0,1,5,0,1,7,2,1,5,2,1,6,1,3,3,0,1,4,0,0,9,0,0,3,1,0,6,1,2,6,0,2,4,1,0,4,1,0,3,2,0,5,1,2,5,1,0,8,0,1,7,2,0,3,0,2,4,1,4,5,0,0,5,0,0,4,1,1,7,1,2,6,1,1,6,1,2,4,3,1,5,1,1,6,4,1,3,2,1,6,0,0,5,2,6,6,1,4,5,0,0,10,0,0,7,1,4,11,1,1,1,2,2,4,2,2,7,0,0,4,0,1,7,4,0,7,1,1,2,0,0,2,4,1,7,4,1,11,2,2,11,2,1,4,1,1,12,4,0,5,0,1,12,1,1,5,0,0,2,1,2,5,1,0,6,0,1,8,0,1,13,1,0,2,0,4,7,1,2,2,2,4,1,0,2,8,0,0,0,0,1,4,1,1,6,1,2,4,1,0,10,4,5,8,1,1,6,1,1,10,0,1,4,1,0,2,0,0,7,1,0,8,2,1,7,0,0,6,0,0,1,1,0,8,0,1,7,1
"Gene60",1,5,1,4,9,0,4,4,1,0,3,0,3,5,0,0,6,1,1,6,0,1,4,0,2,6,1,0,4,1,2,8,0,2,7,1,0,4,0,0,8,3,0,0,2,1,4,1,2,7,1,2,6,0,3,8,0,1,10,0,1,6,1,2,6,2,0,5,2,1,5,2,1,3,3,0,3,1,1,6,1,2,6,3,0,3,1,1,7,1,0,7,2,2,7,1,0,7,2,0,3,3,0,5,0,1,7,1,0,5,0,0,3,2,3,6,0,2,10,2,2,3,0,1,6,3,0,3,1,0,9,1,0,9,0,2,2,0,1,3,1,0,7,4,0,3,2,0,5,1,0,7,1,0,4,1,1,7,0,2,6,1,0,5,2,1,16,0,0,2,0,0,8,1,0,4,1,1,4,0,0,5,1,0,5,1,1,10,1,0,6,1,0,10,2,0,7,0,1,5,0,1,7,1,0,6,1,2,10,1,0,6,1,0,5,1,0,7,2,0,7,2,2,4,4,1,5,2,1,5,1,1,11,1,0,1,1,1,6,1,0,7,2,2,10,1,1,10,0,1,2,4,0,1,1,0,2,1,1,11,1,2,5,1,1,6,1,1,7,0,2,5,1,1,5,0,4,4,1,1,1,1,0,6,2,2,10,0,1,5,0,4,10,0,1,8,0,0,6,0
"Gene61",1,0,8,2,0,4,3,1,4,0,0,6,0,0,9,0,0,3,1,0,9,0,2,7,1,2,5,1,0,5,2,1,6,4,0,4,1,0,5,0,1,4,3,1,5,3,1,4,0,1,5,2,2,9,1,2,6,1,1,4,0,0,3,0,4,6,0,1,2,0,1,8,0,1,5,0,3,1,0,2,12,0,0,5,1,0,4,0,0,7,0,0,3,1,1,6,1,1,7,1,1,7,1,0,9,2,5,5,0,2,6,1,0,8,2,1,6,0,1,5,1,1,8,2,0,3,0,1,5,0,1,2,2,0,7,0,2,9,1,2,2,0,2,2,1,1,2,3,0,6,0,0,4,4,2,6,1,1,5,0,1,5,4,0,10,2,1,10,1,1,5,0,1,8,1,1,7,0,0,6,1,2,8,2,0,12,0,1,4,1,0,5,1,5,7,1,0,12,1,2,6,1,1,4,1,0,12,1,0,10,2,1,5,1,1,7,1,0,7,0,1,10,2,0,7,2,0,4,0,0,4,1,2,13,0,1,7,0,0,1,0,1,6,0,0,4,1,0,6,0,0,5,4,1,7,1,1,6,1,1,7,2,2,7,1,0,5,4,0,7,2,0,5,4,1,7,0,1,10,0,1,7,0,1,6,2,0,8,0,0,8,2,2,6,1,1,6,0,1,5
"Gene62",0,3,8,0,2,5,0,1,3,1,2,8,3,0,4,0,0,2,1,0,7,1,0,5,1,1,4,0,2,4,0,2,6,1,0,4,1,1,3,0,1,6,0,2,8,3,6,8,1,0,2,3,1,0,0,0,13,0,0,5,2,1,2,2,0,4,2,1,6,3,1,5,1,1,4,0,0,7,0,0,4,1,0,3,0,0,9,1,0,6,2,1,5,0,1,4,4,1,6,1,0,6,2,0,6,0,1,6,0,2,8,2,1,8,0,2,4,0,1,5,2,1,2,0,2,3,4,0,8,0,0,6,1,0,6,0,0,4,0,1,5,2,0,5,2,2,3,2,2,3,1,5,4,1,2,7,2,2,6,0,0,5,0,1,6,0,2,5,0,1,5,0,1,7,0,2,6,2,1,10,1,0,10,0,4,5,0,1,6,1,0,6,0,1,8,1,1,6,1,2,17,1,2,12,0,0,10,0,0,5,0,1,6,1,0,7,0,1,2,1,0,7,0,1,5,1,1,4,0,1,7,1,1,4,0,1,7,1,1,6,0,1,1,1,2,6,2,0,5,2,2,6,0,1,12,1,2,7,2,2,4,4,1,7,0,1,7,1,2,5,0,0,2,0,1,6,0,2,8,0,0,2,1,1,5,1,0,7,1,2,6,0,5,1,0,2,7,0,1,6
"Gene63",1,2,6,2,1,3,1,0,5,1,1,4,0,0,2,0,1,5,0,0,3,0,0,6,1,2,6,1,1,5,1,1,11,2,2,9,0,1,5,2,0,1,0,2,5,0,1,5,3,1,8,1,1,1,1,0,8,1,2,13,0,3,7,1,1,4,0,1,2,1,1,4,0,1,3,1,3,3,0,1,4,1,1,8,1,1,4,0,1,3,4,0,5,1,1,5,1,2,5,5,0,4,0,1,3,2,1,6,0,3,6,1,2,5,1,0,3,1,2,3,2,0,5,0,0,9,2,2,7,0,1,7,2,2,7,0,1,6,0,2,4,2,1,4,2,0,7,1,2,7,0,0,7,4,1,4,0,1,11,4,0,4,2,0,2,0,2,6,1,0,5,2,0,8,0,0,12,1,0,5,0,1,10,0,1,10,1,2,7,1,2,6,2,1,2,0,1,8,4,1,4,1,4,11,2,1,7,0,0,4,0,1,6,1,1,6,0,1,12,0,2,7,0,0,1,1,2,4,1,1,11,0,1,10,2,0,6,0,1,4,1,0,5,0,0,5,0,1,6,0,1,7,2,2,7,0,0,0,2,2,6,0,0,6,2,1,5,1,0,0,0,2,4,2,1,5,0,1,7,2,4,4,1,1,6,0,6,4,2,0,4,2,4,2,2,1,6,0,0,4
"Gene64",0,0,3,0,2,4,0,1,3,0,0,6,2,0,12,3,0,2,1,1,4,0,0,5,1,2,2,0,2,6,2,1,7,0,1,7,1,1,6,2,1,3,2,2,3,1,1,4,0,3,3,2,0,9,1,1,8,0,4,8,1,1,6,0,0,6,0,1,8,1,1,5,0,0,7,1,1,6,0,1,4,1,0,3,1,1,6,1,0,5,2,1,5,0,0,4,2,2,7,0,0,4,0,0,6,1,2,4,2,0,5,2,0,5,2,1,4,0,1,2,1,0,9,0,1,4,0,2,4,1,0,6,1,1,3,6,2,5,1,0,2,2,3,5,2,0,9,1,1,6,0,2,5,1,0,7,0,2,7,1,2,2,4,1,11,1,2,6,0,1,4,2,1,5,0,1,8,0,1,2,1,1,7,5,0,8,1,2,8,0,1,10,0,0,2,0,1,10,2,1,1,0,0,4,0,2,5,1,1,5,0,2,5,2,1,6,1,2,4,1,0,5,4,2,2,0,2,10,0,0,8,0,1,5,1,0,2,0,0,4,2,5,7,1,0,5,0,1,6,1,0,2,1,1,6,0,6,4,1,4,5,1,0,10,1,1,6,2,2,12,0,2,6,0,2,7,4,0,2,1,1,5,2,0,4,0,1,0,4,0,2,2,0,8,1,1,8,2,1,7
"Gene65",2,1,4,1,0,3,1,1,3,0,0,4,0,0,5,0,0,5,1,0,3,0,1,7,3,0,4,1,1,4,0,1,5,0,0,5,1,0,5,2,0,2,0,0,5,1,2,6,0,2,6,1,1,4,2,0,2,2,1,7,1,2,6,0,2,6,1,0,7,1,3,7,1,1,3,5,1,6,0,1,7,1,1,7,2,1,6,1,0,2,0,2,5,2,1,7,2,0,5,1,0,4,1,2,6,2,1,8,1,1,4,1,1,1,1,2,6,0,0,6,0,2,5,1,0,6,2,2,3,2,0,4,0,3,6,0,1,4,0,1,7,2,1,4,0,2,6,1,2,1,1,0,8,0,2,8,1,0,5,4,1,6,1,4,5,0,0,10,4,1,6,1,1,7,2,0,6,1,1,8,0,1,5,1,1,5,1,0,2,0,2,2,5,1,5,1,2,2,1,0,4,1,2,10,0,0,5,0,2,10,0,0,7,0,0,6,0,0,6,0,0,4,1,2,7,0,1,4,0,1,6,2,0,6,1,5,4,0,1,8,1,1,12,2,2,8,0,2,6,4,1,10,0,1,7,0,0,5,0,4,12,0,1,5,1,2,5,1,2,1,2,2,7,2,2,6,1,0,6,1,0,2,0,0,8,1,0,5,1,0,4,0,1,6,2,1,2,1,2,10
"Gene66",1,1,3,0,0,4,2,3,8,2,2,3,0,0,4,0,1,4,0,0,3,1,0,5,0,0,7,1,4,4,0,1,8,1,2,6,0,2,4,1,1,6,0,0,5,2,2,5,1,0,6,0,2,5,0,1,9,1,1,2,1,2,1,1,1,0,0,0,6,0,1,5,0,0,5,0,1,10,3,1,6,1,0,2,0,1,10,0,2,8,5,1,4,1,0,6,1,0,2,1,0,1,0,0,3,0,0,6,1,0,5,1,1,3,4,2,7,0,0,7,0,2,8,1,2,8,3,1,5,2,0,2,2,0,6,2,2,7,0,1,8,1,1,5,1,1,3,3,0,5,2,0,6,1,1,10,0,1,7,0,1,8,1,1,6,2,1,7,0,1,6,1,1,2,2,4,10,1,1,4,2,1,5,1,1,8,2,1,7,2,0,5,1,1,6,0,1,5,1,1,5,1,1,7,1,2,5,1,1,6,0,1,8,1,0,8,0,2,5,4,0,8,1,1,7,1,1,4,0,0,6,1,4,5,0,0,7,0,1,4,1,0,6,0,2,6,2,2,4,0,0,5,4,0,10,1,2,7,1,0,4,1,1,6,0,1,5,4,1,10,1,1,8,0,0,6,2,0,13,1,1,2,1,0,7,0,2,8,1,0,8,0,4,11,0,2,6,5,1,5
"Gene67",2,1,3,0,0,4,1,0,4,0,0,7,0,0,5,2,0,7,1,3,5,5,0,4,0,1,4,0,1,3,1,1,3,0,0,4,1,1,7,1,5,10,1,1,5,1,0,4,2,0,2,2,1,5,0,1,6,0,1,7,2,1,4,1,0,6,0,1,7,4,0,6,2,1,6,3,2,3,2,2,5,0,1,8,1,0,6,1,0,5,0,0,4,3,0,3,0,1,6,2,2,6,1,1,6,0,0,7,0,0,5,0,1,7,1,0,2,0,2,9,1,0,6,3,1,5,1,0,2,0,2,6,2,0,6,0,1,7,0,0,3,0,2,3,1,3,5,0,2,4,4,1,2,1,0,6,0,2,5,2,0,8,0,2,4,0,2,5,0,2,5,2,0,10,0,0,8,2,1,2,1,4,4,1,1,8,2,0,4,2,0,8,1,1,6,0,4,4,0,0,12,4,0,6,1,0,4,2,0,6,1,1,6,2,0,12,1,2,12,4,0,6,1,1,8,1,2,5,2,1,10,2,1,8,0,0,10,0,0,6,1,1,5,1,1,6,1,0,11,0,1,12,1,1,6,1,1,6,5,0,10,2,1,10,1,1,12,1,1,5,1,1,5,2,1,11,2,1,5,1,0,5,1,0,7,1,1,6,0,2,5,1,1,5,1,1,8,1,0,2
"Gene68",2,2,7,2,0,2,3,3,3,3,1,10,0,1,4,0,0,2,1,0,7,0,1,11,0,2,6,1,1,4,0,1,5,1,0,6,1,0,5,1,0,5,2,1,7,1,0,6,3,1,7,2,1,9,1,3,11,0,3,6,2,0,4,1,0,7,1,1,2,2,1,6,1,3,5,0,0,1,2,1,6,1,0,5,1,1,3,1,2,1,0,0,6,0,0,8,0,2,3,1,0,4,1,0,4,1,1,2,2,2,7,2,2,3,1,2,4,3,1,2,0,2,3,0,1,6,0,3,6,3,0,2,2,1,4,2,0,3,3,1,5,1,0,4,0,2,3,0,1,2,1,2,4,2,0,2,1,0,6,0,1,6,0,4,4,1,1,10,2,1,5,1,2,8,5,0,7,0,1,8,1,1,4,0,1,8,0,4,10,0,0,11,0,0,8,1,1,8,4,1,4,1,1,2,2,0,8,0,0,8,0,2,12,0,0,4,1,0,7,2,2,2,1,1,5,2,0,7,0,0,4,4,1,2,4,0,7,0,2,4,0,1,6,1,1,6,0,1,8,2,5,6,0,0,4,1,1,10,1,1,4,2,1,6,0,2,7,1,4,7,0,2,4,5,1,6,1,2,5,1,0,8,4,1,5,5,4,8,0,0,8,0,1,8,2,1,11,1,0,5
"Gene69",2,1,6,0,2,6,1,1,7,1,1,5,2,0,7,0,0,2,1,0,4,1,2,5,2,1,10,0,1,6,2,1,6,2,1,6,0,4,3,0,0,4,2,2,12,1,1,0,1,1,5,1,1,4,0,0,3,1,1,5,1,0,4,0,3,3,0,0,5,1,2,4,1,1,6,0,0,4,1,1,1,1,0,7,1,3,5,0,1,6,2,0,7,0,1,5,0,1,2,1,1,5,0,0,5,1,1,4,0,0,3,1,2,4,0,1,6,0,1,3,0,0,4,1,0,1,0,1,7,1,1,9,2,0,5,1,1,2,1,0,5,1,1,4,0,1,7,1,3,6,1,2,8,2,0,6,1,1,4,1,2,7,1,4,6,1,0,2,2,4,8,0,2,7,0,1,8,2,2,4,5,1,1,1,0,6,0,1,7,0,2,7,2,4,5,1,2,7,0,2,5,0,1,6,0,0,7,1,1,5,2,4,7,0,0,5,0,1,2,0,0,6,1,2,1,1,1,7,0,0,8,1,1,1,0,2,10,0,0,4,2,0,8,0,1,8,1,2,7,1,2,4,0,4,10,0,2,8,0,1,5,0,2,5,0,0,7,1,1,10,0,1,2,1,2,4,5,1,8,2,1,10,0,0,5,0,2,7,1,2,2,1,5,6,0,4,7,1,2,6
"Gene70",1,2,7,2,3,8,1,2,5,2,1,7,0,1,4,2,0,6,1,3,8,1,0,2,0,1,4,0,0,5,0,0,4,1,1,6,0,4,5,0,0,7,2,0,3,2,1,4,0,2,5,1,2,1,0,1,8,0,1,4,0,0,7,0,0,5,0,2,5,2,0,5,0,0,2,0,0,4,1,5,3,2,0,10,2,3,7,1,0,5,2,1,5,2,2,4,1,3,3,3,0,5,2,1,4,0,1,6,0,1,5,0,1,8,0,1,4,1,1,3,0,1,1,1,1,3,1,0,5,2,1,2,0,1,3,0,2,4,2,1,5,0,1,5,0,1,6,2,0,6,0,0,6,0,4,4,2,2,2,1,1,8,2,4,7,0,1,1,1,0,6,0,1,7,0,2,4,1,1,7,1,1,6,0,0,4,1,0,11,2,0,6,2,1,7,0,4,4,1,5,5,2,1,7,2,4,10,1,4,7,0,5,8,0,2,7,1,0,6,2,0,6,0,0,5,2,1,5,0,1,6,5,4,2,2,1,12,1,1,7,1,5,2,2,1,4,1,6,8,0,1,7,0,0,8,0,1,12,0,1,4,5,5,6,1,1,5,2,2,4,1,2,7,0,2,4,0,1,7,1,1,6,2,1,6,0,4,1,0,2,2,0,1,7,1,1,2,0,0,6
"Gene71",2,1,6,0,0,5,2,2,6,1,1,5,1,3,4,0,0,5,0,0,0,1,0,4,1,0,5,2,1,7,2,2,9,2,0,3,2,2,5,0,1,3,2,1,7,1,0,8,0,0,2,1,1,5,0,0,5,0,2,6,1,0,5,0,1,7,3,0,11,2,2,4,0,0,3,0,1,9,0,1,5,0,2,4,1,1,6,1,0,10,3,0,3,1,2,4,0,0,4,2,1,2,2,1,7,3,0,1,2,0,6,1,1,9,0,0,3,0,2,4,1,0,10,1,0,3,1,0,4,1,0,4,1,1,4,0,0,9,0,0,7,0,0,3,3,0,9,0,2,6,0,0,6,0,2,8,1,0,5,0,0,8,1,0,8,4,0,6,2,1,10,0,2,6,2,0,7,4,0,8,1,0,5,2,1,6,0,1,5,4,2,12,0,0,12,2,0,8,1,4,10,5,2,6,0,2,10,1,2,6,0,0,5,1,0,6,2,1,4,1,1,12,1,0,6,0,1,7,0,1,8,0,0,2,1,0,4,0,2,6,1,1,5,0,2,5,2,0,4,0,2,4,1,1,7,1,1,7,2,1,12,2,4,5,1,0,5,1,0,11,2,0,8,2,1,7,1,1,7,0,1,2,0,2,7,0,0,4,1,2,2,4,1,2,1,0,6,1,1,5
"Gene72",1,2,6,0,2,3,2,1,3,3,1,6,0,1,7,1,0,4,2,2,7,0,0,7,1,0,7,2,0,3,1,0,5,0,0,5,0,1,2,1,0,5,3,1,8,3,1,0,1,3,3,0,0,4,0,0,11,0,2,2,3,0,4,3,1,3,1,2,7,0,2,6,0,3,6,2,0,2,5,1,7,1,0,2,1,2,4,0,1,5,1,4,5,1,1,4,1,1,3,0,1,9,0,2,4,0,2,2,2,3,11,1,0,9,0,1,8,0,0,7,1,2,5,2,2,3,1,0,6,0,0,7,1,0,8,0,2,4,0,0,4,2,1,4,1,3,4,1,3,5,0,1,8,0,4,1,1,1,11,2,1,6,1,2,2,1,4,5,1,1,8,1,4,2,1,0,5,0,1,6,0,2,7,1,2,4,1,2,4,4,1,6,0,1,8,1,1,8,0,2,8,0,0,5,1,2,6,1,0,4,0,1,5,0,0,7,1,2,7,0,0,4,0,0,5,0,2,6,0,1,7,0,0,5,0,1,10,0,0,5,1,0,5,2,0,5,2,0,7,2,0,1,2,1,2,2,0,8,0,1,2,2,0,0,4,2,8,0,2,6,1,2,8,1,1,6,6,1,5,1,1,1,0,1,5,1,1,5,1,2,4,2,2,7,1,0,2,0,1,5
"Gene73",1,1,7,2,1,4,1,1,5,2,1,3,0,3,3,1,2,4,2,0,1,1,3,6,1,1,6,2,2,4,2,2,2,2,0,4,0,2,5,2,0,6,1,0,4,1,2,4,2,0,8,1,2,4,2,1,5,0,0,5,1,2,8,1,0,8,1,1,3,2,1,2,2,2,2,0,1,1,0,0,5,3,3,8,0,0,7,1,1,4,0,1,3,1,2,2,1,0,5,0,1,8,1,3,1,0,3,3,2,0,5,1,1,2,0,1,10,1,0,7,1,0,5,0,2,3,2,1,4,1,3,7,1,2,2,0,0,7,3,0,1,0,0,1,0,0,5,3,0,5,0,1,4,2,0,1,1,2,12,0,1,5,1,1,0,0,0,2,1,2,6,2,0,4,2,1,6,1,4,6,1,1,6,0,0,6,1,0,5,5,4,6,1,1,6,2,5,7,4,2,10,1,4,10,2,0,6,5,0,6,1,0,8,0,1,5,0,1,13,2,1,7,0,2,5,2,0,5,0,0,5,0,1,6,1,1,6,1,0,8,0,1,5,0,0,5,1,2,6,4,0,4,0,2,2,0,0,6,4,2,7,2,2,8,0,1,5,1,2,6,0,1,10,0,0,2,0,1,13,0,2,5,1,1,7,0,2,6,0,1,4,1,1,5,0,2,2,0,0,4
"Gene74",0,1,5,0,1,6,0,4,5,0,2,7,1,2,7,0,1,2,1,4,3,2,2,8,0,0,5,1,2,7,1,0,1,1,0,5,1,0,2,1,0,7,0,0,6,1,1,6,1,1,3,0,1,8,0,0,1,1,0,7,2,2,2,1,0,10,0,0,6,1,0,7,0,0,3,0,2,5,1,1,5,0,2,6,1,1,8,0,2,3,1,1,4,1,0,3,1,1,3,2,0,6,0,0,2,1,3,4,0,3,5,0,1,7,0,2,3,1,0,5,2,2,8,2,2,1,1,0,2,2,0,7,2,0,9,1,1,4,1,1,5,0,1,6,1,2,5,1,1,2,2,0,7,1,0,5,0,2,4,0,2,6,1,0,6,0,0,5,0,5,6,1,0,10,1,4,10,2,0,7,0,2,13,0,1,5,0,2,7,0,1,4,0,0,4,1,4,7,0,0,4,0,1,5,1,2,2,2,1,4,0,1,13,0,1,5,0,1,1,1,0,6,1,1,12,1,1,2,0,2,4,1,4,5,0,2,6,2,0,10,1,0,10,2,1,8,2,0,7,1,0,0,1,1,13,4,0,6,4,1,11,2,0,11,1,0,2,0,4,5,4,1,6,0,2,4,1,0,2,1,0,10,5,2,7,1,1,6,1,0,4,2,0,2,1,1,7,0,1,10
"Gene75",1,3,6,0,1,6,1,2,5,1,0,6,0,4,2,0,1,5,3,0,8,0,1,3,0,2,3,1,3,4,1,1,6,1,1,1,2,1,4,3,3,6,2,1,14,0,0,5,0,0,6,0,2,8,1,1,3,3,1,8,1,1,4,0,0,5,0,2,6,1,2,4,1,1,5,1,1,8,1,0,5,0,2,6,0,0,5,1,2,6,2,1,8,2,0,6,2,2,6,2,1,4,0,1,7,2,0,6,1,4,4,0,1,5,0,1,4,1,1,7,1,0,1,0,2,1,0,3,5,0,0,2,1,0,9,1,2,6,0,2,3,0,0,7,3,2,1,0,1,9,0,4,4,4,4,12,6,1,4,0,2,8,1,1,5,0,1,7,0,2,8,0,1,5,1,2,10,1,1,6,1,5,11,1,4,5,1,5,6,0,1,8,0,2,8,0,1,6,0,1,16,5,2,5,1,2,7,4,1,8,0,0,1,1,1,10,0,0,7,0,0,6,1,0,11,2,0,11,2,2,4,0,0,10,0,0,12,2,1,2,4,0,7,0,0,6,2,2,2,1,2,2,2,2,5,1,2,5,0,1,6,1,0,6,1,1,8,0,2,5,1,1,6,1,0,6,0,2,1,2,5,11,1,1,4,1,0,10,2,0,8,1,0,1,0,2,7,0,0,2
"Gene76",0,1,4,2,2,2,2,2,5,3,0,10,0,0,3,2,0,10,0,2,6,1,1,5,3,1,3,1,1,7,0,2,5,1,1,6,0,1,6,0,4,5,0,1,5,0,1,6,0,4,5,1,4,5,0,0,3,1,0,3,2,0,3,0,0,4,2,2,3,1,0,4,2,0,3,0,2,4,1,1,3,3,1,7,0,0,2,1,3,6,1,0,4,0,1,3,0,2,7,0,0,5,2,0,5,0,1,7,1,1,3,1,0,5,1,1,9,0,0,4,0,1,4,0,1,6,3,1,7,0,0,2,2,3,4,0,0,8,1,1,4,1,3,5,0,0,3,1,1,4,0,0,1,1,2,5,2,1,6,4,0,10,0,2,4,0,5,4,1,0,8,0,0,4,2,1,6,0,6,5,1,0,1,1,4,10,1,0,7,0,1,5,0,1,2,1,2,6,0,0,6,2,2,7,4,0,6,2,0,6,1,1,4,1,0,6,1,2,8,0,0,6,0,1,13,1,0,5,0,1,8,2,1,6,1,0,5,2,5,5,1,0,5,2,1,8,0,1,7,1,0,4,0,2,4,0,1,4,1,0,2,2,5,10,0,0,4,4,1,2,0,1,7,1,1,8,4,2,5,1,0,4,2,1,10,0,0,7,0,0,2,1,0,6,0,1,7,1,4,7
"Gene77",1,1,8,0,1,6,1,0,5,2,2,7,2,2,7,1,1,5,2,0,7,2,3,6,0,1,5,1,5,6,3,0,7,2,0,4,0,0,3,2,0,6,1,1,2,1,2,4,0,1,2,0,3,5,2,1,6,0,1,6,0,3,2,2,0,3,2,0,5,1,0,6,1,1,5,1,0,5,0,2,7,1,0,6,0,0,5,1,2,4,2,2,5,2,0,8,1,1,2,0,1,5,0,1,5,1,0,1,1,0,3,1,2,8,1,0,2,2,1,6,0,1,4,2,2,4,0,1,7,1,1,3,1,1,3,1,1,5,1,0,7,1,1,2,1,0,7,2,0,3,0,1,2,0,0,2,1,1,4,2,2,2,1,1,1,0,0,5,0,0,5,0,0,6,0,1,5,1,0,5,1,0,7,1,0,8,2,4,5,0,2,7,0,0,5,0,1,2,1,0,7,0,0,2,4,0,2,1,0,8,0,1,7,2,4,2,2,0,1,1,0,4,1,0,10,1,0,8,1,0,8,4,2,10,0,1,8,0,2,5,0,0,6,1,1,7,1,5,5,0,0,8,4,0,8,0,1,10,0,0,8,1,1,6,2,1,6,1,0,10,1,0,2,2,0,6,2,1,2,0,0,10,1,1,5,0,1,4,1,1,8,2,0,8,2,0,4,2,1,1
"Gene78",1,0,3,1,1,4,1,0,5,1,2,5,0,1,6,1,0,4,3,1,11,0,3,5,0,0,7,2,1,2,0,2,5,2,0,4,0,0,7,2,1,4,1,2,3,1,1,3,2,3,5,1,0,2,1,1,4,1,1,7,1,3,9,1,2,3,1,2,2,1,0,6,2,1,7,1,2,2,1,1,7,1,0,6,1,2,3,0,1,3,1,2,5,2,2,3,1,0,7,2,1,4,1,4,5,1,1,6,1,0,4,3,1,5,1,1,3,4,0,4,2,1,8,1,2,5,0,1,0,3,1,5,0,4,5,0,0,7,1,2,1,0,1,5,2,1,8,0,2,7,2,0,4,0,1,5,0,1,10,1,0,7,0,0,6,0,1,6,2,1,5,0,0,13,2,2,11,2,2,4,2,0,7,0,1,10,0,1,4,1,0,4,2,1,8,1,1,6,1,0,6,2,0,5,1,1,5,1,1,12,2,0,7,1,1,6,0,1,6,0,0,4,1,2,8,0,0,7,1,1,11,0,2,2,1,1,6,0,1,8,2,2,7,1,2,7,1,5,2,2,4,8,0,0,2,0,1,5,0,0,5,2,0,10,1,0,5,1,1,4,1,1,8,2,0,7,0,0,8,1,4,12,2,0,6,2,0,6,1,1,4,0,0,8,2,0,7,1,1,5
"Gene79",0,1,9,0,3,7,2,1,7,2,2,7,1,1,8,2,2,7,2,1,4,2,1,4,1,1,2,1,1,3,0,1,3,3,1,5,0,0,3,0,1,7,1,0,6,1,4,6,0,1,6,3,2,2,1,1,2,1,1,4,1,3,4,2,1,3,0,0,7,0,1,4,1,1,6,0,1,3,1,0,8,1,1,0,4,0,4,2,1,3,1,2,3,1,2,3,1,2,9,2,2,7,4,0,4,0,1,6,0,0,5,1,2,4,0,2,4,0,1,2,1,2,6,1,0,9,3,0,6,1,0,5,1,0,2,1,0,5,0,0,4,0,1,2,0,1,8,1,0,3,0,2,12,1,1,1,1,0,4,2,4,5,1,4,8,1,1,2,1,0,7,0,0,7,1,5,10,2,2,2,2,5,11,4,4,2,0,2,6,1,1,1,4,0,6,0,0,4,2,1,4,4,0,7,2,1,5,1,0,7,2,4,6,0,0,12,1,2,8,1,1,10,1,1,4,0,1,6,0,0,5,0,0,4,1,0,10,1,2,5,0,0,5,0,6,4,0,4,4,1,1,10,1,0,8,2,2,7,1,1,10,1,1,6,2,0,4,0,0,10,1,2,2,2,1,7,1,4,5,1,2,8,0,1,4,2,1,7,2,1,4,0,1,6,0,1,8,1,1,6
"Gene80",0,1,6,1,0,7,1,0,5,0,0,5,0,1,3,0,0,4,1,1,7,0,0,4,1,0,5,1,1,4,1,4,7,0,1,5,3,1,3,1,3,4,0,3,5,2,0,3,3,0,5,1,1,9,1,0,3,0,0,5,0,1,4,1,1,4,1,1,1,1,1,6,0,0,6,3,1,5,1,2,5,5,1,1,0,0,3,1,0,4,0,0,6,2,0,6,1,0,6,0,1,7,0,1,7,2,1,6,1,0,4,3,3,7,0,4,5,1,1,2,0,1,2,0,1,9,1,0,1,1,1,7,1,0,6,1,2,2,1,2,3,3,1,6,0,0,6,2,0,4,0,2,8,0,1,4,1,1,5,1,0,5,2,1,5,2,1,8,2,2,10,1,1,8,2,0,6,2,0,8,4,0,6,1,0,6,0,1,8,0,0,5,1,1,2,1,1,6,0,1,0,2,2,5,0,2,2,0,0,5,2,2,8,1,0,11,1,0,7,2,0,11,4,1,6,1,1,5,0,1,8,0,0,8,5,1,7,1,0,4,1,0,6,2,1,10,1,1,5,1,0,6,0,2,4,1,0,5,0,1,8,2,1,4,1,0,4,0,2,10,1,2,10,2,0,8,1,0,8,2,1,2,1,2,5,1,0,8,0,0,7,0,1,1,2,0,12,1,0,12
"Gene81",0,2,5,1,0,8,2,1,5,0,0,5,1,0,2,0,3,6,1,1,6,0,1,5,2,3,3,0,2,5,0,0,4,1,0,5,2,1,4,1,2,8,1,2,8,1,1,5,2,1,7,1,4,8,0,2,3,1,1,8,2,0,3,0,0,13,1,0,4,2,0,4,1,0,5,2,2,5,0,3,4,1,0,4,1,1,2,1,2,9,1,1,8,0,0,8,2,0,4,3,3,3,3,0,6,1,0,5,2,2,3,1,1,4,0,1,8,0,2,4,1,2,6,2,0,0,1,1,2,0,1,4,0,4,8,3,1,6,1,1,3,1,0,7,0,1,4,2,0,4,0,4,4,1,2,4,1,0,4,0,0,4,0,2,6,1,1,5,2,0,5,1,0,4,1,1,10,0,1,4,1,1,12,4,0,6,0,1,5,0,0,8,2,1,8,0,0,2,2,0,4,1,0,10,1,0,6,0,1,8,0,0,5,1,0,5,1,0,2,0,2,7,1,0,7,0,1,11,0,4,7,1,1,8,1,0,4,4,4,5,0,0,4,2,1,2,1,1,6,1,1,6,0,4,6,0,0,2,1,5,7,4,0,5,2,2,6,0,0,4,1,0,6,1,0,5,0,2,6,2,1,11,2,1,10,0,1,10,2,1,5,2,4,2,0,0,6,1,0,8
"Gene82",1,2,3,0,1,4,0,1,6,1,1,8,3,0,3,1,1,2,1,1,2,0,2,3,1,1,2,1,0,2,1,1,4,2,0,7,2,3,6,0,0,7,1,2,2,2,1,3,0,1,4,1,1,3,0,1,4,2,1,5,1,1,4,0,3,4,1,1,6,0,0,12,0,1,3,0,0,12,2,1,7,1,1,4,0,2,0,1,1,5,2,0,4,1,4,7,0,0,3,0,1,10,0,0,5,0,0,10,3,0,4,1,3,4,4,1,2,4,2,3,0,0,3,0,2,1,0,0,5,1,1,6,1,0,5,0,0,3,2,0,5,1,0,8,1,2,4,2,1,2,2,0,5,2,1,2,1,1,5,1,0,6,1,1,4,1,0,12,0,1,7,1,1,8,0,5,7,0,4,10,0,2,2,4,0,14,0,2,4,1,0,6,2,0,10,1,1,4,2,0,6,0,2,5,0,1,4,1,1,5,0,2,2,2,0,4,4,1,6,2,2,8,1,1,6,0,0,4,1,0,5,1,0,6,0,1,7,2,1,6,1,1,10,0,1,4,1,0,6,1,2,13,4,1,7,1,0,6,2,1,7,0,1,6,1,1,5,0,1,10,1,1,2,2,2,7,0,0,10,1,1,5,4,1,8,0,1,6,0,1,5,2,0,2,0,0,7,0,0,4
"Gene83",1,2,5,0,1,8,1,0,8,1,2,8,1,0,6,0,1,5,1,1,2,1,2,7,0,0,0,1,2,3,1,2,4,1,0,6,1,2,4,0,0,4,2,1,8,0,1,4,2,3,8,3,2,3,3,1,8,2,0,2,0,1,5,1,1,4,1,1,2,2,1,5,2,1,5,0,0,4,3,3,6,1,1,3,0,1,3,1,1,4,2,2,5,0,3,9,0,1,2,3,2,9,4,3,9,1,1,10,0,1,5,0,1,5,0,0,3,3,0,2,3,1,4,1,1,6,0,2,6,2,0,8,2,2,8,1,1,7,1,1,7,1,1,3,1,1,9,2,0,4,0,1,5,2,1,6,2,1,4,5,0,12,0,1,8,6,0,7,1,2,7,0,1,4,0,2,2,0,2,11,2,1,8,0,2,6,1,1,8,1,0,11,1,1,2,1,0,8,0,2,6,0,0,8,1,4,7,0,0,8,1,0,8,0,0,1,0,2,13,1,2,5,0,1,10,2,0,5,0,2,7,1,0,8,1,2,2,1,0,6,0,0,7,0,0,5,5,1,8,2,5,6,4,2,2,4,1,4,0,1,8,1,0,7,2,2,10,0,5,13,0,0,5,0,1,6,1,1,6,1,0,7,0,0,6,2,0,11,0,0,1,1,1,5,0,0,6,0,1,5
"Gene84",2,1,4,0,0,4,0,2,6,3,1,5,2,1,5,0,0,3,3,2,4,0,1,10,1,1,5,0,1,4,1,0,6,1,1,5,0,3,8,0,0,8,0,0,10,0,2,5,0,0,5,3,0,6,1,0,4,0,1,5,1,0,5,1,1,4,1,0,8,1,4,2,0,1,7,2,1,10,2,1,3,1,1,2,0,3,3,1,1,5,1,0,5,0,0,4,1,1,3,3,0,6,0,1,6,2,1,5,1,1,3,3,1,1,0,1,6,1,1,4,1,1,5,0,1,9,0,2,4,0,0,4,1,2,6,0,3,7,0,2,7,0,3,6,2,0,6,2,2,3,4,2,4,1,2,5,0,2,7,0,4,5,0,0,5,1,1,7,4,1,4,0,2,6,4,0,13,0,2,7,2,0,4,1,1,6,2,1,5,0,2,4,0,0,2,0,1,1,2,2,4,1,2,7,4,2,8,2,1,8,0,0,7,5,0,6,1,1,6,0,1,8,2,0,8,1,0,2,0,2,6,1,0,6,2,2,8,1,0,10,0,0,4,1,0,11,1,1,7,0,2,8,0,0,5,1,0,6,0,2,1,1,0,8,2,0,10,1,2,7,5,2,4,0,2,6,0,0,6,1,1,5,1,1,10,0,0,12,1,0,5,0,0,4,2,1,4,1,1,6
"Gene85",0,2,5,2,1,4,1,3,5,3,0,8,1,0,4,3,1,6,2,0,3,0,1,6,3,2,4,1,1,7,1,1,1,1,1,4,1,2,3,0,0,2,0,0,6,3,2,6,1,1,6,1,3,5,3,2,4,0,0,4,0,1,6,1,0,5,1,2,6,0,3,5,0,2,5,1,0,4,1,1,2,0,0,4,3,0,7,0,1,0,0,2,1,3,0,2,1,0,4,1,1,2,4,0,7,1,2,5,2,1,7,3,1,6,0,0,8,1,2,3,1,2,7,1,2,6,3,0,5,2,0,2,1,0,7,0,2,6,1,1,5,0,1,3,2,0,3,1,0,7,1,0,7,1,2,10,1,4,5,1,1,6,0,1,5,1,0,4,1,2,8,1,1,7,1,1,4,0,2,4,0,2,4,0,2,8,2,2,4,0,0,5,1,0,4,1,0,5,2,0,6,0,1,4,5,0,11,4,2,6,1,1,12,0,2,7,0,0,6,0,2,4,2,1,2,0,0,5,0,2,2,0,1,5,2,2,7,0,0,7,0,2,2,1,1,5,1,1,7,1,0,5,2,1,2,0,0,5,1,1,7,1,2,4,0,0,7,2,1,4,1,2,6,4,0,5,1,2,4,5,2,2,1,1,5,0,2,7,0,0,4,2,1,6,0,0,6,1,0,5
"Gene86",1,0,2,1,1,3,0,0,3,1,1,1,1,0,1,0,3,5,1,1,5,2,0,5,0,2,4,0,1,7,2,1,4,2,0,9,3,0,5,0,0,0,0,0,5,2,0,5,1,2,5,0,0,5,2,0,3,0,1,6,1,0,4,4,0,3,1,0,5,0,1,6,1,2,3,1,0,2,1,1,5,2,2,5,2,2,4,2,1,5,0,2,5,0,1,6,0,1,3,2,1,8,2,2,6,2,0,3,0,0,4,1,1,8,0,1,4,1,0,6,0,0,4,2,3,7,0,0,1,1,2,3,4,0,3,0,0,6,0,0,3,2,1,3,1,1,1,1,0,4,1,1,2,1,0,4,1,2,2,2,1,7,0,2,6,0,1,11,1,2,7,0,1,4,2,0,7,1,1,7,1,1,5,0,1,6,1,1,16,1,1,6,2,1,4,2,1,5,1,4,4,0,1,2,0,1,5,1,0,10,4,4,2,0,2,5,5,2,7,1,1,7,1,2,11,4,0,5,2,2,5,1,2,7,2,0,4,1,0,4,1,1,11,0,1,7,2,2,4,0,1,4,2,0,2,1,2,4,4,2,10,0,0,4,0,0,4,0,0,6,0,0,5,1,2,5,0,2,1,0,1,7,1,0,4,4,2,2,0,2,8,0,0,7,0,6,5,1,1,8
"Gene87",4,0,6,1,1,8,2,0,7,0,0,3,2,2,6,0,2,9,2,2,1,2,0,5,1,2,5,1,1,4,0,3,5,0,2,3,3,0,3,0,2,4,0,3,4,1,1,3,2,1,4,0,1,5,1,1,4,1,1,5,1,4,7,0,1,3,1,1,6,0,0,6,1,0,2,1,0,10,3,1,3,1,0,5,2,0,5,0,1,6,0,0,3,1,0,2,0,3,4,0,0,5,2,1,2,0,1,3,0,2,5,4,2,3,1,1,3,4,2,8,2,0,6,0,2,7,3,3,8,0,1,3,0,1,5,2,1,10,2,1,2,0,1,4,1,0,3,1,1,7,2,0,8,5,0,4,0,0,6,1,1,10,0,1,6,1,1,2,2,2,10,0,0,5,2,2,2,2,0,7,0,0,12,5,1,13,2,2,4,2,0,5,1,1,2,0,2,5,1,0,7,0,1,2,1,1,4,2,5,8,4,1,7,2,1,4,2,4,4,2,1,7,0,0,7,2,2,4,0,1,10,2,1,8,4,0,8,2,2,6,1,2,8,0,1,6,0,1,6,1,1,7,0,2,1,2,1,8,0,1,2,1,0,4,2,1,7,0,1,7,0,0,6,2,0,1,1,2,7,2,0,5,0,4,5,2,1,7,2,4,6,1,2,6,0,0,7,1,2,11
"Gene88",2,1,1,1,4,4,1,1,6,1,1,4,1,1,6,1,1,5,2,3,7,1,1,2,1,0,5,1,2,2,0,2,7,2,1,5,2,1,2,1,1,3,1,0,4,1,1,4,1,1,3,0,1,2,0,0,8,1,0,2,0,0,8,1,1,4,1,0,5,0,0,3,0,1,6,1,2,4,2,0,4,1,0,8,0,0,3,0,0,3,2,0,2,0,1,9,0,1,1,1,1,6,0,0,3,2,0,6,1,0,6,0,0,8,1,1,6,1,0,7,0,0,10,2,1,4,0,1,3,1,1,7,3,1,6,0,0,3,3,2,9,0,0,3,0,0,2,3,1,2,1,1,5,0,0,2,0,4,8,1,1,1,0,0,7,1,0,5,1,4,10,1,0,11,2,0,8,1,0,6,1,0,6,0,2,10,1,1,10,1,2,5,0,1,0,2,0,4,0,1,4,1,0,6,1,0,4,1,2,8,1,2,5,4,0,4,0,1,10,0,1,1,0,4,4,1,1,11,1,0,5,1,0,2,0,2,5,1,1,8,0,1,1,1,5,5,1,1,4,0,1,12,1,1,7,0,1,8,0,2,4,2,2,12,1,0,0,1,1,0,1,0,2,2,0,5,1,0,4,2,2,2,1,4,12,0,0,11,4,0,6,1,2,6,0,2,4,4,0,11
"Gene89",2,3,4,1,1,6,1,1,3,1,0,5,2,2,7,0,1,5,0,0,4,0,2,7,0,0,3,1,0,2,1,2,4,0,0,2,2,0,11,0,2,7,1,0,4,2,2,3,0,0,3,0,1,8,0,0,3,0,0,2,1,3,3,1,0,6,2,1,6,2,2,3,0,0,4,1,2,6,1,1,6,3,1,7,1,1,8,2,0,11,1,0,9,1,0,6,2,0,4,0,1,6,1,1,8,3,0,5,0,2,5,2,1,2,0,0,4,0,0,5,0,0,2,0,2,5,1,0,7,3,1,4,0,1,8,0,0,4,0,1,5,1,0,0,3,0,2,0,1,7,2,2,11,2,0,11,4,0,11,1,1,6,0,0,7,0,1,2,0,1,6,0,0,7,2,0,5,1,0,5,0,0,4,1,0,0,1,2,5,0,2,7,0,0,5,1,1,10,0,4,7,0,4,5,4,0,6,0,0,6,0,1,2,1,0,7,1,0,5,1,0,4,2,0,6,0,1,5,0,1,6,4,2,7,2,0,4,2,1,6,0,1,2,0,0,6,1,2,8,1,4,5,1,1,5,0,1,5,4,0,4,0,2,5,0,1,7,5,0,5,1,2,7,0,2,5,1,1,10,0,1,10,1,5,6,4,1,8,4,4,12,2,2,5,4,0,10,1,1,4
"Gene90",0,1,7,0,0,1,0,0,7,2,1,7,1,1,6,1,3,3,0,0,8,1,1,2,1,2,4,1,1,2,1,1,8,1,3,4,1,2,7,1,2,7,1,1,6,3,0,3,0,2,5,0,0,3,2,1,6,1,2,5,0,3,4,4,1,3,1,3,8,0,0,2,0,1,3,2,3,3,0,1,4,1,1,8,2,0,4,0,1,7,2,1,4,0,1,2,1,3,5,2,0,5,0,1,8,4,0,6,0,1,3,1,2,1,1,2,5,0,2,5,0,1,3,0,0,4,1,2,8,1,2,5,1,0,5,2,0,6,0,1,5,1,0,6,0,0,6,0,0,5,2,1,2,1,1,5,0,1,4,2,0,10,2,1,7,1,2,11,2,2,8,2,0,4,0,0,4,1,1,10,1,4,0,0,1,6,0,2,5,2,0,5,0,1,8,0,1,6,1,0,5,0,0,12,2,1,7,2,1,5,4,1,7,2,0,12,1,0,7,1,1,8,2,0,7,1,1,5,1,1,5,0,1,8,0,2,5,2,2,5,2,1,8,0,1,4,2,5,8,2,1,7,1,1,8,0,1,18,0,4,6,1,0,8,1,0,4,1,2,5,1,1,5,0,0,5,1,1,7,2,1,8,0,1,7,2,2,6,1,1,2,1,1,5,1,0,11,0,2,2
"Gene91",0,1,2,2,0,1,3,1,0,1,0,0,0,2,2,0,0,0,2,2,1,1,2,1,0,0,0,0,2,1,0,1,0,0,2,0,1,0,1,2,1,1,1,1,3,0,0,1,1,2,0,1,1,0,3,1,1,2,0,0,1,1,0,0,1,1,1,0,1,2,1,0,1,0,2,1,0,2,0,1,2,1,2,0,2,0,3,1,2,0,1,0,0,0,0,0,0,0,1,1,1,2,0,1,0,2,0,1,2,1,1,2,1,0,0,1,0,4,1,0,4,1,0,1,1,1,0,2,0,1,2,2,1,2,2,0,2,0,3,1,0,0,2,1,3,1,1,0,0,1,2,1,1,1,0,1,1,1,0,4,1,4,1,1,0,2,1,5,1,1,1,0,1,0,0,2,2,0,2,2,2,1,0,0,2,0,1,1,0,1,0,2,1,0,2,0,0,1,1,0,1,4,2,4,0,1,1,2,1,1,0,1,1,0,0,1,0,1,1,0,1,1,0,1,1,1,0,1,0,1,0,0,4,2,0,1,1,4,1,1,0,2,1,0,2,2,1,2,4,1,0,0,1,2,1,1,0,4,4,1,2,1,1,0,1,1,1,1,1,2,0,1,0,1,1,1,2,0,2,0,6,0,0,0,2,0,2,1,1,0,1,2,2,0,1,1,0,1,0,0
"Gene92",1,0,0,2,0,2,2,1,0,0,1,0,1,1,0,1,0,0,0,1,1,0,1,1,1,0,0,0,1,0,0,1,2,0,0,2,1,1,1,2,1,1,1,1,2,2,3,0,0,1,1,3,0,1,1,2,0,1,1,1,0,0,0,1,3,3,3,1,1,3,1,0,0,1,1,0,3,0,1,2,3,3,0,1,0,3,0,5,0,1,0,0,3,0,0,0,0,3,0,1,0,1,0,1,2,3,0,0,0,1,3,3,3,1,2,0,0,1,1,2,1,0,0,2,1,1,0,0,0,1,1,0,0,0,0,1,1,0,0,0,0,0,0,0,2,1,0,1,2,0,0,1,2,0,0,2,2,0,1,0,2,0,0,2,0,0,1,0,1,1,0,1,1,0,0,2,2,0,1,0,2,0,0,2,2,1,0,2,1,1,0,0,4,1,4,0,0,0,2,1,0,1,1,1,0,0,1,0,1,1,0,0,1,1,1,0,0,2,1,2,1,4,2,0,0,2,0,0,2,2,0,0,2,1,4,0,0,2,2,0,5,4,0,2,2,1,2,0,2,4,0,1,0,0,0,4,1,1,1,2,1,0,1,1,1,0,4,2,2,4,0,0,1,2,0,1,1,0,0,1,0,1,0,2,0,0,0,1,4,1,2,0,1,0,0,1,0,0,0,1
"Gene93",0,3,0,1,0,1,1,1,1,1,2,0,0,1,3,0,2,0,0,1,1,1,1,1,1,2,1,1,2,0,0,0,3,1,0,1,0,1,1,3,0,2,1,1,1,0,0,1,0,0,0,0,3,2,1,2,0,0,3,1,1,0,2,0,0,0,2,0,0,0,1,0,1,2,2,1,1,1,0,1,1,2,2,0,1,0,1,1,0,1,1,1,1,1,1,0,0,1,2,2,1,1,1,1,1,1,2,1,0,1,2,2,0,0,1,1,0,0,2,1,0,0,1,0,1,0,1,2,0,2,1,2,1,1,0,0,0,0,0,1,0,0,1,1,0,2,0,1,1,1,1,1,2,0,0,0,1,2,1,1,1,1,1,1,2,4,0,0,1,1,4,0,4,2,0,1,4,1,0,4,2,0,2,1,0,0,5,1,1,2,5,2,1,1,1,1,2,2,1,0,4,2,2,1,1,1,1,4,0,0,2,0,4,5,1,0,0,0,1,1,0,0,0,1,0,0,1,1,0,0,2,1,2,0,0,0,0,1,1,2,1,1,2,2,1,1,2,0,0,2,0,2,2,2,0,2,0,1,1,0,1,2,1,1,1,1,0,0,0,4,2,2,1,2,1,1,0,4,4,1,0,2,1,0,0,2,4,0,2,1,0,4,0,0,1,1,4,1,1,0
"Gene94",1,0,0,1,0,0,0,1,0,2,1,1,1,1,1,1,2,1,0,1,1,0,1,1,2,0,1,2,1,1,0,0,0,0,0,0,1,0,2,1,1,1,0,0,1,1,3,0,1,2,1,2,0,2,1,2,0,0,2,0,0,1,2,1,1,0,0,1,2,0,0,0,1,0,4,0,1,0,0,1,2,0,0,1,0,2,1,0,1,0,1,4,0,0,0,2,1,0,0,1,1,1,0,0,1,3,1,0,1,1,1,1,1,1,2,1,0,1,0,1,0,2,2,1,2,2,0,1,3,1,1,1,4,1,0,1,1,0,0,0,0,3,0,0,2,0,1,2,1,1,6,1,2,0,1,0,0,1,0,1,0,1,1,0,0,0,1,2,1,0,2,2,1,0,0,0,1,1,0,0,0,0,1,5,1,0,0,2,2,0,2,0,1,2,2,1,0,0,1,1,2,1,1,1,2,0,0,0,2,0,1,1,0,2,4,0,1,2,1,1,1,2,0,1,1,2,2,1,1,6,1,2,2,0,0,1,4,0,0,1,1,2,1,0,1,0,0,2,4,0,0,1,0,0,0,0,0,0,0,0,0,1,1,1,0,0,4,1,2,0,1,1,1,2,1,1,0,0,2,0,1,1,0,1,0,4,1,1,0,2,1,0,2,2,2,4,1,2,2,2
"Gene95",0,0,2,0,0,0,1,1,1,1,1,1,1,0,3,1,0,1,0,0,0,3,0,1,3,1,0,1,0,0,2,1,1,1,0,1,1,0,3,2,2,1,1,1,1,1,1,1,0,1,2,2,1,0,1,0,1,0,0,0,0,2,1,1,1,0,0,1,1,0,0,0,1,1,0,0,0,2,1,1,1,0,1,2,3,1,0,0,0,0,0,1,1,2,1,0,1,1,0,0,0,3,0,0,0,3,0,2,0,1,1,0,0,0,1,0,0,1,1,1,0,1,1,3,0,1,1,1,2,2,2,2,2,1,0,0,1,0,1,2,0,0,1,0,2,1,0,2,1,1,1,1,1,0,0,4,0,2,0,6,1,0,2,0,2,5,2,1,4,0,1,0,0,0,2,1,5,0,0,0,0,0,0,4,0,0,1,1,4,5,0,1,1,0,1,2,5,0,0,0,2,0,0,0,0,4,1,1,0,0,5,2,0,0,0,2,1,0,2,1,0,2,1,0,2,2,2,5,1,1,0,1,2,4,1,1,1,2,2,1,4,0,1,1,0,4,1,4,0,0,1,0,0,0,0,0,0,1,1,2,0,0,0,1,0,1,1,5,2,0,0,2,2,1,1,1,2,0,0,0,1,0,0,4,1,2,2,4,1,0,0,1,4,1,0,2,2,0,2,0
"Gene96",0,2,2,0,2,2,1,2,1,0,0,1,0,1,1,0,1,2,1,1,0,0,2,1,2,0,0,1,2,2,2,0,0,1,2,1,1,0,2,0,0,1,1,0,0,0,0,1,0,0,0,0,1,0,2,0,0,1,0,0,1,1,0,0,2,2,0,1,0,1,0,1,1,0,1,2,1,0,1,2,2,1,0,4,1,1,2,0,0,0,1,0,0,0,1,2,1,0,1,0,1,0,0,1,1,1,0,1,1,0,0,4,0,2,0,2,1,2,1,0,1,0,0,1,1,1,0,0,0,1,1,1,1,1,0,0,1,1,2,2,0,2,0,2,1,1,0,1,0,1,1,0,4,4,0,0,2,0,0,1,4,1,2,0,1,0,1,1,1,4,1,0,2,0,0,1,0,1,1,0,1,2,0,0,0,1,1,1,0,2,0,4,5,1,0,5,0,2,0,2,0,0,4,0,2,1,1,1,4,0,1,1,0,0,0,1,0,0,0,2,0,1,0,2,1,1,0,1,0,0,1,4,1,5,1,2,1,0,0,2,0,1,2,0,0,1,1,1,0,2,2,1,1,0,0,1,0,0,1,1,2,1,2,0,1,0,2,0,1,0,1,2,0,0,1,1,0,1,0,2,1,0,2,0,1,2,0,0,2,4,0,2,0,0,1,2,1,0,0,0
"Gene97",2,1,4,1,3,1,0,1,0,0,1,1,1,1,2,0,1,1,3,1,3,0,1,1,1,4,1,0,0,2,0,0,0,2,2,1,0,0,4,0,0,2,3,1,1,1,1,3,0,0,2,1,2,0,0,2,2,0,1,2,2,0,0,0,2,1,2,0,2,0,0,2,1,3,0,1,0,0,1,0,1,1,2,0,1,1,0,3,1,0,0,0,1,1,0,0,1,0,0,0,1,1,1,0,2,3,1,1,1,0,0,1,1,3,0,0,1,2,1,1,3,1,2,2,0,0,2,1,1,2,1,0,0,1,0,1,2,2,0,2,1,0,0,0,1,0,1,0,2,3,2,0,1,0,2,1,1,0,1,0,5,2,0,1,2,1,0,1,2,1,0,1,0,0,0,2,1,0,0,1,4,0,2,1,0,1,0,1,2,1,0,1,1,0,1,0,1,1,2,1,0,1,2,0,0,0,2,1,4,1,1,4,1,2,0,1,0,1,1,1,4,1,1,4,2,2,1,0,4,1,0,0,0,1,0,4,4,1,0,0,4,0,0,0,0,0,0,0,1,1,0,1,0,1,0,2,1,2,2,0,2,1,1,2,0,1,0,1,1,0,4,1,4,0,1,2,1,1,1,1,1,0,1,0,1,4,0,1,1,0,1,2,1,1,1,4,1,0,0,1
"Gene98",0,0,1,0,1,2,0,3,3,0,2,1,0,0,3,2,0,0,2,3,1,2,1,0,2,1,1,0,0,0,1,0,0,1,1,3,2,2,1,0,1,2,2,3,1,1,1,1,2,3,0,0,1,1,2,0,0,0,0,1,0,1,3,1,1,2,0,0,0,1,2,0,0,1,2,1,0,1,2,1,0,2,1,1,0,0,0,1,1,0,1,1,0,1,0,1,1,1,2,1,3,2,1,1,1,0,1,0,4,0,0,1,1,0,2,1,0,4,0,1,1,1,1,0,1,1,1,0,0,1,0,1,0,2,1,1,1,0,0,1,1,1,2,1,2,2,2,3,2,2,0,0,0,0,1,0,1,0,0,0,0,1,0,0,4,1,0,0,1,1,1,1,1,1,0,1,0,1,0,0,0,1,0,0,2,4,4,4,0,2,1,4,2,2,0,1,0,0,1,1,1,0,2,1,4,2,4,4,0,1,0,0,2,2,0,1,1,0,0,0,1,0,0,1,1,2,1,1,1,0,1,1,0,0,1,1,1,0,0,1,5,1,4,1,1,1,1,0,1,1,2,0,2,1,1,2,2,1,2,0,2,0,2,1,2,1,2,5,0,1,1,0,2,4,1,1,1,0,4,1,0,0,1,0,4,2,2,2,1,1,4,2,2,2,0,1,4,0,1,0
"Gene99",1,2,0,2,1,2,1,0,0,1,0,1,0,1,0,1,0,2,1,0,0,0,2,2,1,1,1,1,1,1,1,1,0,0,2,3,2,0,0,0,1,0,1,0,0,1,0,2,0,2,1,1,0,3,3,0,1,1,0,1,2,2,1,0,2,0,0,0,1,3,0,2,0,0,2,1,1,2,2,2,1,1,2,3,5,0,0,0,2,2,1,0,2,0,3,2,0,1,0,2,2,1,0,0,0,0,1,0,0,0,0,0,1,1,2,0,1,0,1,0,1,0,1,1,0,0,2,1,1,1,0,1,1,1,1,0,3,2,0,0,0,0,1,1,0,1,1,0,3,1,0,1,1,0,1,1,0,0,1,0,0,2,0,0,1,2,1,0,0,1,1,0,1,4,1,1,0,1,0,2,0,1,0,2,2,2,4,2,1,0,0,0,5,0,0,0,1,0,0,0,0,0,2,0,0,4,0,0,2,1,1,0,2,2,1,0,4,0,0,1,5,0,0,0,0,0,1,0,1,2,2,5,2,0,1,1,0,4,1,1,1,0,5,1,2,0,1,1,0,1,2,1,0,0,2,1,2,0,1,0,2,1,1,4,0,1,1,1,1,1,1,1,0,1,1,2,1,1,1,1,2,2,1,0,4,1,2,0,2,4,2,0,5,0,2,1,2,0,1,0
"Gene100",1,0,0,0,0,0,0,1,1,1,0,0,0,0,0,1,3,1,0,0,1,0,0,2,1,1,2,1,1,1,0,0,1,1,1,2,0,0,3,0,1,1,0,2,0,1,1,1,2,1,0,1,1,1,0,2,2,2,0,0,2,1,1,0,1,1,0,1,1,0,0,2,1,1,0,0,0,1,0,1,1,1,2,1,1,1,0,0,1,1,0,1,0,0,2,1,0,0,5,0,0,0,2,3,4,0,0,0,1,0,3,0,0,1,2,3,2,0,0,0,1,1,1,0,0,0,1,0,1,1,1,0,2,0,1,1,1,0,3,0,0,1,1,2,1,0,2,1,0,0,0,1,0,1,0,1,1,0,0,0,1,0,4,1,0,1,1,0,2,0,0,2,2,2,0,0,0,0,2,1,2,2,5,2,0,2,0,1,0,0,0,1,2,0,2,1,2,1,1,6,2,0,4,0,0,0,4,1,0,0,1,0,0,0,2,0,0,2,1,0,1,1,0,1,2,2,2,0,6,1,0,0,1,1,1,1,0,0,1,5,0,1,2,1,2,1,1,1,4,1,0,1,1,0,2,2,0,1,1,1,1,0,4,1,1,4,1,1,1,2,0,0,2,2,4,2,2,1,2,2,0,1,2,0,0,1,0,2,0,2,0,1,4,0,0,1,0,2,0,0
"Gene101",1,0,2,1,1,0,1,0,1,1,1,1,0,1,2,2,0,3,1,0,0,1,2,2,1,1,1,1,2,1,0,2,0,1,2,1,0,1,0,4,2,1,3,0,1,1,1,0,0,1,1,2,1,1,3,0,2,1,3,1,1,3,1,1,0,1,0,1,1,1,4,0,1,0,1,3,0,0,0,1,1,0,0,0,2,1,2,1,1,0,1,0,1,1,3,0,3,1,0,1,0,0,0,1,3,2,0,0,0,1,0,2,1,2,2,1,0,0,1,1,0,0,0,0,3,1,1,1,2,1,1,1,3,0,0,0,2,0,1,1,1,1,0,2,0,1,1,0,0,0,5,0,1,0,1,2,2,1,1,0,0,0,0,1,1,0,0,1,0,1,0,0,1,4,2,2,1,2,0,1,0,1,1,0,0,1,2,1,4,0,1,2,0,0,2,2,1,0,0,0,0,1,0,1,1,1,0,0,0,0,1,0,0,2,0,0,1,1,4,0,1,1,1,1,2,1,1,0,0,1,1,1,0,1,1,4,4,0,1,2,1,2,1,1,0,0,2,0,4,2,0,0,2,1,1,2,0,0,2,1,6,0,0,1,0,2,2,4,4,0,0,0,0,0,2,0,1,4,0,0,0,0,0,1,0,1,1,0,0,1,1,1,0,1,2,2,2,0,1,1
"Gene102",0,1,1,0,0,1,4,1,0,2,2,0,0,2,1,0,2,2,2,1,0,2,0,1,1,1,0,1,0,0,2,0,1,1,3,1,0,0,2,0,0,1,0,0,1,1,3,3,1,1,0,1,1,1,0,3,0,0,0,0,1,3,3,3,2,1,1,1,0,0,1,1,0,1,2,1,1,0,0,4,1,2,2,1,0,4,3,1,1,1,0,0,0,0,1,1,0,3,0,1,2,2,2,0,2,0,3,0,1,0,2,0,0,0,1,1,0,0,1,0,2,1,3,0,0,0,0,1,0,2,1,2,2,1,0,1,1,0,1,0,1,2,1,3,1,0,2,0,0,0,2,0,1,5,0,1,0,0,0,1,1,0,0,1,2,2,0,0,1,2,2,0,0,0,2,1,1,0,2,0,2,1,0,1,4,1,0,4,2,1,0,0,1,0,2,0,0,1,0,0,1,0,5,1,1,2,1,0,4,1,1,0,1,1,1,0,2,1,1,2,1,2,0,0,4,1,2,1,0,2,0,0,0,1,2,0,2,2,1,0,2,0,0,5,0,1,0,1,0,1,1,1,0,0,1,2,0,1,0,5,1,1,1,0,2,2,0,1,0,1,0,0,5,2,0,0,1,0,2,0,2,0,1,2,5,2,0,1,0,1,2,1,2,1,1,1,1,0,1,1
"Gene103",1,0,0,0,1,1,0,0,0,1,1,0,2,4,2,1,0,2,2,1,1,1,1,1,1,0,2,0,3,2,0,1,0,0,1,1,0,1,1,0,0,0,3,0,2,0,0,0,0,4,0,1,1,0,1,1,1,2,1,0,1,1,1,1,1,1,0,1,1,1,3,1,1,0,2,0,3,2,2,0,0,1,0,2,1,1,0,0,1,0,1,0,1,1,0,0,2,3,2,0,2,3,2,3,1,2,0,1,0,1,0,1,1,0,2,0,0,2,2,1,3,2,0,0,2,1,0,0,2,4,2,0,1,4,2,2,2,0,0,0,3,1,0,1,1,0,0,0,1,2,1,0,0,2,2,1,1,0,2,2,0,1,1,1,0,1,1,0,0,0,2,1,0,2,0,0,0,1,0,1,1,1,0,1,2,0,1,2,0,1,5,0,4,0,0,0,2,0,0,0,1,1,4,1,0,1,1,2,1,1,0,2,1,0,0,1,2,2,2,1,2,4,0,0,0,0,1,0,2,0,0,0,4,0,1,1,1,0,0,2,0,1,0,0,1,0,1,1,2,0,1,0,1,4,2,1,0,1,2,1,0,1,0,1,0,1,1,0,0,0,1,2,1,1,0,1,4,1,1,0,2,1,1,1,2,1,1,0,0,0,0,1,1,1,1,1,1,2,1,4
"Gene104",3,0,2,2,3,2,1,1,5,0,0,0,1,1,2,1,0,0,6,0,0,1,0,1,0,0,0,0,4,2,1,0,0,1,1,0,0,0,0,0,1,0,2,1,1,0,1,2,1,0,0,0,0,1,2,3,1,1,0,2,0,1,0,1,0,0,3,1,1,3,1,0,0,0,1,0,0,0,0,1,0,1,1,1,1,1,3,2,1,1,3,0,1,1,1,1,0,0,1,2,0,3,0,0,1,3,1,2,2,1,2,3,0,1,2,1,0,1,1,0,1,0,2,1,0,3,1,0,0,0,0,1,0,5,0,1,2,0,2,1,5,1,3,0,1,0,0,0,1,0,0,0,0,1,0,0,2,2,0,1,0,1,1,2,2,0,1,1,0,0,0,2,2,0,2,0,4,2,1,1,0,4,2,4,7,1,0,0,1,1,1,2,2,1,4,2,1,4,1,0,1,0,2,1,1,4,0,0,0,0,1,1,0,1,0,1,1,1,0,1,5,1,1,1,2,0,1,1,1,1,1,2,1,1,0,1,1,1,2,1,1,0,0,4,1,2,2,1,0,1,2,2,1,2,2,0,0,1,0,2,1,0,1,4,2,2,0,2,0,1,1,0,2,1,1,1,2,1,2,1,2,0,1,0,1,0,1,0,4,0,1,2,1,1,1,0,1,4,1,2
"Gene105",1,0,2,2,1,0,0,1,2,1,2,0,1,2,0,2,0,1,1,0,1,2,0,3,0,0,0,1,0,1,1,1,0,1,1,4,5,2,0,0,2,1,2,2,1,2,0,3,0,0,1,1,1,1,0,1,0,1,0,3,0,0,2,1,1,0,1,1,0,1,1,0,3,0,0,0,1,1,0,1,0,1,0,0,1,3,0,1,0,0,0,1,1,0,1,0,0,2,0,1,0,1,0,0,2,1,0,1,0,0,1,2,2,2,0,2,1,1,0,0,0,2,0,1,1,3,0,2,2,1,1,0,1,1,2,1,0,2,1,2,0,2,1,0,2,1,1,0,1,0,1,1,1,1,1,0,1,1,0,1,0,0,0,0,0,4,0,6,0,1,4,0,0,0,2,4,2,0,0,0,0,0,0,1,1,0,1,0,2,2,6,0,5,0,2,1,0,2,0,1,1,2,1,1,0,5,1,0,0,0,2,1,1,0,2,2,0,4,2,2,2,0,1,2,0,0,0,1,1,0,5,0,1,0,1,1,0,4,5,2,1,1,0,0,0,2,1,0,2,1,4,0,1,2,0,0,2,0,1,1,0,4,0,0,1,1,4,0,4,1,4,1,1,0,0,1,1,0,2,0,1,2,0,1,0,1,2,0,2,1,1,0,0,1,1,2,0,0,2,0
"Gene106",2,2,1,0,1,0,1,2,0,0,1,1,1,3,0,1,0,1,2,0,1,1,1,1,1,1,0,1,2,0,2,2,0,0,0,2,0,3,1,1,1,1,3,1,1,1,1,0,1,0,2,5,1,2,1,0,0,0,2,1,0,1,0,2,0,0,3,2,2,1,1,1,0,0,3,2,0,0,1,5,0,0,0,0,2,1,1,1,1,0,3,1,0,1,1,1,1,1,2,1,0,1,1,0,1,0,1,1,3,0,1,1,0,1,1,0,0,1,1,0,1,1,0,2,1,0,1,0,2,2,4,2,2,1,2,1,1,0,1,0,0,3,2,2,1,1,2,2,4,1,0,1,2,0,2,0,2,1,1,2,2,1,1,1,1,1,0,1,2,1,0,1,0,1,4,1,0,1,1,1,0,1,0,0,2,1,0,0,1,1,4,0,1,4,0,1,1,0,1,1,5,1,1,2,1,1,1,0,1,0,5,1,0,0,0,2,2,1,2,0,0,1,2,2,1,0,0,1,2,2,1,0,2,4,0,2,0,0,1,1,2,1,1,1,2,0,2,0,0,1,1,1,2,1,0,0,1,1,0,1,4,0,0,1,1,0,0,1,4,0,0,1,0,1,0,5,1,1,1,2,2,0,0,0,0,5,1,0,1,1,0,0,4,5,0,2,1,2,1,0
"Gene107",2,0,1,2,0,1,2,2,3,1,0,3,0,1,0,0,2,1,0,1,1,1,2,1,2,0,1,0,1,1,0,0,1,1,3,0,2,0,0,0,1,3,1,2,2,1,2,1,3,2,2,0,1,0,0,3,1,0,2,0,3,1,4,1,1,1,1,2,1,3,3,0,1,0,1,0,1,3,0,1,0,0,2,1,1,1,2,1,1,2,0,3,2,0,2,3,1,0,2,3,2,0,0,1,0,1,0,0,2,0,0,0,1,1,1,2,1,0,4,0,0,3,1,3,2,1,3,2,0,2,0,1,1,0,1,2,1,0,0,1,2,1,2,1,0,1,0,2,1,0,0,1,0,0,4,0,1,0,0,2,4,2,1,0,0,0,1,0,2,0,2,0,2,0,1,1,1,0,2,0,1,2,1,0,0,1,4,0,0,0,0,1,1,1,1,1,0,4,1,4,0,0,0,2,1,1,2,2,0,4,2,0,1,1,0,2,0,1,0,0,0,2,2,1,4,0,1,0,1,1,0,2,0,0,2,1,0,4,1,0,2,0,5,0,1,0,0,1,0,2,0,2,1,1,1,0,4,2,0,0,1,0,1,4,2,0,1,2,1,0,0,2,0,4,0,2,4,1,1,1,6,2,5,0,1,1,0,0,1,0,2,1,0,0,5,2,0,1,2,2
"Gene108",1,2,3,0,0,0,0,1,1,1,1,2,2,2,0,1,1,2,0,2,2,0,1,1,0,1,1,1,1,2,2,0,0,0,1,0,0,0,3,2,2,2,3,0,0,0,2,0,0,0,0,2,2,0,1,0,1,1,1,3,1,0,2,1,0,1,1,0,0,0,1,0,1,0,1,0,1,2,0,1,1,1,4,3,1,2,2,1,1,0,0,1,0,4,0,0,1,1,3,2,2,1,1,3,0,2,1,1,0,1,2,1,0,2,2,0,2,1,0,2,1,0,2,0,1,1,1,0,1,0,0,2,2,0,1,3,0,3,1,0,0,0,0,1,1,1,2,0,0,0,0,0,1,4,5,0,1,0,2,0,1,1,1,1,1,2,1,0,1,5,0,0,1,2,2,0,0,4,1,0,1,0,0,0,0,0,1,2,0,0,0,0,5,1,2,1,1,1,0,2,1,2,4,2,0,1,0,0,2,1,2,0,0,0,4,4,0,2,0,4,2,0,1,0,4,0,1,1,0,1,1,2,4,0,1,1,1,2,2,2,1,1,1,1,0,0,1,1,0,0,2,0,2,1,0,1,1,2,1,1,0,0,4,4,0,2,0,0,0,1,0,0,0,0,0,2,0,1,0,1,0,4,5,1,1,1,0,4,0,2,2,1,2,2,1,0,0,1,0,1
"Gene109",1,0,3,1,2,1,2,3,1,0,2,1,1,0,0,1,0,1,1,1,1,0,1,1,0,5,2,0,3,1,0,2,1,3,0,0,0,3,1,4,1,0,1,2,0,1,2,1,1,0,1,0,2,1,0,0,2,2,1,2,0,1,2,0,2,2,2,1,1,0,0,2,0,2,1,5,0,1,2,0,1,3,1,1,0,0,1,0,1,1,0,2,0,1,0,2,0,1,0,1,0,0,0,0,2,0,2,0,2,1,0,1,2,2,2,2,1,0,1,0,2,3,0,1,0,2,0,1,1,0,1,2,1,2,0,0,3,2,1,2,1,1,1,1,1,0,0,1,1,2,6,0,2,1,1,0,2,1,1,0,0,1,0,0,4,2,0,0,1,1,4,4,2,1,0,0,0,1,1,1,2,1,4,2,2,1,0,2,0,4,2,1,1,1,1,0,1,0,1,0,1,4,2,0,1,0,2,2,0,0,1,1,0,2,4,0,1,1,1,0,1,1,2,0,1,0,0,1,1,1,1,0,1,2,1,2,1,0,5,2,1,0,0,0,2,0,0,0,0,2,4,2,4,1,2,1,1,0,2,0,2,2,1,2,1,0,1,2,1,1,0,1,0,0,0,2,0,0,0,4,0,1,1,0,2,2,1,2,2,1,5,1,1,0,0,0,0,2,2,1
"Gene110",0,1,1,1,2,1,0,0,2,0,2,1,2,1,1,1,3,1,0,0,2,2,1,1,1,1,0,0,2,2,1,3,2,1,1,0,2,1,2,1,1,2,3,1,0,0,2,1,2,0,2,1,0,2,2,2,1,1,1,0,3,0,3,1,1,1,1,0,0,1,1,1,1,0,0,1,1,0,1,1,1,0,0,1,1,2,1,0,2,1,2,1,2,3,0,0,1,0,0,1,2,3,1,0,1,0,0,1,1,1,1,2,0,0,1,0,0,3,0,0,0,0,2,1,1,3,2,0,1,2,1,3,2,2,1,1,1,1,3,0,1,1,0,1,0,1,0,1,0,3,0,0,2,0,0,5,0,0,2,0,4,1,2,1,1,1,1,1,2,0,0,1,1,0,1,1,1,0,1,0,0,0,2,2,2,0,1,0,4,0,1,1,2,1,1,1,0,0,4,1,0,2,0,1,2,2,1,0,1,0,1,5,2,0,0,1,4,5,0,0,4,1,0,0,1,1,2,0,0,1,1,1,0,1,0,5,0,1,0,1,4,2,1,1,0,4,2,0,0,1,0,1,6,1,1,0,1,1,0,2,1,4,1,4,0,4,2,0,2,0,1,0,1,0,1,2,0,1,1,1,1,2,1,0,2,4,2,0,1,0,1,1,2,0,0,0,2,1,1,2
"Gene111",3,1,0,1,1,2,0,1,1,2,0,0,1,1,1,2,0,3,0,1,0,3,2,2,0,0,2,3,0,0,0,1,1,3,1,1,0,0,0,1,1,1,0,2,1,0,1,2,1,0,4,0,2,3,2,0,2,2,0,0,2,1,4,0,0,0,2,1,1,1,2,1,0,1,1,2,0,1,1,1,1,1,0,2,1,0,2,1,0,0,3,2,1,1,2,0,4,1,0,1,1,0,1,0,2,3,2,0,2,0,1,3,1,1,0,2,2,1,1,2,1,1,0,1,1,0,2,1,0,1,0,4,4,0,2,1,1,1,0,1,0,0,1,2,3,0,1,3,0,0,0,1,2,0,0,0,2,1,1,0,0,1,1,0,1,1,1,1,1,1,0,0,1,1,1,2,0,2,0,1,0,0,1,1,1,0,0,0,2,0,0,1,1,0,1,0,0,0,1,0,0,1,0,2,1,1,1,1,1,4,2,0,1,0,0,2,4,2,4,4,1,0,0,1,1,1,1,0,1,0,0,2,2,0,0,1,0,2,1,2,4,2,1,0,1,0,2,1,0,2,1,4,1,0,1,1,2,2,1,1,0,1,2,1,1,1,0,1,1,0,1,0,0,1,1,1,2,0,2,1,1,1,2,0,1,0,4,1,0,0,1,1,0,1,2,5,1,0,1,1
"Gene112",0,0,2,1,0,0,0,1,0,0,0,1,1,0,0,0,2,2,0,1,2,1,1,1,2,1,2,0,0,1,0,1,1,1,0,0,1,0,1,1,0,1,0,0,3,0,1,1,0,1,2,2,0,0,0,1,0,1,0,3,2,0,0,0,0,1,1,0,1,1,1,1,1,0,1,2,3,1,3,1,1,2,0,1,0,3,3,0,0,3,0,0,2,3,2,1,0,1,0,0,2,1,1,1,3,0,3,6,1,0,2,1,1,0,1,0,0,1,0,1,0,0,0,3,2,1,0,2,1,1,1,1,1,1,1,2,0,0,0,1,1,0,0,0,0,1,0,1,3,1,2,0,0,1,2,0,0,1,1,0,0,0,2,0,1,2,1,0,0,2,0,1,0,1,4,1,1,0,1,2,1,2,0,5,0,0,0,0,4,1,1,0,5,0,0,0,1,2,0,0,0,0,2,0,2,4,1,0,0,0,0,0,6,0,4,1,1,5,0,0,2,1,1,0,1,2,2,0,1,1,1,4,0,0,1,2,2,0,2,1,1,0,2,4,4,2,1,1,0,1,1,1,2,1,0,1,1,1,4,0,2,0,0,0,1,1,0,2,0,1,1,1,1,6,0,0,1,1,0,4,0,0,1,0,2,0,0,2,0,1,1,1,1,2,0,1,0,1,0,1
"Gene113",0,0,1,1,0,0,1,1,1,4,3,1,2,2,1,1,0,1,0,0,1,1,0,1,0,1,1,2,0,1,3,0,2,3,1,1,1,1,3,1,1,1,0,4,1,1,2,0,2,0,0,0,1,0,2,1,0,0,1,0,2,1,3,2,0,0,0,0,0,1,0,0,1,1,0,3,3,1,1,0,3,1,0,1,0,0,0,0,0,1,2,0,0,1,0,1,4,0,1,0,2,3,1,3,1,0,1,1,1,1,1,2,1,1,3,3,0,1,0,2,1,0,1,1,0,0,2,0,2,0,1,2,1,0,1,1,1,0,0,3,0,0,1,1,0,1,2,0,0,1,0,4,4,1,2,4,2,0,2,0,1,1,5,2,1,2,1,0,2,2,0,0,0,0,0,4,1,1,1,1,1,2,1,1,0,1,0,0,0,2,1,0,1,2,2,1,0,1,1,1,0,1,4,1,1,4,2,0,1,1,0,0,1,0,1,4,2,1,2,0,0,1,1,0,0,2,4,2,0,2,5,4,1,1,0,0,4,1,2,4,0,1,1,4,1,2,0,1,1,1,1,4,1,0,1,0,0,2,2,0,1,4,1,1,0,2,0,2,0,1,1,1,1,1,2,5,1,1,4,2,2,0,2,1,0,0,0,0,1,0,0,1,2,1,0,0,0,1,1,1
"Gene114",3,4,1,4,1,1,1,0,1,1,0,0,1,1,1,0,0,1,3,0,3,1,0,1,1,1,0,2,2,0,1,0,2,2,0,0,1,1,2,0,0,1,2,1,0,2,2,2,0,1,2,0,1,0,3,1,1,1,0,1,1,2,0,1,0,1,1,1,0,1,2,0,0,0,1,0,2,0,3,0,0,2,2,1,2,1,0,1,2,1,0,1,2,0,0,1,1,0,2,0,2,3,1,1,0,0,2,4,0,1,0,0,1,2,0,1,1,2,1,0,1,1,0,1,1,1,1,1,0,0,1,0,2,0,0,2,0,0,0,1,2,1,3,1,2,1,0,0,1,2,1,0,0,1,1,1,0,0,4,1,1,0,0,0,0,0,0,2,0,1,0,2,1,0,4,2,0,2,2,1,0,1,0,5,1,1,1,1,1,1,0,5,2,0,0,2,2,1,0,1,0,0,0,2,0,2,0,2,1,1,2,0,1,1,1,0,5,1,2,4,2,1,1,1,1,2,2,0,1,0,0,0,1,0,0,5,1,2,4,0,2,1,4,0,1,1,1,1,0,0,1,0,1,1,0,1,0,2,0,0,2,1,1,2,0,2,0,5,1,2,0,0,1,1,1,0,0,1,0,0,0,0,0,1,2,1,2,0,0,1,1,1,0,0,2,1,4,1,0,1
"Gene115",1,1,0,4,1,1,0,1,1,3,0,2,4,1,0,1,0,2,1,2,2,2,0,2,1,2,1,0,1,4,2,1,1,1,2,1,0,2,1,2,1,1,0,5,1,1,2,0,0,0,2,1,2,0,0,0,1,1,1,1,0,2,0,0,0,3,2,0,0,2,3,0,1,1,0,0,3,2,1,0,0,1,0,1,0,2,0,1,0,1,2,1,2,2,0,1,2,1,2,0,0,0,0,2,1,1,0,0,1,0,3,0,0,1,1,0,1,2,1,2,0,1,3,0,1,0,1,2,0,0,0,2,1,2,2,1,0,0,1,2,3,1,4,0,0,1,4,1,0,0,1,1,0,1,2,0,5,1,4,1,1,1,0,1,4,1,0,1,0,0,0,0,1,1,1,0,2,1,1,0,1,1,0,1,1,1,0,5,0,4,1,2,4,1,2,0,1,4,1,0,0,1,4,1,1,0,1,5,0,0,0,0,0,2,0,4,1,0,1,1,0,4,0,0,1,0,1,0,1,1,0,1,0,2,1,0,1,2,0,2,1,0,1,1,0,0,0,1,1,5,1,0,1,4,0,1,0,0,2,0,1,1,0,1,1,1,0,0,0,1,2,1,1,0,0,0,2,0,2,4,1,2,0,4,0,2,0,1,0,0,2,1,0,0,0,0,0,0,0,1
"Gene116",0,2,0,1,0,2,3,0,0,2,1,2,0,0,1,0,0,2,1,0,0,1,1,2,0,0,0,2,0,3,1,0,0,0,1,1,3,1,0,4,2,2,1,1,2,3,2,0,3,0,1,1,1,0,0,2,4,1,1,2,1,1,2,1,0,1,1,3,1,1,1,0,1,3,0,1,0,0,2,0,1,2,0,0,1,1,0,1,0,1,1,3,2,0,2,0,1,0,0,1,1,1,0,0,1,0,1,2,1,0,1,3,0,2,2,1,1,0,3,0,2,3,2,1,1,0,0,0,2,2,2,0,0,0,0,1,0,0,2,1,2,0,0,2,0,0,0,1,2,2,1,2,1,0,1,2,1,1,0,1,1,2,0,0,0,1,2,1,1,1,0,0,1,2,1,0,2,0,0,2,1,4,4,1,1,1,1,1,0,1,1,0,0,0,0,0,1,2,1,1,1,2,1,0,0,1,1,1,1,2,0,1,0,0,1,2,0,1,0,1,2,1,4,0,0,4,0,2,5,1,0,0,1,0,1,1,1,2,1,0,1,0,0,1,1,1,1,2,2,0,1,0,0,0,2,1,0,0,4,1,0,0,0,1,1,0,1,0,0,1,0,1,4,1,1,1,2,1,4,1,1,2,0,0,2,2,0,2,0,0,0,0,2,2,0,2,0,2,0,0
"Gene117",1,2,1,1,2,0,0,1,1,0,2,1,0,1,0,1,1,0,0,0,0,2,1,3,2,1,2,1,4,1,0,2,3,3,0,2,2,0,1,0,0,3,1,0,0,0,1,0,1,0,0,0,1,1,3,1,0,0,2,1,0,1,1,0,1,1,1,1,5,1,2,2,1,1,2,0,2,0,0,0,0,2,1,2,0,0,3,3,0,0,0,1,0,1,1,1,3,1,0,1,1,2,1,1,2,2,2,0,0,0,3,1,1,0,0,0,0,3,0,1,1,0,0,1,1,2,1,1,0,2,0,0,0,1,0,1,0,1,0,0,1,0,2,1,2,1,0,0,1,1,0,1,1,0,0,1,0,0,1,2,1,0,0,2,0,1,0,1,1,1,2,0,0,0,0,2,1,1,0,0,1,2,0,1,2,0,0,5,0,1,1,2,0,2,0,0,2,1,1,0,1,0,1,0,1,0,0,1,1,0,0,1,5,0,4,4,1,1,0,2,1,0,1,4,0,0,5,2,1,0,2,2,1,2,5,4,1,0,1,1,0,4,0,0,2,1,2,5,0,2,0,0,0,2,0,1,0,0,2,0,2,0,1,4,0,0,1,0,1,1,2,0,2,0,1,1,1,1,0,1,0,2,2,1,2,1,0,2,0,1,0,1,0,0,2,2,0,1,4,0
"Gene118",3,2,3,0,0,1,3,1,1,1,2,1,1,2,1,2,1,1,1,0,1,0,2,0,0,0,0,0,0,2,1,3,2,0,3,0,2,2,2,1,1,1,2,0,1,1,2,0,3,1,0,2,0,2,0,1,3,0,1,4,0,0,0,2,2,3,1,0,2,0,2,1,1,0,0,0,0,2,2,2,1,0,1,0,0,2,3,0,1,1,0,5,1,0,1,2,2,0,0,1,1,0,2,0,1,1,2,0,1,0,1,1,1,1,1,2,2,1,0,2,2,1,2,0,1,5,2,3,1,0,0,0,0,1,0,2,1,1,1,1,0,4,0,0,1,0,3,2,1,0,2,2,4,1,4,0,0,0,0,1,1,4,2,1,0,2,1,0,0,1,0,2,0,1,1,0,1,1,1,1,0,0,1,0,0,1,0,1,0,0,0,1,0,0,0,0,1,0,2,0,1,0,4,2,1,1,2,1,1,1,2,1,0,0,0,1,1,0,1,2,0,1,5,0,2,0,5,0,1,2,1,1,4,6,0,1,0,1,1,0,1,1,2,1,1,0,0,2,5,1,1,1,1,0,1,1,0,2,1,1,0,0,1,0,1,0,0,1,1,4,2,0,0,0,0,1,0,0,1,1,0,0,0,0,1,1,1,2,1,0,1,0,2,0,2,2,0,2,0,0
"Gene119",1,3,0,1,1,1,1,0,1,0,1,1,0,2,1,1,1,1,1,0,1,0,0,1,0,1,1,1,0,0,1,1,0,0,2,5,1,0,3,1,1,0,2,0,0,2,0,2,2,1,5,0,3,1,1,1,1,4,1,0,1,1,0,0,0,0,2,0,0,0,0,1,1,1,0,0,0,3,1,0,0,0,1,1,3,0,0,0,2,2,2,1,2,0,2,1,1,1,0,1,1,2,1,3,0,1,3,2,0,0,0,1,0,1,0,0,2,0,2,3,1,1,1,2,1,1,1,0,0,1,0,0,1,1,2,2,1,0,2,3,1,0,1,1,0,2,1,2,2,1,2,1,4,1,2,2,1,1,2,2,4,1,1,0,0,0,0,2,0,0,2,1,0,1,1,0,0,0,0,0,1,0,2,2,0,1,2,4,0,4,1,0,0,4,2,1,0,0,2,1,1,1,2,1,1,0,1,0,0,4,1,1,2,1,0,0,1,1,1,1,1,1,1,1,4,0,0,1,0,0,0,2,0,0,0,1,1,1,1,0,2,1,1,1,0,1,1,0,0,0,1,2,0,1,2,1,0,1,1,2,0,1,4,2,1,1,0,1,0,2,2,0,1,0,0,0,1,0,0,1,0,0,4,5,2,4,0,0,1,2,0,2,1,1,1,0,1,1,0,2
"Gene120",1,0,1,0,2,3,1,1,2,2,1,2,1,4,0,1,2,0,2,1,4,3,0,3,1,0,1,3,1,2,1,1,1,0,0,0,2,0,0,2,3,1,1,1,2,2,1,3,1,1,1,1,0,0,5,0,0,0,0,3,0,2,1,2,3,1,1,1,0,1,0,0,1,0,3,1,2,1,1,0,1,2,1,0,0,0,1,2,1,1,1,1,1,1,0,0,0,2,1,2,0,1,0,0,1,0,1,0,2,2,1,1,2,0,0,3,0,2,2,1,0,1,0,0,3,2,0,0,1,1,0,1,1,1,1,0,1,0,0,0,0,3,0,1,1,0,0,1,1,1,0,1,1,2,2,1,2,1,1,1,0,1,0,1,2,0,1,0,2,1,0,0,0,0,5,4,1,2,1,2,1,1,0,0,0,2,0,2,0,1,0,0,1,2,0,1,2,1,0,4,0,2,0,0,1,5,2,0,1,1,0,0,1,1,1,1,0,2,0,2,2,1,0,4,0,0,2,2,0,1,4,1,0,1,1,0,2,0,2,0,1,1,1,2,1,1,2,0,1,2,1,1,0,0,0,0,2,4,2,0,0,0,1,2,1,2,0,2,2,4,1,2,2,4,1,4,0,0,0,0,1,0,0,1,0,0,1,4,1,0,0,1,1,0,0,0,0,0,2,1
"Gene121",1,2,0,0,3,2,0,1,2,1,0,1,1,1,0,1,3,0,0,0,1,3,5,2,1,0,1,1,0,2,2,1,0,1,0,2,3,1,3,2,0,2,0,1,1,0,2,0,0,0,0,0,0,0,1,0,1,0,1,0,0,0,1,2,0,1,1,2,2,0,2,3,0,4,0,2,3,0,1,0,1,1,0,2,0,0,2,0,0,1,0,0,1,1,3,0,0,4,3,1,0,1,0,2,2,3,1,2,1,1,1,0,3,0,2,1,3,1,0,2,0,1,0,0,0,0,2,0,0,3,7,2,0,1,1,0,0,0,2,0,3,1,0,1,0,1,1,1,1,1,0,2,0,0,2,1,1,0,1,1,0,1,2,1,1,1,1,2,1,1,0,1,2,0,1,0,1,0,1,1,2,1,0,0,0,0,7,2,1,0,2,0,1,1,1,1,2,0,1,5,1,1,4,1,1,1,1,1,1,0,1,0,0,1,4,0,0,2,0,0,0,0,1,1,0,0,2,2,0,1,2,1,0,1,0,4,0,0,0,0,0,1,0,0,1,1,1,1,2,0,4,2,2,0,0,0,0,0,1,4,2,1,1,0,2,2,2,5,0,2,0,0,0,2,2,0,0,1,0,0,0,0,1,4,1,4,0,1,0,0,1,2,4,0,1,0,0,5,1,0
"Gene122",0,2,0,0,1,0,0,1,2,0,2,1,1,2,0,3,1,1,3,1,3,1,1,2,2,0,0,1,3,1,2,1,1,1,1,1,1,1,2,0,1,2,0,1,2,2,0,3,2,1,1,0,0,1,1,1,0,1,0,1,0,3,0,0,3,1,1,0,1,2,1,1,2,1,2,0,1,0,1,0,1,2,1,1,4,2,0,0,1,1,0,0,0,2,2,0,1,2,0,2,0,1,1,1,1,3,1,0,0,1,1,5,0,2,0,4,1,1,2,0,0,0,1,1,0,0,0,1,0,0,3,0,0,1,3,3,2,0,1,3,0,4,1,3,2,1,1,0,0,1,2,0,1,0,0,0,0,2,1,0,0,0,1,0,1,2,4,1,0,4,2,2,0,0,0,1,1,0,2,2,0,1,1,0,0,1,0,1,0,2,1,2,0,1,1,1,1,1,0,1,1,0,0,1,1,0,2,1,1,1,0,2,0,0,0,2,1,1,1,0,0,1,1,1,1,1,1,6,2,2,1,4,0,2,0,0,0,0,2,0,1,1,1,0,1,0,1,0,0,0,0,1,0,0,2,0,0,1,0,0,1,0,2,0,0,1,0,0,2,0,0,0,2,0,4,0,1,1,0,0,0,0,4,1,0,2,1,4,0,1,0,1,1,0,2,4,1,0,2,1
"Gene123",0,2,1,0,0,0,2,0,0,2,2,0,0,0,1,0,0,1,2,3,1,0,0,1,1,1,1,2,1,2,0,0,0,3,0,2,1,0,1,0,1,0,1,0,0,2,3,0,0,1,0,3,4,0,1,2,0,0,2,1,1,3,1,0,3,2,1,0,2,0,0,2,1,1,1,2,2,1,2,2,0,1,1,1,4,0,1,1,0,0,1,0,2,1,2,1,3,2,0,0,1,2,0,1,0,1,2,2,1,1,1,0,0,2,0,2,0,0,2,2,2,1,0,0,2,0,2,0,0,1,4,2,2,0,1,0,1,1,2,0,1,0,2,2,0,0,0,1,2,1,1,0,1,2,1,1,4,0,0,1,0,1,2,0,2,0,1,4,1,1,0,1,1,1,1,1,0,1,2,0,1,4,0,0,0,0,0,0,0,0,0,1,1,1,1,0,2,2,2,4,0,0,2,4,0,0,1,2,1,2,2,1,2,0,1,0,1,1,0,1,0,2,2,1,1,1,0,1,2,2,0,2,1,0,0,0,1,1,1,1,4,1,0,0,1,2,0,1,0,4,0,0,0,1,1,1,5,1,1,0,0,0,0,0,4,1,0,1,1,1,0,0,5,0,1,1,0,1,0,1,2,1,1,4,1,1,2,1,0,2,0,2,1,2,1,4,1,1,1,1
"Gene124",0,1,0,2,0,1,3,0,0,2,0,0,0,0,0,1,0,0,0,0,0,2,1,0,1,1,2,1,2,0,2,0,1,0,0,4,1,1,0,1,0,0,1,2,0,1,1,1,0,0,1,1,0,2,1,0,1,0,1,2,1,1,3,0,0,0,1,1,0,1,0,1,1,2,0,0,1,0,1,0,2,2,0,0,1,1,2,2,1,0,1,1,1,0,2,2,2,4,1,2,1,2,2,2,2,1,0,0,1,0,0,0,4,0,0,1,0,0,1,0,0,1,0,1,0,1,0,0,1,0,0,2,4,0,0,0,1,0,1,0,1,3,1,0,2,0,1,0,2,0,0,1,5,2,1,2,1,4,2,2,2,4,0,2,2,1,1,1,0,0,0,0,1,0,0,1,2,1,4,0,0,5,0,2,1,0,1,0,0,0,1,1,2,1,0,0,2,2,0,0,0,1,0,0,2,1,1,1,1,0,4,0,1,2,1,2,0,0,0,0,0,0,0,1,0,0,0,0,1,1,0,1,4,2,0,1,0,1,0,1,2,1,1,0,0,0,1,5,1,0,0,1,0,1,1,4,0,0,4,0,1,0,0,2,2,0,1,1,0,1,0,1,0,2,2,4,1,0,5,0,1,0,1,2,2,0,0,0,1,1,0,0,1,0,0,0,0,0,4,0
"Gene125",1,0,0,1,2,2,1,1,3,2,1,1,1,1,2,1,1,0,1,1,2,0,1,0,3,0,1,4,1,3,1,2,0,1,1,1,2,0,1,0,3,1,0,1,0,0,1,0,0,0,0,0,0,1,0,0,0,1,1,2,1,1,1,2,3,1,0,2,0,0,3,1,3,3,1,3,0,0,0,3,1,1,0,0,0,1,1,3,2,0,1,2,4,1,3,3,1,3,1,2,1,1,0,1,0,1,2,0,0,1,1,4,0,0,2,1,1,2,0,3,2,0,2,1,2,1,0,0,0,0,0,2,1,2,2,1,1,3,0,0,0,0,1,1,0,0,1,1,0,3,0,2,1,2,0,1,2,1,0,1,2,4,0,0,1,2,1,0,1,1,2,1,2,0,2,1,1,0,1,2,1,1,1,4,0,0,1,2,1,0,1,0,1,0,2,2,1,0,2,4,1,5,1,2,0,0,0,0,1,4,0,2,1,1,1,1,2,1,1,0,1,2,1,0,0,0,1,1,0,0,0,0,1,2,0,2,0,1,0,0,0,1,0,1,2,1,1,2,1,4,4,0,2,0,4,0,0,2,1,4,4,0,2,0,0,1,0,2,4,1,0,1,0,5,4,1,2,1,1,4,1,0,0,1,2,0,0,2,0,1,2,8,0,1,6,1,2,0,1,0
"Gene126",4,0,0,2,0,1,2,3,3,1,1,2,2,1,0,1,3,2,1,0,1,0,0,3,2,3,3,2,1,0,1,1,1,0,2,2,1,1,1,1,2,0,1,0,1,2,2,0,0,3,3,0,1,0,0,0,0,1,1,2,1,0,1,0,1,0,4,0,0,1,0,1,1,4,1,2,1,3,0,4,3,2,3,0,1,0,1,0,1,2,1,0,0,3,0,1,2,1,1,0,5,3,0,1,1,2,1,1,0,0,1,0,2,0,0,0,0,0,1,2,1,0,1,2,0,2,1,4,1,1,0,0,1,2,3,1,1,1,1,1,0,0,1,1,1,1,1,0,2,0,1,0,2,0,1,0,4,2,0,0,0,1,1,0,2,1,1,0,0,1,0,1,1,0,0,1,1,2,1,2,1,0,1,1,0,2,0,1,0,1,1,0,0,0,0,1,1,0,2,0,2,0,0,2,4,0,2,1,0,1,6,2,1,1,2,0,2,2,0,1,1,0,0,0,1,0,1,2,1,0,0,0,0,1,0,4,1,5,1,1,0,2,2,4,0,1,0,0,2,1,0,1,0,2,0,1,2,0,1,0,1,2,1,1,0,0,0,0,0,0,2,1,0,1,1,0,0,1,0,2,1,0,0,0,1,1,1,0,1,0,0,1,0,1,0,4,0,1,0,4
"Gene127",0,0,3,1,2,0,1,0,1,0,2,1,0,2,0,0,1,1,0,1,1,2,0,2,3,0,1,0,0,1,1,1,0,1,1,0,1,0,0,1,0,2,4,0,0,1,1,1,0,2,1,1,0,2,0,0,0,1,1,1,0,3,1,2,1,2,1,0,0,2,0,1,1,1,1,2,3,1,1,2,3,1,1,1,3,4,3,1,2,0,2,2,0,1,0,1,1,2,1,4,0,0,1,0,1,1,0,1,3,3,2,1,0,2,1,1,1,3,0,0,2,0,1,1,0,0,1,1,1,2,1,1,2,4,0,2,0,2,0,3,0,0,1,0,0,2,1,0,2,1,1,0,2,4,0,1,0,0,0,0,1,0,0,1,1,2,2,1,0,2,2,2,4,1,1,0,0,2,1,2,1,0,0,1,0,1,1,1,0,2,1,1,0,1,0,1,4,1,1,1,0,2,5,1,0,0,1,0,0,1,0,2,0,2,0,1,1,1,0,1,1,2,1,5,1,1,1,0,1,0,1,0,1,1,5,2,0,0,2,2,1,2,0,2,0,0,0,0,1,1,2,2,1,2,2,1,2,2,2,2,1,4,4,0,1,0,1,0,0,0,0,1,0,1,1,4,1,4,1,2,0,0,0,1,1,1,2,0,0,4,1,0,2,2,0,2,2,0,0,1
"Gene128",0,2,1,0,1,0,1,0,2,2,2,0,0,0,1,2,3,2,0,0,1,0,0,2,2,1,1,1,2,0,0,5,0,0,0,3,0,2,1,0,1,2,0,0,0,0,0,0,2,0,0,0,2,0,2,2,0,2,1,1,1,1,2,1,1,0,2,2,0,0,1,0,1,0,3,1,0,0,1,1,0,0,1,0,1,1,1,0,2,1,2,1,2,1,0,4,1,0,0,0,1,3,2,1,0,2,2,0,1,2,1,1,2,2,0,3,1,0,0,2,1,0,1,2,1,1,0,1,2,1,4,1,1,3,0,1,3,0,2,1,0,2,1,2,0,2,0,1,0,2,0,1,0,1,1,1,2,4,2,1,4,4,1,2,1,0,1,2,0,2,0,0,5,0,0,1,0,0,0,0,0,1,1,2,1,2,1,1,0,1,2,4,0,1,4,0,1,1,0,1,1,0,1,2,2,1,0,1,1,0,1,1,2,2,2,1,0,2,0,5,1,1,2,2,0,1,0,1,0,0,1,2,0,4,0,0,1,1,0,0,2,1,0,1,0,2,0,1,0,0,0,1,1,4,1,1,1,0,1,0,2,1,4,1,0,2,1,1,1,2,1,1,1,0,1,1,1,1,1,0,1,1,5,2,1,1,2,5,0,2,0,1,1,1,4,0,4,0,0,1
"Gene129",0,0,0,1,1,0,0,0,1,0,1,2,4,1,1,3,1,1,1,1,3,0,4,1,0,1,1,2,1,1,3,4,2,2,0,1,0,1,0,0,0,3,1,1,0,0,1,0,1,1,0,1,1,0,1,3,1,1,1,1,0,1,0,1,0,0,0,2,0,2,0,1,1,0,1,1,0,1,0,0,0,0,0,3,1,0,1,0,1,0,3,0,1,2,3,2,0,0,0,2,0,1,1,0,1,0,2,2,1,0,1,0,1,0,2,1,2,0,0,1,2,0,2,0,0,0,3,1,0,0,0,0,1,1,0,1,1,1,1,3,3,2,1,2,1,1,1,0,2,0,0,1,1,2,1,0,0,2,0,0,2,1,2,1,1,4,1,0,2,1,1,0,0,1,1,0,2,1,4,5,1,1,2,4,0,1,0,0,1,1,1,0,2,0,0,1,2,1,0,1,2,1,1,2,0,1,1,1,2,1,4,0,1,1,2,0,4,2,0,2,1,2,0,0,0,0,0,5,0,0,1,0,4,2,0,0,1,4,1,0,0,1,1,0,1,0,1,0,0,2,0,1,0,0,2,1,4,1,0,1,1,1,0,0,0,2,0,0,0,1,0,1,2,2,1,5,0,0,1,1,1,1,1,0,1,1,4,2,2,1,0,1,1,0,2,2,0,1,0,0
"Gene130",1,0,1,2,3,0,3,1,0,2,2,1,1,1,0,2,1,1,0,0,1,3,0,3,1,1,2,2,0,1,0,1,0,1,0,1,1,0,1,1,0,1,0,0,0,1,1,0,1,0,1,2,0,1,1,0,1,0,3,1,1,4,1,1,1,0,1,0,1,0,0,0,0,1,1,2,1,1,0,0,0,1,2,1,1,1,1,2,1,0,2,2,3,0,0,0,1,0,0,0,0,1,0,1,2,1,2,2,0,1,2,0,1,0,3,0,2,0,1,2,1,0,1,0,1,1,0,3,1,2,0,2,2,0,0,3,0,2,1,0,2,1,0,4,3,0,3,2,3,2,0,0,1,2,0,0,1,0,0,0,0,2,1,2,0,0,1,0,1,0,0,1,0,0,0,1,5,2,0,0,0,0,0,2,1,1,1,1,1,2,1,0,1,0,1,1,0,2,4,1,2,0,1,1,1,4,1,2,0,0,4,2,1,4,4,1,2,0,2,4,1,4,0,2,4,1,0,1,0,0,2,1,0,1,1,0,5,0,5,4,1,2,0,1,1,2,0,4,1,2,0,1,0,1,4,1,0,0,1,2,2,1,0,0,0,2,0,0,0,1,2,0,0,1,2,0,2,2,0,2,0,0,0,2,2,2,2,1,1,1,1,0,0,6,0,4,1,0,0,4
"Gene131",1,2,1,2,0,1,0,1,0,1,2,0,0,2,1,0,0,2,1,1,1,2,2,1,1,0,1,2,0,2,0,0,1,1,2,0,0,2,0,0,0,3,0,0,4,1,1,1,2,1,0,0,3,0,1,2,0,0,0,1,2,2,0,1,1,1,0,0,0,0,1,0,2,0,2,2,0,2,1,0,1,1,1,1,0,2,1,0,0,3,1,1,5,2,2,1,2,2,1,1,0,1,1,0,2,0,2,0,1,3,3,2,0,2,1,0,1,3,1,3,2,3,2,0,3,2,2,2,2,0,4,2,0,1,3,2,0,1,4,0,0,3,2,1,2,1,2,0,1,1,2,0,1,1,2,2,1,2,1,0,1,4,1,1,2,0,0,0,0,0,0,0,2,1,2,1,2,0,2,1,2,0,1,1,0,5,4,4,1,0,2,2,0,1,1,0,0,1,0,1,1,1,6,1,0,0,1,1,2,1,4,0,0,0,5,0,4,2,4,2,0,0,1,0,1,1,1,1,0,0,2,0,4,2,2,0,1,0,0,2,0,1,1,1,1,0,0,1,5,5,4,1,1,0,1,0,0,1,2,0,2,4,0,0,2,0,2,2,0,0,2,2,1,0,1,1,1,2,1,2,1,0,0,1,5,4,0,0,1,1,2,1,2,0,1,1,0,0,1,0
"Gene132",2,2,2,1,1,2,1,0,1,1,0,2,0,1,1,1,1,0,2,0,0,1,2,0,1,0,1,2,1,1,2,0,1,0,0,1,2,1,2,2,1,1,2,2,0,1,1,1,0,0,1,1,1,0,0,0,1,0,0,0,1,0,0,1,2,0,1,2,1,0,0,0,0,0,0,0,1,0,0,0,2,0,0,0,3,2,0,2,0,0,0,2,1,0,0,0,3,3,2,0,3,1,1,0,1,0,1,1,1,0,1,2,1,2,0,0,2,2,1,1,2,1,2,0,3,1,1,5,1,2,1,4,1,1,1,1,1,3,2,2,1,0,1,2,0,0,0,0,0,2,0,2,0,0,2,0,2,0,1,0,1,2,2,2,4,1,0,1,2,1,0,1,0,2,1,0,1,2,2,1,0,0,1,4,2,1,1,1,1,0,1,1,1,0,0,0,1,0,1,2,2,2,0,0,1,2,6,1,0,1,1,2,1,5,4,0,0,1,0,2,2,1,1,2,1,1,0,4,0,2,0,1,1,0,0,2,2,1,1,2,0,4,0,1,1,2,1,2,1,2,2,1,4,0,0,1,0,1,1,1,0,2,1,1,2,1,2,0,0,1,1,1,1,1,2,2,2,1,0,0,2,0,2,1,2,1,1,2,0,1,0,0,1,4,0,0,0,4,0,0
"Gene133",1,1,1,1,0,0,2,0,1,1,1,1,3,0,0,1,1,0,1,2,3,1,0,3,0,0,1,1,1,0,2,1,2,2,2,2,1,2,2,1,2,3,2,3,1,2,0,1,1,3,1,0,1,1,3,3,2,0,0,1,1,2,1,0,0,0,2,1,1,0,0,0,0,1,1,0,1,0,2,2,1,0,3,1,2,0,0,3,1,0,2,0,0,2,0,0,2,1,0,3,1,0,0,2,1,0,1,0,1,0,1,1,1,2,0,0,0,1,2,2,0,0,2,3,2,0,0,1,1,3,2,1,5,0,0,3,1,3,1,0,0,0,1,1,1,0,3,0,0,2,1,1,4,1,0,7,0,1,1,0,2,1,0,2,4,4,2,0,1,0,0,0,0,1,0,0,2,0,1,0,0,0,1,1,1,1,2,0,0,0,1,0,1,2,0,1,0,2,7,0,1,4,1,1,1,1,1,1,1,0,1,2,1,1,6,1,0,1,1,0,0,1,0,1,0,1,1,0,0,0,0,1,2,1,1,0,0,1,0,2,1,0,1,1,1,0,1,1,2,0,2,2,0,1,1,0,1,2,2,1,1,1,1,0,0,2,2,1,1,0,1,1,0,5,0,0,0,0,0,0,2,0,0,0,0,0,0,1,1,0,1,0,5,0,2,1,5,0,1,0
"Gene134",2,1,1,1,0,1,0,1,3,1,0,1,1,1,2,2,1,0,1,1,0,0,0,1,0,0,0,1,0,0,1,1,0,0,1,0,1,0,1,0,0,0,2,2,0,0,1,3,0,2,3,2,0,3,3,0,1,2,0,1,0,1,1,1,2,0,0,0,0,1,2,1,0,3,1,2,1,1,3,0,0,1,0,1,1,0,2,1,3,0,3,0,1,1,0,2,0,0,1,0,0,0,1,1,1,0,2,0,2,0,1,1,2,0,2,1,1,2,1,3,0,3,2,1,0,0,0,1,0,2,2,1,1,0,0,0,0,1,1,0,1,2,0,1,0,1,1,1,2,0,1,1,4,2,2,1,2,4,1,1,1,1,0,0,1,4,1,0,0,2,1,1,1,1,1,2,2,0,1,0,1,0,0,1,2,0,4,1,0,0,0,0,0,2,0,1,0,0,1,0,0,1,2,1,1,4,1,1,2,0,0,1,0,2,0,0,0,2,1,1,2,5,1,4,0,1,2,0,4,2,4,0,2,0,0,1,5,0,1,1,0,2,2,2,1,0,1,1,2,2,1,4,0,2,2,1,0,5,0,2,0,1,1,1,0,2,2,0,1,2,2,0,2,2,4,1,1,1,2,1,0,1,1,0,2,1,2,2,0,1,2,1,2,1,1,0,0,0,0,0
"Gene135",1,0,1,2,1,0,1,2,1,2,2,1,2,0,2,0,0,0,1,2,0,2,1,0,0,2,1,1,2,1,0,2,0,1,1,2,0,1,1,3,1,0,2,0,2,1,0,0,0,2,1,0,1,0,1,1,1,1,1,0,0,1,0,0,0,1,2,0,1,3,1,1,2,1,1,5,0,2,3,0,3,1,0,2,3,1,0,0,3,2,1,2,0,2,2,0,2,0,0,1,1,1,0,0,3,0,1,0,0,1,0,1,0,0,1,0,1,1,1,2,2,0,3,1,1,4,0,3,1,0,1,0,2,0,0,0,1,1,1,0,0,0,0,0,0,1,1,1,0,2,1,2,1,4,0,4,1,1,0,1,4,2,0,1,5,0,0,0,2,4,0,0,0,2,1,2,1,2,1,0,1,0,2,2,2,2,1,2,2,1,1,1,2,2,0,2,0,4,1,0,0,2,2,1,1,0,0,2,1,2,1,2,1,1,2,0,1,0,0,0,0,2,0,2,0,0,2,0,2,0,0,1,1,1,1,0,0,1,1,2,2,1,2,1,1,0,1,2,2,1,1,0,1,2,2,2,0,0,0,0,2,1,1,0,0,2,1,1,1,4,1,2,0,2,0,1,5,0,5,1,1,2,1,0,2,0,1,0,2,1,2,1,2,1,0,0,0,0,1,5
"Gene136",1,0,2,2,1,0,0,1,0,2,1,0,2,2,3,1,1,0,1,0,2,1,0,1,3,0,1,1,1,0,3,1,2,0,1,2,1,1,1,2,1,2,0,1,2,0,2,1,0,0,0,1,1,0,0,1,1,0,0,0,0,1,1,0,2,1,1,2,0,0,0,1,0,2,1,0,1,1,2,1,0,2,0,1,1,2,0,1,3,1,2,2,2,0,1,2,1,1,1,0,0,3,1,3,2,1,1,0,0,2,1,0,0,3,2,0,0,0,0,0,4,2,3,0,1,1,2,0,1,0,2,2,1,4,1,1,1,2,2,1,0,2,1,0,2,0,1,2,1,1,0,0,1,2,1,1,2,0,1,0,1,0,0,1,2,0,1,0,2,0,1,1,2,0,1,0,0,0,1,1,1,0,1,1,1,1,1,4,2,2,2,0,4,2,1,1,1,4,0,0,0,2,1,2,0,0,1,5,1,0,4,2,0,1,1,1,1,1,2,2,2,2,1,1,1,0,1,0,2,1,0,4,0,0,0,0,1,0,1,0,1,1,1,0,0,2,1,1,1,1,1,4,0,0,1,0,0,2,0,1,1,1,0,0,1,0,1,0,4,2,0,1,0,2,1,1,1,4,2,0,1,1,2,2,0,1,2,0,1,2,1,0,1,2,1,0,1,1,0,2
"Gene137",2,3,1,0,1,2,1,1,0,2,0,0,2,1,2,0,2,0,0,2,1,2,0,1,0,1,0,2,1,1,1,1,0,0,1,2,0,1,1,0,2,0,2,2,0,0,2,1,0,2,1,0,0,1,0,1,1,0,0,0,3,0,0,2,2,0,1,1,0,3,0,2,1,2,0,2,0,2,0,0,0,1,0,0,1,0,1,0,2,2,2,2,1,3,1,0,0,1,1,0,1,2,0,1,0,4,2,1,1,0,0,1,1,0,1,2,2,1,2,0,1,1,0,0,1,1,1,1,1,1,1,3,1,1,0,1,1,0,2,1,2,1,0,1,2,2,1,2,2,0,0,1,2,2,1,1,0,1,0,2,0,1,0,1,0,2,4,0,0,2,0,1,1,2,1,1,0,1,0,4,2,1,5,1,1,2,1,0,4,0,2,0,1,0,0,0,1,1,2,1,2,2,4,0,0,2,2,1,1,2,1,1,1,0,0,0,1,1,0,1,2,1,0,0,0,0,5,1,1,2,0,1,1,2,1,2,1,2,0,0,1,0,2,4,0,0,1,0,1,2,1,1,0,1,0,2,0,1,1,0,0,0,1,1,2,0,1,1,1,1,1,2,0,4,0,1,1,1,1,1,2,0,1,0,1,4,2,1,2,1,1,1,2,2,1,0,0,1,2,1
"Gene138",2,2,0,0,2,1,0,1,0,1,5,2,1,3,1,1,0,0,0,0,3,0,2,0,0,2,2,2,1,2,1,0,0,0,3,1,0,0,1,1,0,1,2,0,1,0,4,1,1,0,0,0,3,3,1,3,2,0,1,0,1,0,1,0,0,1,1,1,0,1,2,2,1,0,0,0,2,2,3,0,1,4,0,0,2,1,0,2,1,2,1,2,1,3,0,1,0,0,1,1,2,2,1,2,1,1,0,0,3,2,0,2,0,4,1,0,2,0,0,0,0,2,1,0,1,2,1,0,0,1,0,2,3,0,1,2,1,1,0,0,1,3,2,1,2,0,2,0,0,0,1,0,4,4,2,0,2,0,1,0,1,0,0,0,1,0,1,2,0,4,0,4,0,2,1,1,0,5,2,1,0,1,1,0,0,0,0,0,0,0,2,0,0,4,2,0,1,1,4,1,0,0,1,2,1,0,1,0,4,4,1,0,0,1,1,2,1,5,1,1,1,2,4,1,1,2,0,0,0,2,0,1,2,1,1,2,1,1,2,2,1,1,1,0,0,2,0,0,0,0,0,0,0,0,1,4,1,0,1,0,2,2,2,2,0,1,0,0,1,2,0,2,0,0,0,0,0,5,2,0,1,1,0,0,1,2,0,1,1,1,0,0,0,1,1,0,1,4,1,0
"Gene139",3,2,1,0,3,1,1,1,0,0,1,2,1,2,2,0,0,1,1,0,1,0,0,1,0,0,3,1,2,3,1,3,0,2,1,0,2,1,1,0,1,1,2,0,0,0,1,2,1,0,0,2,2,1,0,1,1,1,2,3,2,1,0,1,2,0,0,3,1,1,0,0,0,1,1,0,0,0,0,1,2,0,2,0,1,4,1,0,1,0,0,0,3,2,1,2,0,3,0,2,2,1,0,0,2,3,1,1,2,0,2,1,1,0,0,0,0,0,0,1,0,1,0,1,2,0,0,0,0,0,1,0,1,1,0,2,3,0,0,2,2,3,2,0,1,0,0,0,2,2,4,0,2,1,0,1,1,1,0,0,0,1,1,0,0,1,1,1,1,1,0,0,1,0,0,1,0,0,0,0,0,0,1,4,4,2,0,2,2,4,0,2,0,1,0,1,0,1,0,1,1,0,0,1,0,2,0,1,0,2,1,0,1,1,0,0,0,2,0,1,2,0,0,1,0,2,0,0,0,0,2,2,1,2,2,0,0,0,2,1,0,0,0,0,1,1,0,1,4,6,2,1,0,2,2,1,1,1,2,4,1,1,1,0,0,1,2,1,2,1,2,1,0,1,1,1,0,0,2,0,1,0,1,0,0,1,1,0,2,2,1,1,0,1,4,4,1,1,1,1
"Gene140",1,1,0,2,1,1,1,1,2,1,0,0,1,1,0,0,0,1,1,2,1,2,1,2,1,2,2,1,1,0,1,1,0,2,1,1,0,0,0,2,0,0,1,1,2,0,2,0,2,1,0,4,0,1,0,0,2,0,0,0,1,1,1,1,1,0,1,1,0,2,0,0,2,4,0,0,0,2,1,1,0,0,0,1,1,0,0,0,2,0,0,2,1,1,0,2,1,1,0,1,0,1,0,2,1,1,0,0,1,2,0,3,4,0,0,0,1,0,0,0,0,0,0,1,0,1,1,2,5,1,0,1,0,1,0,0,1,2,0,0,1,2,0,2,0,1,3,0,0,1,0,1,2,0,0,2,0,2,2,0,1,2,0,0,1,1,1,0,2,2,0,1,1,1,2,4,1,1,1,5,4,1,4,2,0,1,1,1,1,1,2,0,0,1,0,1,0,0,0,0,0,0,0,0,1,1,4,1,0,0,6,1,1,0,4,1,1,0,4,0,1,0,2,0,4,2,0,4,1,0,0,1,6,1,1,0,1,1,1,0,2,0,1,0,0,0,4,1,2,0,2,0,1,1,0,0,2,2,1,0,1,2,2,1,1,0,1,1,1,1,0,0,0,1,0,1,1,0,4,0,1,1,1,0,1,0,1,1,4,0,0,1,4,2,1,1,1,1,0,0
"Gene141",0,1,2,0,1,0,2,0,1,0,1,1,0,0,0,2,1,2,2,1,1,0,0,1,1,0,0,0,0,2,1,1,0,0,2,1,2,1,0,1,0,1,1,1,0,1,1,1,2,2,0,1,0,1,2,0,4,0,2,3,1,1,0,3,0,1,0,3,1,0,2,0,0,0,1,2,5,3,3,0,1,3,0,2,2,1,0,0,0,1,1,2,0,0,2,3,0,3,2,0,1,2,1,3,2,0,0,1,1,2,0,0,3,0,2,0,2,1,0,1,0,0,0,2,1,2,0,0,1,0,0,1,2,0,0,3,0,2,0,1,4,0,0,1,1,1,2,2,1,2,1,1,1,1,2,1,1,1,0,0,1,4,2,1,0,0,0,1,1,1,1,4,1,1,0,0,1,4,0,2,1,2,1,1,2,1,1,2,2,1,0,0,1,0,1,4,0,0,0,0,1,0,2,1,2,0,1,1,0,2,1,0,2,1,4,0,0,1,2,4,2,0,1,0,1,0,1,1,1,2,4,0,1,1,0,0,1,0,1,1,1,1,2,4,0,2,0,1,1,0,2,0,1,1,1,1,0,4,1,0,1,0,0,2,0,4,1,5,5,0,1,2,2,4,1,2,2,1,2,4,5,1,1,0,0,2,1,0,0,1,0,1,4,2,0,1,2,0,0,0
"Gene142",1,2,1,2,0,3,0,0,1,0,0,0,1,2,1,1,0,1,0,0,0,2,0,0,1,1,0,1,0,0,2,1,2,4,1,0,0,0,0,0,1,0,2,0,2,0,0,0,1,0,2,0,0,0,1,0,0,0,0,0,1,0,0,1,0,1,1,1,1,1,3,0,0,1,3,1,2,2,4,2,0,0,2,1,3,1,1,1,0,1,1,0,1,2,0,2,1,1,3,2,3,0,1,0,0,1,1,0,0,0,1,1,0,2,2,0,0,0,2,0,0,1,2,1,5,3,0,2,0,3,2,1,1,2,0,0,0,1,3,0,4,2,2,2,0,0,0,1,1,1,0,1,1,0,1,1,2,1,4,0,4,2,0,2,2,0,2,0,0,1,0,1,0,1,1,1,5,1,1,1,4,0,0,2,0,0,0,0,0,0,1,2,2,1,0,2,2,2,1,2,1,1,1,4,1,2,2,4,1,0,4,0,2,1,1,1,2,2,2,0,4,0,1,0,1,2,0,1,1,0,0,0,1,0,0,0,0,0,2,2,0,0,0,1,0,5,1,2,4,0,2,0,1,2,2,1,0,4,0,0,1,0,1,5,2,0,0,0,2,4,1,4,1,0,0,0,1,0,0,1,2,1,1,4,1,1,2,0,1,0,1,0,2,0,1,0,2,2,0,1
"Gene143",0,2,0,2,0,0,0,3,1,0,2,0,2,0,0,1,0,1,3,1,1,2,0,1,1,2,2,1,0,3,1,0,0,2,1,0,0,1,0,2,2,0,2,0,2,0,2,1,0,2,0,1,1,0,1,2,0,1,2,2,3,1,2,3,1,0,0,0,1,0,0,1,1,0,1,0,1,0,0,3,1,0,1,1,1,0,1,1,2,1,0,3,0,0,0,1,1,0,1,1,2,0,1,1,4,0,2,1,2,1,2,2,0,1,0,2,1,1,1,1,0,4,0,1,0,1,0,3,1,0,2,1,1,1,3,1,2,3,3,0,2,2,2,1,3,3,1,0,0,1,1,4,1,1,4,0,0,1,1,0,1,0,2,1,0,0,1,0,2,1,2,1,1,1,1,1,4,0,1,0,1,2,1,0,1,1,1,0,0,1,1,1,0,5,0,0,1,1,2,2,6,4,0,2,0,0,2,0,4,1,0,2,0,1,2,0,1,1,1,0,1,2,1,2,0,4,0,0,0,0,1,4,2,5,1,1,2,1,0,0,0,0,2,1,1,0,2,0,0,2,1,0,1,2,2,2,0,0,1,1,1,1,1,0,2,1,0,4,1,2,1,0,0,1,0,1,0,1,0,4,0,1,0,1,0,1,0,1,2,1,1,0,0,0,1,1,5,4,0,1
"Gene144",0,1,3,3,0,0,0,1,0,1,0,2,2,0,1,1,2,4,0,0,0,4,0,1,0,1,0,1,1,0,0,3,1,0,1,2,0,2,0,2,1,3,1,1,1,2,1,0,2,2,1,0,1,2,0,1,1,1,1,1,0,1,1,1,0,1,0,1,1,1,0,2,1,0,0,1,1,1,1,0,1,2,2,3,0,1,0,1,2,1,1,1,1,1,1,1,0,0,1,1,0,2,0,1,1,2,2,0,2,0,0,1,4,1,2,2,1,0,0,0,0,2,0,1,0,0,0,3,1,0,2,3,1,0,2,2,0,0,2,0,0,0,0,0,3,0,1,2,1,1,2,4,2,0,2,0,2,0,4,5,1,2,1,2,0,2,1,1,0,0,0,1,0,5,1,1,4,4,0,0,2,1,0,2,1,0,2,2,0,1,1,2,0,1,1,1,1,1,1,1,4,2,1,1,2,1,2,1,2,0,4,1,0,1,1,0,1,1,0,1,1,0,2,0,1,0,1,0,0,0,1,0,0,1,0,1,0,1,0,0,2,1,1,1,0,0,4,4,0,0,1,4,0,1,0,1,1,0,1,2,1,2,0,1,0,4,0,4,0,0,0,1,1,1,1,1,2,0,1,1,1,2,2,1,0,1,0,1,4,2,0,2,4,2,1,0,0,1,0,4
"Gene145",2,0,0,1,0,3,0,1,0,1,0,0,0,0,1,1,1,3,0,2,1,2,2,3,1,0,1,0,1,1,0,0,1,0,0,1,1,0,2,0,0,0,1,2,2,0,2,0,1,0,3,1,3,1,0,0,0,1,2,0,0,1,2,1,4,1,1,1,0,1,0,0,0,1,0,2,0,0,1,1,1,1,4,0,0,2,1,1,2,1,0,1,0,1,1,2,2,0,0,1,2,0,0,0,0,0,1,3,4,0,0,0,0,3,0,0,1,3,2,0,1,0,0,0,0,0,0,0,0,1,1,0,2,2,1,0,0,1,0,0,1,0,0,0,1,1,2,2,1,1,2,1,0,0,0,0,1,0,2,0,1,2,0,0,2,0,2,1,2,1,4,5,0,0,0,2,0,1,1,0,2,1,0,0,2,1,1,2,1,1,0,0,2,1,1,0,1,0,0,1,0,0,2,2,2,0,1,1,1,1,0,1,0,2,1,4,0,0,1,0,1,1,1,0,1,1,0,0,1,1,1,4,1,2,1,1,1,2,0,4,1,1,0,5,1,1,0,0,1,0,5,2,1,4,4,2,2,2,1,4,0,0,0,1,4,0,0,1,0,0,2,1,1,2,1,1,2,4,1,0,0,4,2,1,2,1,0,2,2,1,2,2,0,0,0,0,1,0,2,0
"Gene146",0,1,1,3,0,2,0,3,1,0,0,1,1,1,1,1,3,2,2,1,1,0,2,0,2,1,0,1,1,1,1,0,1,3,1,1,2,1,2,4,2,0,0,1,0,0,1,2,0,2,0,1,2,3,4,1,0,1,2,0,1,0,0,1,1,2,2,1,4,1,2,1,2,2,2,2,0,0,0,0,0,1,0,1,0,2,1,1,1,1,1,3,0,1,2,3,0,0,2,1,1,3,0,1,0,0,1,2,1,4,1,1,2,1,2,1,2,2,1,0,1,0,0,0,1,1,2,0,1,1,1,1,0,2,0,1,0,1,2,0,0,1,1,1,3,1,2,0,2,1,0,1,2,2,5,0,0,0,0,0,1,2,1,0,4,0,0,1,0,1,1,1,2,1,0,2,1,0,1,0,1,0,0,2,2,4,0,0,1,0,4,0,1,2,4,0,1,0,5,0,0,0,0,1,0,0,2,1,1,4,0,2,2,0,0,1,0,2,1,1,0,1,1,2,0,0,2,2,4,0,0,0,2,1,5,4,0,2,0,2,0,0,0,0,1,1,2,1,2,2,0,0,1,0,1,2,0,0,0,1,1,0,5,2,0,0,1,1,1,0,2,1,0,5,1,5,1,0,2,0,2,0,1,1,0,1,0,0,1,1,0,4,0,1,0,0,2,1,2,0
"Gene147",0,2,1,2,0,6,0,0,0,2,1,0,2,1,1,1,2,0,1,1,1,0,1,0,2,2,0,0,0,0,1,1,2,1,1,1,0,1,0,1,0,1,0,2,0,2,0,1,1,0,0,1,2,0,0,1,0,0,0,1,0,0,1,0,1,2,2,2,4,1,2,0,0,2,2,0,0,4,0,2,3,2,2,0,1,1,1,1,1,1,2,2,1,1,0,3,0,0,2,0,2,0,2,1,0,0,0,0,0,1,2,0,1,1,1,1,0,4,0,1,0,1,2,2,1,1,3,1,1,1,0,0,0,1,3,0,0,2,2,0,2,3,1,1,0,2,0,1,0,4,1,1,1,1,0,1,2,0,0,2,0,1,1,2,0,1,0,1,0,5,1,0,2,0,4,4,4,1,0,0,2,0,1,0,0,0,2,2,0,0,1,1,4,4,4,0,1,0,0,2,2,1,0,2,2,1,2,0,0,1,1,1,2,4,0,0,1,0,0,0,0,0,2,0,1,1,0,0,2,0,2,0,0,0,4,0,0,4,0,0,2,2,1,1,1,4,1,0,0,0,1,1,1,1,5,1,1,1,4,1,1,1,0,1,2,0,1,0,1,1,2,5,1,1,0,1,2,0,0,1,2,1,0,0,2,2,2,1,1,0,2,1,2,1,0,2,0,0,1,4
"Gene148",0,0,1,2,1,0,3,0,0,2,0,1,0,2,3,0,1,0,0,0,0,0,0,0,1,0,0,1,0,0,2,1,2,0,0,0,1,0,1,0,1,0,0,0,0,1,0,0,2,0,1,1,1,0,4,1,1,1,0,3,1,1,1,1,2,0,1,1,2,0,0,0,2,0,0,1,0,2,0,0,3,1,1,0,1,1,0,2,3,0,0,1,1,2,1,1,1,2,0,2,2,2,1,2,1,0,3,2,1,1,0,0,0,0,1,2,3,0,0,1,1,2,1,3,1,1,3,0,0,1,3,2,2,1,0,1,0,1,0,2,0,1,1,1,0,1,1,2,1,3,0,1,1,0,1,2,1,1,0,0,0,2,0,2,1,0,2,2,0,0,1,1,1,1,1,2,0,0,4,0,2,2,2,1,0,1,1,1,0,1,1,0,2,4,1,1,0,0,0,1,1,1,0,1,1,0,0,1,0,2,0,1,4,2,1,1,1,0,0,1,0,0,1,1,0,1,2,1,1,1,1,1,0,0,1,2,1,1,1,1,0,2,1,0,0,2,1,0,2,2,1,2,2,0,1,5,0,0,0,1,2,1,1,1,1,1,1,2,0,0,1,1,2,1,6,0,2,0,1,4,1,1,0,2,0,0,1,5,0,0,2,1,2,2,1,1,2,4,0,2
"Gene149",0,0,0,1,1,1,0,1,1,1,0,2,1,0,4,0,2,0,2,2,0,0,0,2,2,1,0,1,1,0,1,1,2,1,1,2,1,0,0,1,0,0,3,3,0,1,1,2,0,3,0,1,2,0,4,0,1,1,0,2,0,0,1,1,1,0,1,3,1,4,0,0,0,0,1,2,1,0,0,0,3,1,0,1,1,1,2,2,0,1,1,1,0,1,2,1,0,0,1,0,1,1,4,0,2,0,3,3,0,0,0,2,1,0,1,0,1,0,0,0,0,1,1,0,2,1,0,2,0,2,0,1,1,0,1,0,2,1,0,0,1,3,1,1,0,1,1,0,0,2,2,0,0,1,2,0,4,1,2,1,2,4,2,1,0,1,2,1,1,0,0,0,1,2,2,0,2,2,0,2,0,0,1,0,0,0,2,1,0,0,0,1,0,1,0,0,2,2,4,1,1,2,1,2,0,0,0,1,4,1,0,1,1,0,5,0,0,1,1,1,1,0,1,0,1,2,1,1,1,0,1,1,1,2,1,0,0,0,2,1,0,0,0,1,2,1,2,0,0,1,1,1,1,2,1,4,2,1,2,4,1,1,1,0,2,2,2,1,2,1,1,1,1,1,2,0,0,0,0,0,0,1,1,1,0,0,0,2,1,1,0,1,0,0,1,4,0,1,1,4
"Gene150",1,1,0,0,1,0,1,2,0,3,0,0,1,4,1,2,2,2,1,1,0,1,2,2,1,1,0,0,1,2,0,0,1,1,1,3,2,0,1,0,1,0,0,1,0,1,2,1,0,0,1,0,0,0,0,1,0,1,2,1,1,1,1,1,2,1,1,2,0,2,0,1,0,0,0,1,2,1,0,1,1,2,1,2,1,1,0,1,2,2,0,0,1,3,1,1,1,0,1,0,0,4,3,4,1,1,1,2,1,2,1,0,0,2,0,0,2,0,0,1,2,1,2,1,1,1,1,0,3,0,1,1,0,0,0,0,2,0,1,1,0,1,2,0,2,0,1,1,2,0,0,0,1,0,2,1,1,1,2,2,0,4,0,4,2,1,5,4,2,2,1,2,2,1,1,2,2,0,1,1,1,1,1,1,1,0,0,1,1,1,2,2,0,0,0,2,0,1,1,0,1,1,1,1,1,1,1,2,0,2,0,0,1,1,2,0,0,1,1,2,1,1,1,0,0,2,0,2,0,1,1,1,0,0,2,1,2,0,1,1,2,0,0,0,0,1,2,1,1,1,0,0,2,0,1,4,0,1,1,1,1,1,1,4,0,1,1,1,1,0,0,2,6,2,1,0,1,1,0,1,1,0,0,1,2,2,0,1,1,1,2,0,1,5,4,1,0,1,1,0
"Gene151",2,2,2,0,0,2,2,2,0,0,2,4,2,1,3,1,2,1,0,0,1,0,1,0,0,0,2,0,2,0,1,1,1,2,0,1,2,1,0,0,2,1,2,1,0,3,0,2,3,2,2,1,1,0,0,1,1,0,0,0,0,0,2,2,1,0,0,1,0,1,1,0,2,0,1,0,1,0,1,1,2,0,1,1,1,0,0,0,0,0,1,1,2,1,3,1,3,0,0,2,1,3,1,2,0,1,0,1,0,0,2,1,1,3,2,0,3,3,0,1,1,2,1,1,3,0,0,1,1,0,1,0,0,1,1,0,0,1,1,0,1,2,0,1,2,3,0,1,2,2,4,0,0,0,2,1,1,2,4,0,1,2,0,2,0,0,0,0,0,1,2,1,1,0,2,1,1,0,0,2,0,2,1,1,1,2,2,1,1,1,1,1,0,0,0,1,0,1,0,0,4,1,1,1,2,1,1,2,0,0,1,0,1,1,1,0,0,1,0,1,2,0,2,2,0,2,0,5,0,0,2,0,4,1,0,0,0,4,0,1,1,2,0,2,0,1,0,2,0,0,1,0,1,0,1,1,2,2,1,2,0,0,0,0,1,1,1,1,0,4,0,0,1,1,2,0,0,1,1,0,1,1,1,0,1,1,1,4,1,4,1,0,2,1,0,0,1,2,1,0
"Gene152",1,2,1,1,3,2,2,0,0,0,0,2,0,2,1,1,2,0,0,1,0,3,1,0,1,1,2,1,2,3,3,0,1,0,1,1,0,4,1,0,1,3,2,2,1,2,1,1,2,1,1,2,4,0,1,1,2,1,1,1,1,0,4,2,2,1,0,0,0,2,2,1,0,1,0,1,0,1,0,1,1,0,1,1,2,1,2,2,1,0,1,0,1,0,1,3,0,0,1,0,0,1,0,2,0,1,1,1,0,0,3,1,1,1,0,0,1,1,2,1,3,1,2,2,2,1,2,0,1,2,0,0,0,1,0,0,2,1,2,0,0,1,1,1,0,0,1,1,1,1,2,2,1,0,2,2,4,4,1,0,5,2,0,2,1,2,1,1,1,1,0,0,1,1,2,0,1,0,2,1,0,2,2,1,2,0,1,1,1,0,2,1,0,1,4,1,0,1,1,0,0,2,1,0,0,2,2,2,0,1,0,0,2,2,0,1,0,0,0,1,0,0,0,0,1,0,2,5,1,1,0,2,4,0,0,1,4,0,0,0,1,0,0,1,1,1,0,0,1,2,1,0,0,0,2,1,1,4,0,1,1,2,2,2,1,1,0,1,1,2,2,5,1,1,2,1,1,2,1,2,0,2,2,0,1,4,0,0,1,2,0,0,0,0,2,0,0,4,0,1
"Gene153",1,1,2,0,1,2,1,0,2,3,0,0,0,3,0,3,0,2,2,0,2,1,2,2,1,1,0,1,1,0,0,3,1,1,0,0,2,1,0,1,4,1,2,0,1,1,1,0,1,1,2,0,0,2,1,0,0,3,1,0,0,0,0,3,1,1,3,3,3,1,0,1,0,0,0,2,1,0,1,1,0,1,2,0,2,1,2,1,0,1,2,0,0,0,1,4,1,3,0,0,1,1,0,3,0,1,0,0,1,1,3,0,1,2,1,0,2,1,1,0,4,1,1,1,2,1,1,3,1,2,0,1,1,1,1,1,1,0,2,1,0,0,1,1,0,1,0,3,4,1,1,2,1,2,0,1,1,1,1,2,0,1,0,2,1,1,0,0,0,2,1,1,2,0,2,1,4,1,1,0,1,2,0,2,1,0,1,1,1,0,0,0,0,0,1,1,2,2,0,1,1,0,0,1,1,0,6,0,0,0,0,1,1,0,0,4,0,1,2,1,1,4,5,1,1,1,2,0,0,0,2,0,0,1,2,2,1,4,1,0,0,0,0,1,2,5,2,0,1,0,4,1,0,2,0,1,2,2,0,2,1,2,2,1,4,0,1,0,1,1,0,0,0,1,0,1,4,0,2,1,1,1,1,0,1,2,0,1,1,0,0,1,1,1,2,0,0,1,1,2
"Gene154",0,1,2,1,0,0,0,2,2,2,1,2,2,1,0,1,1,0,0,2,2,0,1,1,1,2,1,0,0,1,1,0,2,2,2,0,0,1,0,0,2,1,0,1,0,3,2,2,0,3,0,1,1,2,0,1,1,2,0,1,0,3,1,1,0,1,1,2,1,0,2,1,3,0,3,0,2,1,1,1,0,3,0,1,1,2,2,1,0,0,0,1,0,0,1,1,0,3,0,1,0,0,0,2,1,0,1,1,0,1,1,1,1,1,1,2,1,1,0,2,1,0,0,1,0,0,0,0,3,0,0,4,3,2,2,1,2,1,1,1,1,0,0,0,2,0,1,1,1,2,2,0,2,0,0,1,2,0,0,1,1,2,0,5,1,2,2,1,0,0,1,1,0,0,2,1,0,0,2,1,0,0,2,1,0,1,2,1,1,0,1,1,2,2,2,2,5,1,1,1,2,1,1,0,0,1,0,0,1,0,1,2,0,4,1,0,1,0,0,1,0,0,2,0,1,1,2,0,0,1,0,1,4,4,2,1,0,0,2,0,1,1,0,1,0,1,1,1,1,2,0,1,0,0,1,0,1,0,1,1,2,0,0,1,0,0,2,0,1,1,1,7,1,0,2,2,1,1,2,1,4,0,1,0,2,0,0,0,1,0,0,1,0,1,1,0,2,0,2,1
"Gene155",0,2,1,0,1,0,1,3,0,0,3,1,0,0,0,1,1,0,0,2,2,1,0,0,1,0,1,2,0,0,1,0,2,2,3,1,0,0,1,1,0,2,0,0,2,1,3,2,2,1,1,2,2,1,0,1,1,4,0,2,2,0,2,0,0,1,1,1,0,0,3,2,1,1,2,0,1,1,2,3,1,1,1,0,2,1,2,2,0,0,1,0,0,3,1,0,0,0,2,1,2,3,1,1,3,1,1,0,0,0,1,3,1,2,0,1,0,1,2,3,1,4,0,0,1,1,2,2,1,0,1,3,2,2,1,2,0,2,2,0,0,0,2,1,0,0,1,2,1,0,0,4,0,0,2,2,1,1,1,6,1,1,0,0,1,1,0,1,0,0,5,0,4,1,1,1,0,0,0,0,0,1,0,0,2,4,2,2,0,0,1,1,1,1,0,4,2,0,2,1,1,0,5,0,0,2,0,1,1,4,4,1,1,0,4,0,0,4,2,0,0,0,2,0,2,1,0,1,0,1,0,0,0,1,0,1,0,1,5,0,1,0,4,1,0,1,1,1,0,4,0,1,2,0,0,0,0,2,0,0,1,1,0,2,1,0,1,1,1,1,1,1,1,4,1,2,0,2,1,1,2,0,0,1,4,1,0,0,0,5,2,4,0,1,1,0,4,1,1,2
"Gene156",1,2,1,1,0,1,0,1,1,1,0,0,2,2,0,0,1,0,1,2,0,1,1,0,1,1,2,0,0,1,4,0,0,0,1,0,1,0,1,0,1,2,3,0,0,2,0,4,0,1,0,0,0,0,2,2,1,2,0,1,2,0,1,2,2,0,2,0,2,2,3,1,0,1,1,0,1,1,0,2,0,1,3,0,1,3,1,1,3,1,2,0,1,1,2,0,1,2,1,0,1,2,0,0,1,1,0,3,0,0,2,1,0,2,0,0,0,2,1,0,1,2,1,2,0,0,1,0,1,1,0,0,0,1,1,0,1,4,0,0,0,4,0,1,1,2,1,0,1,0,1,0,1,0,1,1,1,2,0,1,0,0,1,0,1,0,0,1,0,0,0,1,1,4,1,1,1,2,1,1,0,1,1,2,2,2,0,0,0,0,1,0,4,1,0,4,4,0,0,0,0,0,0,2,2,1,1,1,1,0,1,1,1,1,1,1,1,0,0,0,0,2,2,1,1,0,1,1,0,0,0,0,1,1,1,0,0,2,1,2,1,2,2,1,0,0,0,0,1,1,0,0,1,1,2,1,0,1,1,2,0,1,0,0,2,4,0,4,1,2,2,0,0,5,5,0,1,4,0,0,1,1,2,0,4,4,1,0,4,1,1,0,0,0,2,2,0,0,0,4
"Gene157",1,2,0,0,1,0,1,1,0,3,2,1,1,2,1,2,1,0,2,0,1,4,1,2,2,0,0,0,1,0,3,0,0,0,4,0,0,2,0,1,0,0,2,3,0,0,2,2,0,3,2,2,0,1,1,0,0,3,0,1,2,2,1,1,0,0,1,0,1,1,1,1,0,1,0,2,2,1,0,3,1,0,1,2,0,2,2,0,0,1,1,1,0,3,0,2,1,0,2,1,3,1,0,0,0,1,0,1,1,0,2,0,0,0,2,1,1,0,0,2,2,0,2,1,4,1,1,0,2,3,1,0,0,0,2,1,1,1,1,2,1,1,0,0,1,0,0,1,2,0,1,0,1,0,0,0,4,4,0,2,1,0,1,0,2,1,0,0,4,1,1,0,0,2,1,1,0,2,1,1,0,2,2,1,0,2,0,1,1,1,2,1,0,1,0,0,1,1,0,1,2,2,1,2,0,0,0,1,4,0,1,4,2,0,1,0,1,2,0,2,1,1,2,4,0,0,1,1,1,1,1,4,2,1,1,4,0,0,0,0,0,2,0,2,2,2,2,2,1,1,0,0,2,1,0,1,2,2,1,2,4,2,0,1,1,0,1,0,0,4,0,1,1,1,0,1,4,1,0,1,1,1,2,0,0,0,2,1,1,1,0,0,1,1,2,0,1,4,1,1
"Gene158",0,0,2,2,2,1,0,1,1,0,0,1,0,2,0,2,1,1,1,0,0,0,2,0,2,2,1,1,1,4,0,2,0,2,0,0,0,1,1,1,1,0,0,1,0,0,1,0,1,2,1,3,1,0,0,1,1,1,2,0,1,1,0,0,0,1,0,3,1,0,1,1,2,0,0,0,0,0,0,0,1,0,0,1,0,3,0,1,2,2,0,0,3,0,1,1,0,0,1,1,2,0,1,2,0,2,3,1,1,0,0,1,2,0,2,1,1,2,1,0,1,1,0,2,1,0,0,1,2,0,0,1,2,1,3,1,2,1,2,0,1,2,1,3,0,1,3,0,1,1,0,1,1,1,2,4,0,0,1,0,1,5,1,2,0,1,2,0,2,0,2,0,2,0,0,1,2,1,2,1,0,1,5,1,0,1,2,1,1,0,1,0,0,1,2,0,2,0,2,0,4,2,1,1,1,2,1,4,0,0,2,0,1,0,0,0,1,1,2,1,0,0,1,2,0,0,0,1,0,0,1,1,1,1,0,0,0,0,4,0,2,1,2,1,1,0,0,4,1,1,0,1,2,0,1,1,1,4,2,0,0,4,0,1,1,1,0,2,0,0,2,0,0,1,2,1,0,4,5,1,0,1,1,2,1,0,0,0,2,1,1,2,4,0,2,1,0,1,2,2
"Gene159",1,1,1,0,0,0,0,2,0,1,1,5,1,1,3,0,2,1,3,1,2,1,0,1,0,1,1,0,0,3,0,1,1,1,2,1,1,1,0,1,0,1,1,1,0,2,1,3,3,0,0,1,2,1,1,1,1,3,3,1,1,2,0,1,1,3,0,1,1,1,1,0,0,1,0,1,2,2,2,0,1,1,0,0,2,0,2,1,0,0,2,1,0,5,2,0,0,0,1,0,1,0,3,0,0,0,0,0,1,2,2,0,0,0,1,1,2,2,3,0,2,0,0,1,3,1,1,0,1,2,1,1,0,1,3,1,3,0,1,2,1,1,2,0,3,0,4,0,2,0,1,1,0,1,1,1,1,0,1,1,0,1,1,2,1,2,0,0,2,2,2,2,0,2,1,1,1,1,0,2,0,1,0,4,1,0,1,0,1,1,4,1,1,1,7,2,1,1,2,1,0,2,1,0,1,2,1,1,1,1,2,0,4,0,0,4,0,1,0,1,2,5,4,1,1,2,0,4,1,1,0,0,0,1,0,0,1,0,1,0,1,2,1,1,1,2,1,2,0,0,0,1,2,2,0,4,0,0,1,1,1,2,0,1,2,2,1,1,2,1,0,0,0,1,1,0,0,0,2,1,2,1,1,1,1,1,2,4,2,1,1,0,2,0,2,0,0,2,1,1
"Gene160",0,0,0,2,1,1,1,1,3,1,1,1,0,2,1,1,1,0,0,1,2,0,4,0,1,3,0,2,0,1,1,0,3,1,1,2,1,1,2,0,1,0,0,2,0,0,2,2,0,3,0,2,3,0,2,1,4,0,1,1,0,1,0,1,1,0,2,0,1,0,0,0,2,0,0,1,2,2,0,1,2,0,1,0,2,1,2,0,0,0,0,1,0,1,1,0,3,0,2,1,0,3,1,0,2,0,2,1,1,0,1,2,1,1,3,1,1,1,0,0,0,2,1,2,0,1,1,3,0,2,2,0,0,2,1,3,1,2,1,0,2,0,2,3,0,3,0,1,2,1,2,1,0,0,4,1,2,0,1,0,4,1,0,2,1,2,4,1,2,2,4,0,1,1,0,2,0,1,0,1,2,0,1,1,2,2,4,1,0,0,0,0,1,0,1,0,1,1,2,4,0,2,1,2,0,1,2,1,1,0,0,0,1,1,1,1,4,1,2,4,0,2,0,1,1,2,0,1,0,2,2,0,1,0,1,0,1,0,1,1,2,1,2,0,2,1,1,0,1,2,2,0,4,0,1,4,1,0,5,1,1,1,1,0,5,1,1,1,1,1,2,0,2,6,1,4,1,0,1,1,1,2,1,1,1,0,0,2,2,1,1,2,2,1,1,0,0,1,1,1
"Gene161",1,2,1,2,3,0,0,1,0,2,2,0,2,1,0,1,1,1,2,2,2,1,2,0,1,1,2,1,1,0,1,0,1,2,0,1,1,0,1,0,0,2,2,0,2,0,1,2,0,1,2,1,0,2,1,1,2,0,1,1,1,2,1,1,0,0,1,0,1,2,2,1,1,3,0,1,2,1,0,2,1,2,2,1,2,2,0,2,0,4,1,2,0,2,0,0,1,0,1,0,3,3,0,1,0,1,2,1,0,1,0,0,1,0,1,2,2,2,1,0,0,0,4,0,1,0,2,2,1,0,1,1,2,1,1,0,0,2,1,0,0,1,2,2,1,2,1,1,3,2,0,2,1,0,4,2,0,4,1,0,1,2,0,2,2,2,0,2,1,0,0,0,2,2,2,0,0,0,2,2,2,0,0,0,1,0,1,1,1,1,1,0,0,1,1,1,1,0,1,1,0,0,1,2,0,0,1,1,1,0,1,0,1,2,1,0,1,1,0,0,1,2,0,1,2,2,0,1,0,1,1,0,1,4,4,1,1,1,0,2,2,4,0,4,1,2,0,0,1,1,0,0,1,2,1,1,5,0,0,0,1,0,0,1,2,0,0,2,1,1,1,2,0,0,4,0,2,1,0,2,0,1,5,1,0,4,2,1,1,1,2,0,4,0,2,1,5,2,1,1
"Gene162",0,2,0,0,0,0,1,2,0,1,0,0,2,1,0,1,1,3,1,0,2,0,1,1,0,0,1,0,0,0,0,1,3,3,0,1,0,1,1,0,0,0,1,1,2,2,0,1,2,0,2,0,0,0,0,0,0,0,2,0,1,2,0,0,0,1,0,1,0,0,1,0,2,1,1,0,0,0,2,1,0,1,1,0,0,1,1,1,2,0,0,1,0,2,1,1,3,1,1,2,2,1,2,1,0,1,0,0,1,1,1,0,1,3,0,0,0,3,0,0,0,0,2,0,1,1,1,0,0,0,0,0,1,0,1,1,0,0,1,0,0,0,1,2,2,0,1,0,1,0,2,0,4,1,0,5,1,0,1,2,1,1,4,1,0,1,1,2,4,2,1,0,2,0,1,1,1,2,0,1,2,4,1,1,0,1,0,2,0,0,1,1,4,1,0,2,0,1,0,0,2,0,1,0,0,2,1,1,0,1,4,0,0,0,0,2,1,0,1,1,0,0,4,1,2,1,1,1,1,0,0,2,0,0,0,4,1,2,0,1,0,4,0,0,1,2,0,1,0,0,4,2,1,1,2,0,1,1,0,0,0,2,0,1,1,2,0,0,1,1,1,1,2,1,4,0,0,0,1,5,0,0,1,1,0,2,0,1,4,1,0,0,0,4,0,0,0,1,0,0
"Gene163",1,0,1,0,1,1,2,1,0,1,1,0,1,0,0,1,1,0,2,0,1,0,2,0,3,1,1,0,0,1,2,1,4,0,2,0,0,1,1,0,1,0,3,1,0,2,0,0,1,1,0,1,1,3,1,2,1,1,4,0,0,1,0,0,2,3,2,1,0,0,2,4,2,1,2,0,1,1,0,1,1,1,2,2,0,0,1,0,0,1,2,0,1,1,1,0,0,0,1,0,1,1,1,1,0,1,0,2,3,0,0,2,1,3,1,0,0,1,1,0,0,0,2,0,2,2,0,3,2,0,0,1,0,0,1,0,1,0,0,0,0,1,0,1,1,1,1,1,1,0,2,2,1,2,2,2,1,0,2,1,1,2,1,1,2,1,1,0,2,1,2,1,0,0,1,1,5,0,0,0,1,1,2,0,1,2,2,0,5,0,1,1,1,0,0,4,1,1,0,1,4,1,1,1,0,2,0,0,0,0,4,0,2,1,4,0,2,4,0,4,0,0,4,1,1,2,1,1,0,0,0,1,0,0,1,1,0,0,0,1,0,1,1,0,1,1,1,1,1,0,2,1,0,1,0,0,4,1,4,4,1,1,4,1,1,1,1,0,1,0,0,1,1,1,1,1,2,1,1,1,2,0,2,0,0,0,1,2,2,1,4,2,4,0,2,1,1,0,1,0
"Gene164",1,1,0,1,1,0,0,3,0,0,1,0,3,1,2,0,0,2,3,2,1,0,3,1,0,2,1,2,1,1,0,1,0,2,3,2,1,0,0,0,0,1,2,0,0,1,0,1,0,1,1,2,0,2,3,0,1,0,2,1,0,1,1,2,0,1,2,0,0,2,1,1,4,4,1,3,1,0,1,1,0,1,0,2,1,0,1,0,1,1,3,4,0,0,2,0,0,1,2,1,0,1,0,1,1,1,2,1,2,0,1,3,3,1,1,0,1,4,2,0,2,1,1,1,0,1,2,1,3,1,3,3,0,4,2,1,1,2,2,2,3,0,1,1,0,1,1,1,0,0,1,0,2,0,1,4,1,1,0,0,1,2,1,4,0,2,1,0,1,0,2,0,2,2,0,0,0,1,4,0,2,1,2,1,0,1,1,4,1,0,0,1,1,0,1,1,1,1,1,2,1,1,1,2,0,5,0,0,0,0,5,4,4,0,1,1,2,1,0,2,1,6,1,0,0,0,0,0,0,0,1,0,1,2,0,0,2,0,1,1,0,1,0,0,1,0,2,2,0,4,0,2,2,2,0,1,1,1,1,0,1,0,0,0,0,1,2,1,1,0,0,1,1,1,1,1,2,2,2,1,2,1,1,0,1,0,0,0,0,0,1,1,0,0,2,1,0,0,0,1
"Gene165",0,0,0,2,1,1,0,0,1,1,1,0,1,1,3,0,3,0,0,1,1,0,0,0,1,1,2,1,0,0,0,1,1,0,2,2,1,0,2,1,1,2,0,0,1,3,0,2,0,1,2,1,0,1,1,0,0,0,1,2,2,1,0,1,1,0,1,1,2,0,0,1,2,3,2,0,0,1,1,2,3,0,0,0,1,1,1,1,0,0,2,2,1,0,1,0,0,2,0,0,0,0,1,0,2,1,1,1,0,0,3,0,1,1,0,0,1,1,2,0,3,1,0,0,1,1,3,1,2,0,0,0,1,1,0,2,0,0,5,3,0,0,0,1,0,2,3,2,1,1,0,0,0,2,0,0,0,0,0,0,2,1,0,5,2,0,2,1,1,0,2,0,1,0,2,1,1,2,4,1,1,0,0,6,2,1,2,0,1,0,1,1,0,0,0,1,1,1,1,0,2,0,0,1,2,0,5,0,2,2,0,1,2,0,0,0,1,1,0,1,1,0,4,1,0,0,2,0,0,0,0,2,0,2,2,4,0,1,1,2,0,0,1,0,0,1,2,2,0,2,1,0,2,1,0,1,2,0,1,1,2,1,1,0,0,2,2,0,2,2,1,0,0,4,1,0,0,1,1,0,0,0,1,0,2,2,0,0,1,2,2,2,2,2,2,1,0,1,0,1
"Gene166",1,0,0,1,5,1,2,0,0,1,0,1,2,0,0,2,0,2,1,3,1,0,2,0,0,0,1,0,1,2,2,0,1,2,0,0,3,2,3,0,1,0,2,2,0,1,2,1,1,2,0,1,0,1,0,2,3,1,0,2,2,2,0,0,1,1,3,0,1,1,2,0,1,1,0,0,0,1,2,0,2,0,2,1,0,0,3,0,0,1,3,1,0,1,0,2,0,2,1,0,1,0,5,2,0,0,2,1,1,1,0,0,1,0,2,1,2,1,0,1,0,1,1,1,0,1,0,1,0,0,1,2,2,1,1,1,2,3,0,2,0,0,0,1,2,1,1,2,0,1,1,1,0,0,0,1,2,0,2,0,0,6,1,1,0,0,1,5,2,0,1,0,0,1,1,1,0,5,2,1,0,1,4,2,1,1,0,0,1,0,0,1,0,1,2,2,4,1,0,1,0,0,0,0,0,2,0,0,2,4,2,4,1,0,4,0,1,1,0,2,2,1,1,2,2,0,1,2,1,0,4,0,2,2,1,0,1,2,1,2,0,1,0,1,0,1,1,0,2,0,2,2,1,5,1,0,0,2,1,0,2,2,2,0,2,1,1,0,0,4,1,1,0,1,0,1,1,0,2,2,2,1,1,4,0,1,0,0,0,0,0,2,1,0,1,1,0,1,0,1
"Gene167",2,3,1,3,0,1,1,0,1,0,1,1,2,2,3,1,2,1,0,0,1,0,1,0,3,2,2,0,2,2,0,0,0,1,3,2,1,3,1,2,0,1,1,0,1,0,0,0,0,0,0,2,0,1,2,0,0,2,1,4,0,0,2,1,2,1,1,1,3,0,0,0,2,0,0,0,3,1,0,0,1,2,0,3,1,1,2,2,2,2,0,2,2,0,2,1,1,0,2,1,0,1,3,2,0,2,2,0,0,2,0,0,0,1,1,1,1,1,0,3,1,2,0,0,1,1,2,0,1,1,1,1,0,1,1,1,0,0,0,0,3,1,0,2,0,2,0,1,1,1,0,0,1,1,2,1,4,0,1,1,0,1,0,2,0,1,0,0,0,0,4,0,4,1,1,0,0,1,1,1,1,0,0,0,2,0,4,0,2,5,0,1,1,1,1,0,0,2,0,0,1,0,0,0,1,1,0,2,0,0,0,1,2,1,2,1,0,2,2,2,0,0,1,1,1,1,0,2,1,1,4,0,2,0,1,4,0,1,2,1,0,1,1,0,4,0,4,1,0,0,2,2,4,0,1,0,2,0,1,0,1,0,0,0,1,1,0,1,2,0,0,1,1,2,0,2,4,0,0,1,0,1,0,0,2,1,1,1,0,1,0,2,2,2,1,1,1,0,0,1
"Gene168",0,0,0,1,4,1,1,0,1,2,1,0,0,0,0,0,2,1,1,2,1,1,1,2,2,0,0,2,0,2,1,0,2,2,0,1,2,1,2,0,0,2,0,2,1,2,0,0,1,0,3,1,0,1,2,2,0,1,0,0,1,0,1,0,3,0,2,1,4,0,2,5,1,1,2,0,1,0,3,1,1,1,2,1,1,1,1,2,1,1,1,1,1,0,3,2,1,2,1,0,0,4,2,1,1,0,0,0,0,1,1,1,2,0,1,2,0,2,3,0,0,1,2,2,0,1,0,0,1,1,2,0,3,1,0,0,1,0,0,5,0,0,0,0,1,0,0,0,4,2,0,1,0,1,0,0,0,0,2,2,1,1,4,1,1,2,0,0,2,5,0,5,1,1,0,1,2,2,1,1,1,0,2,0,4,0,1,2,1,0,2,1,1,0,0,2,0,1,1,2,1,1,0,1,0,1,1,0,0,1,1,1,1,0,1,1,0,1,0,2,0,5,0,0,1,0,0,1,2,1,2,2,1,1,2,2,1,1,1,4,1,2,0,4,1,0,0,1,1,0,0,0,1,2,0,0,1,1,2,1,0,1,2,1,1,0,1,2,0,0,1,2,0,0,0,0,2,0,0,1,0,5,0,2,0,1,2,1,1,1,1,1,2,0,1,1,4,4,4,1
"Gene169",1,1,0,1,2,1,0,1,1,0,1,1,0,3,1,3,0,2,1,1,1,0,0,1,0,3,2,0,1,2,2,0,1,1,0,2,3,1,1,0,0,0,2,0,0,0,1,2,1,1,2,0,1,3,1,3,3,0,0,3,1,2,1,2,1,1,2,3,1,0,1,1,0,2,1,0,0,1,1,1,1,3,0,1,1,3,1,2,1,1,1,0,0,1,0,1,1,0,3,0,2,0,2,3,1,2,0,0,3,2,0,0,2,1,1,1,3,1,1,1,1,0,1,2,1,2,2,0,2,1,1,0,0,2,0,1,1,0,1,1,1,2,0,1,1,1,1,1,1,1,0,2,1,2,2,2,5,1,4,1,2,2,1,4,1,1,5,2,0,0,0,2,4,0,1,1,1,1,1,0,2,0,4,0,0,1,2,1,0,0,1,0,0,4,0,0,2,1,0,4,1,1,0,1,0,0,2,4,2,0,1,2,0,2,0,0,0,0,2,2,1,2,0,1,2,0,2,0,2,4,4,1,0,0,2,0,1,0,2,0,2,1,0,0,2,0,0,0,2,1,0,1,1,0,5,1,2,1,0,0,0,1,1,0,1,0,4,2,1,2,0,1,4,4,0,1,0,2,1,1,0,0,1,0,0,0,1,1,1,2,2,0,1,0,0,1,4,0,1,0
"Gene170",0,0,3,0,1,0,0,2,4,1,1,1,0,0,0,1,0,2,1,1,1,1,0,0,1,0,0,1,1,1,1,0,1,2,3,1,1,1,1,1,2,0,0,2,2,3,0,1,0,1,2,1,0,1,1,1,0,0,2,3,0,1,1,0,0,2,0,0,2,0,2,2,1,3,4,1,1,0,0,0,0,1,0,3,1,2,1,0,0,0,1,2,1,0,0,2,0,3,1,1,3,1,1,0,1,2,1,2,1,1,1,0,0,2,3,2,0,0,2,1,2,0,1,0,0,1,1,2,2,5,1,2,2,0,1,1,2,0,0,2,0,0,1,3,1,2,0,0,0,2,2,1,1,5,1,4,1,0,1,2,1,1,1,1,1,0,2,2,1,0,1,4,0,1,0,1,1,1,2,5,2,5,0,1,4,1,1,2,1,0,1,2,0,1,0,0,2,1,2,1,1,4,1,0,2,0,1,1,1,2,1,0,4,2,1,2,4,0,2,2,0,1,1,1,0,0,2,1,1,0,0,1,0,0,2,0,2,0,0,0,1,1,0,1,0,1,0,5,1,1,2,1,0,4,1,2,0,2,1,1,1,4,4,1,1,0,1,1,1,0,2,2,1,2,2,1,5,5,0,0,1,1,1,0,0,1,2,0,0,0,1,0,0,0,2,1,4,0,0,0
"Gene171",1,0,1,1,0,0,1,2,0,1,0,0,2,0,0,0,0,0,0,1,0,1,1,1,3,3,2,1,0,0,1,1,0,1,2,2,0,1,0,0,1,0,2,0,1,2,0,2,2,1,1,1,2,0,3,0,0,1,2,1,0,2,2,1,2,0,1,0,0,1,2,0,1,2,2,2,0,2,3,2,0,2,0,1,1,0,0,1,0,4,1,0,0,0,1,1,1,2,1,1,2,1,0,0,3,2,2,3,0,0,2,0,2,1,0,0,0,2,0,0,4,0,2,1,3,1,1,0,1,1,1,2,0,1,0,0,1,1,2,2,1,1,1,1,0,1,0,0,1,0,0,5,0,0,0,1,0,4,0,0,2,0,2,0,1,2,1,0,1,1,0,2,2,0,0,1,1,1,1,0,0,0,0,2,1,1,0,1,1,2,1,0,1,1,4,1,0,1,2,4,0,1,0,1,1,0,1,0,0,0,2,2,0,2,0,0,2,1,1,1,0,0,4,1,2,4,1,2,2,1,1,2,1,0,2,4,1,0,1,2,0,1,0,0,6,2,1,1,1,5,1,5,2,1,1,2,2,2,1,0,0,4,6,4,0,2,0,2,0,0,0,4,1,1,0,1,1,1,0,1,0,0,0,0,2,1,1,1,0,1,1,2,0,1,0,0,1,2,0,0
"Gene172",0,1,1,1,1,0,0,1,2,1,1,0,1,1,1,0,1,1,1,1,0,2,1,0,0,1,0,0,1,2,2,0,2,1,2,0,0,0,2,0,1,1,0,0,0,1,0,2,0,1,0,0,1,3,0,1,1,1,0,0,1,3,1,0,1,1,1,0,1,0,0,0,2,0,2,0,0,0,0,0,3,1,1,1,1,1,2,1,1,1,2,2,2,0,0,0,2,1,0,0,2,0,0,1,1,0,0,0,1,0,0,2,2,2,2,1,1,1,0,3,0,0,0,2,0,1,2,2,1,2,2,0,1,1,2,3,2,1,1,2,1,2,0,1,1,0,0,1,1,0,4,2,1,1,0,1,0,1,0,1,1,0,1,2,4,0,1,0,1,1,2,1,1,1,1,2,0,0,0,1,1,2,2,0,2,4,0,1,0,0,0,0,2,0,1,1,2,0,0,5,1,1,1,1,1,1,0,0,2,2,1,1,2,1,0,0,1,0,0,0,1,2,4,2,4,1,1,1,0,2,0,0,1,0,1,0,4,2,2,2,2,1,1,0,0,2,2,1,0,0,0,2,2,2,1,1,1,0,1,1,0,5,1,1,1,0,0,0,0,0,1,1,1,1,0,0,4,0,1,2,0,0,2,1,0,0,0,1,1,1,2,0,0,0,0,1,1,0,1,2
"Gene173",2,0,1,0,0,2,0,0,0,1,0,3,0,1,0,1,0,2,0,1,1,0,1,1,0,0,2,1,0,1,0,0,0,4,4,0,1,2,0,1,0,0,1,1,1,1,1,1,0,0,0,0,1,1,2,3,3,1,1,0,0,0,3,0,4,0,0,3,0,1,1,1,4,3,2,1,4,1,1,1,1,1,0,1,1,7,2,0,2,0,1,0,1,1,0,0,1,0,0,2,2,1,0,1,0,2,1,0,2,0,1,1,3,1,0,2,1,0,1,1,0,1,0,1,0,0,2,0,1,1,0,0,0,1,0,1,3,2,2,2,0,0,1,1,0,2,1,1,1,0,1,2,1,4,2,0,1,1,0,0,2,1,4,2,1,0,0,2,2,0,0,1,4,0,0,1,2,2,0,2,1,4,0,5,2,1,4,0,1,1,1,1,1,0,0,1,0,1,1,0,0,0,1,0,2,5,0,0,0,2,2,2,2,4,4,2,1,2,1,2,1,1,2,0,1,0,2,0,0,0,1,1,2,0,0,0,0,0,2,0,1,6,4,0,0,0,0,2,4,1,1,0,1,0,4,0,2,1,2,1,1,0,0,1,2,0,1,4,4,2,0,0,2,0,1,0,0,2,2,1,0,0,0,1,0,0,0,0,1,4,2,0,0,1,0,0,1,0,0,5
"Gene174",2,0,2,2,1,0,2,3,0,0,0,0,2,1,1,0,3,2,1,1,0,2,2,1,0,2,2,2,1,0,0,0,0,1,2,2,0,1,0,1,1,1,0,2,1,1,0,3,0,1,0,3,0,0,1,1,1,0,0,1,1,1,0,1,0,0,1,0,2,1,1,1,0,2,1,0,1,0,1,1,1,1,2,0,1,0,0,0,1,3,0,1,0,2,1,1,1,0,2,0,3,2,0,1,1,1,1,1,1,0,1,2,0,2,1,4,0,2,2,1,0,1,0,2,1,0,1,0,1,0,2,0,0,0,1,0,1,0,0,1,1,1,1,1,0,1,2,1,0,1,0,0,1,1,1,1,0,0,1,5,0,0,1,1,0,0,2,0,0,1,1,1,0,1,1,0,4,1,0,2,2,0,0,4,1,0,2,0,1,1,2,1,2,2,0,2,0,0,0,0,0,0,2,1,0,4,2,1,4,2,1,0,0,1,2,4,1,1,0,2,4,2,1,2,2,0,2,1,1,0,1,0,5,2,0,1,0,1,0,5,2,2,0,0,0,1,2,0,2,1,4,5,1,0,0,1,1,2,0,1,2,0,1,4,1,2,2,0,1,0,1,1,2,1,1,1,1,2,0,0,2,1,1,0,1,4,0,1,2,1,0,5,1,0,0,2,2,1,1,2
"Gene175",1,1,0,0,2,0,0,2,1,1,0,1,1,0,2,0,5,0,2,0,1,0,1,2,2,0,1,2,0,1,3,2,2,0,0,0,1,1,1,0,2,1,0,0,0,2,1,0,0,3,0,0,1,0,1,0,1,2,2,0,1,1,1,3,1,0,0,2,2,1,1,2,0,1,3,1,2,2,2,1,2,1,0,1,3,2,1,1,1,0,0,2,1,1,1,1,1,0,1,0,3,0,0,4,0,0,1,1,2,2,0,1,2,1,0,0,0,0,3,1,2,2,1,0,3,0,1,2,2,0,2,0,1,0,2,1,0,0,1,2,2,1,0,0,1,0,1,1,0,0,0,0,0,1,2,1,1,0,0,1,2,0,1,5,1,1,0,0,0,0,1,0,1,2,0,0,0,0,0,1,1,1,0,1,4,1,0,1,2,2,5,1,2,1,1,2,0,0,0,0,0,0,0,1,2,1,1,2,0,0,1,2,1,1,0,2,1,0,4,1,1,1,0,2,4,1,1,0,0,2,1,2,0,1,0,1,0,0,1,2,1,2,2,1,2,1,1,1,0,0,0,2,0,0,1,4,0,0,1,1,0,1,0,1,1,0,0,0,1,0,0,1,1,1,1,1,1,0,1,1,0,0,4,1,1,1,1,0,1,1,0,2,1,4,0,0,0,1,1,2
"Gene176",1,1,1,1,0,0,0,1,1,0,1,3,1,1,1,1,1,0,0,2,3,0,0,0,1,1,5,0,3,2,0,2,0,2,2,2,1,0,0,1,1,0,1,1,3,2,1,1,1,1,1,0,2,3,0,1,2,0,0,1,1,0,0,1,2,2,0,0,1,2,1,2,1,1,0,1,6,2,2,0,2,1,0,1,1,0,1,1,1,1,1,3,1,0,1,0,2,1,0,0,1,0,0,1,0,0,2,3,0,0,2,0,0,1,3,4,1,0,3,6,1,2,0,1,2,1,0,1,1,0,1,0,2,2,0,2,1,0,1,0,0,0,0,1,0,0,2,0,0,0,1,2,4,2,0,1,1,1,0,2,0,0,1,2,1,1,0,0,1,1,2,4,1,2,2,0,1,0,4,0,1,1,0,1,5,4,1,0,0,0,1,1,1,1,0,5,0,5,2,2,0,2,1,2,0,2,1,1,0,1,2,0,0,0,0,0,1,2,0,4,1,0,2,4,0,4,0,0,1,0,2,2,1,0,1,0,2,0,0,2,0,1,1,0,0,1,1,4,1,0,4,2,2,1,2,4,0,0,2,1,2,5,1,2,1,0,0,1,2,4,2,1,1,2,1,1,2,0,1,1,1,0,1,2,0,4,0,0,2,0,0,1,1,1,6,0,0,0,0,0
"Gene177",1,2,1,1,0,1,3,2,0,1,0,4,0,1,4,1,0,1,1,1,0,2,2,0,2,0,1,2,0,0,2,0,0,0,2,2,0,0,0,0,1,3,1,1,1,2,0,2,1,0,1,1,0,0,2,1,1,3,1,1,1,0,0,0,0,0,0,1,1,3,1,1,0,1,1,1,1,1,1,0,2,0,0,2,2,2,1,1,1,2,0,0,0,0,0,0,0,1,2,0,1,2,3,2,1,1,0,1,0,2,0,1,2,0,0,0,1,1,1,0,1,1,1,2,3,2,0,1,1,0,0,3,1,1,1,0,1,1,1,1,0,1,2,2,1,2,1,0,4,1,1,4,1,0,0,4,0,1,1,1,0,1,1,2,1,1,0,0,0,0,0,1,1,1,4,1,1,1,4,1,4,1,2,1,2,0,1,1,0,0,1,4,2,1,0,0,0,1,0,1,2,1,1,1,0,1,0,0,1,1,1,1,1,1,0,0,0,0,0,1,0,0,1,0,2,0,1,1,1,2,0,0,2,2,1,1,1,2,0,1,1,0,1,0,1,1,0,0,2,0,1,1,4,2,4,0,1,2,0,0,1,1,4,1,1,0,1,2,1,2,1,1,1,0,2,1,2,4,1,0,2,1,0,2,2,0,0,0,2,0,2,0,0,0,0,4,0,1,0,2
"Gene178",1,0,1,1,2,2,0,1,0,1,0,1,0,2,0,0,0,0,2,0,0,0,1,1,2,1,0,0,1,0,0,0,1,2,0,0,0,0,1,2,0,0,0,1,0,3,2,1,2,1,0,0,2,2,1,1,0,1,1,2,2,2,0,2,1,3,0,1,0,2,3,0,1,2,2,0,0,1,1,2,2,2,0,0,1,1,2,1,1,2,0,0,0,2,1,0,2,1,1,0,1,0,1,1,1,2,2,2,0,2,0,3,0,2,1,3,1,1,0,0,0,2,0,1,0,1,0,2,0,0,1,2,0,0,1,3,1,3,0,2,2,0,1,5,0,1,1,2,1,2,2,1,0,2,0,0,1,0,4,1,0,2,0,5,0,1,0,0,4,0,1,0,2,2,0,1,1,0,1,1,0,0,2,1,1,1,4,1,1,2,1,1,2,0,0,0,1,1,0,0,0,1,0,1,4,4,1,4,0,0,0,1,0,2,0,1,0,0,0,2,2,0,0,0,2,1,0,0,0,4,1,4,2,1,1,0,2,0,1,0,0,0,0,1,2,0,1,0,0,1,1,1,4,0,0,1,1,1,0,1,0,1,1,0,2,1,1,0,1,2,1,1,1,0,1,2,0,2,1,2,0,1,2,1,1,0,1,1,0,1,4,1,1,4,0,0,2,2,1,4
"Gene179",2,1,0,1,0,0,2,0,0,1,2,2,1,1,1,0,2,2,1,0,1,1,0,1,0,0,1,0,2,1,3,1,0,0,2,2,3,0,3,1,2,1,2,2,2,1,1,2,0,1,1,1,3,0,1,1,2,2,2,1,1,2,2,0,0,1,0,0,1,2,0,0,1,0,2,0,2,2,0,2,1,1,3,1,1,0,0,1,1,1,3,0,0,1,0,0,1,2,2,1,2,0,1,0,1,1,0,1,2,2,0,0,3,2,1,0,2,1,0,1,2,1,1,1,0,2,1,1,0,1,0,2,1,3,1,0,0,2,1,0,0,1,2,2,0,1,1,0,1,3,1,0,0,1,2,0,1,1,0,0,0,1,1,2,1,1,0,0,1,0,0,5,1,1,1,2,0,0,1,0,1,1,1,2,2,1,0,1,2,0,4,1,2,0,4,0,1,0,0,0,0,4,0,0,1,0,0,0,0,1,0,1,1,2,1,2,0,1,2,2,1,1,0,0,2,1,1,0,1,0,2,0,2,1,5,1,0,1,5,0,0,2,0,1,1,2,2,0,0,1,2,2,4,1,1,1,0,1,0,0,0,0,0,2,0,1,1,4,1,0,4,1,0,0,0,0,2,0,1,2,0,2,5,0,1,1,1,2,0,1,0,0,0,0,1,1,1,1,0,0
"Gene180",1,1,1,0,2,1,2,0,0,0,0,0,3,0,0,0,2,1,0,0,0,0,0,1,3,3,2,1,1,2,2,1,1,2,0,0,0,0,0,1,1,1,0,1,1,2,2,0,1,4,2,1,0,0,0,0,1,1,1,0,1,2,1,0,1,5,1,4,0,1,1,3,0,1,3,1,0,0,3,4,1,0,0,2,1,0,0,2,1,2,2,0,1,2,0,0,0,3,1,3,1,1,0,0,2,1,1,3,2,3,2,1,0,1,1,2,1,2,0,0,2,0,0,0,1,1,0,2,1,0,0,4,0,1,1,0,0,5,0,0,1,0,3,0,1,1,1,1,1,1,0,0,1,4,1,2,1,2,0,1,0,0,4,0,0,0,1,4,0,5,1,0,0,1,0,2,0,0,0,0,0,1,1,2,2,0,2,0,1,0,0,2,0,1,0,0,1,1,0,1,1,1,2,1,2,1,0,1,2,2,0,1,4,6,0,1,2,0,0,0,0,0,1,0,1,0,2,1,1,0,0,0,2,0,1,2,0,1,1,5,0,1,0,5,0,2,0,0,2,2,0,1,0,1,0,0,1,4,0,0,1,1,0,0,0,0,1,0,0,1,5,1,0,0,0,4,0,0,0,0,4,1,0,0,1,1,0,1,0,4,0,0,0,1,0,4,0,1,8,2
"Gene181",2,1,0,0,3,1,0,1,2,0,1,0,0,1,0,1,1,1,1,0,1,1,2,2,1,1,1,2,1,0,0,1,0,3,1,1,0,1,1,0,1,0,0,1,1,0,1,2,0,0,0,0,0,2,1,1,1,1,1,0,0,1,1,1,3,0,3,0,1,0,0,1,1,1,1,6,1,2,3,1,1,0,0,2,2,0,1,3,2,3,2,0,0,2,1,1,3,1,2,1,1,0,1,3,1,1,0,1,0,0,2,1,0,1,0,0,0,0,3,2,2,1,0,3,0,2,1,0,1,2,1,1,1,2,0,0,0,0,0,1,1,2,1,0,0,2,0,0,1,0,1,0,0,2,0,0,1,0,1,1,0,0,1,0,0,1,0,1,0,2,1,1,0,2,1,0,0,0,1,2,0,4,1,2,2,0,2,2,1,1,4,0,0,0,1,4,2,4,1,1,0,2,1,2,5,1,0,2,0,0,0,0,2,0,2,1,0,1,0,0,1,0,1,0,4,2,0,1,0,2,2,0,0,0,0,2,1,2,1,1,1,1,0,2,0,1,1,0,1,1,0,1,0,0,1,1,0,4,1,0,2,0,0,0,2,0,1,0,1,0,0,1,5,1,2,1,0,0,1,1,2,0,1,2,0,0,0,1,5,1,1,0,0,4,4,0,1,1,0,0
"Gene182",0,1,0,1,1,0,2,3,2,0,1,0,1,0,0,1,1,0,1,1,0,1,0,0,3,0,0,0,2,1,0,2,0,2,1,2,4,1,0,3,0,2,0,1,1,2,4,1,1,1,3,1,0,1,0,2,0,0,0,0,1,3,0,0,1,0,3,1,1,1,1,0,1,1,0,0,2,2,0,1,1,1,1,0,1,2,1,0,1,1,2,1,0,3,1,3,1,0,2,0,3,3,0,0,0,4,0,0,2,2,2,1,3,0,0,2,0,0,1,4,0,4,0,2,1,1,2,2,2,1,0,2,2,0,0,3,1,1,0,2,0,1,0,1,2,1,0,2,0,2,0,1,4,0,1,1,2,4,1,2,2,0,1,1,2,1,1,1,1,0,1,0,5,0,2,0,1,0,1,4,1,0,0,1,2,0,0,0,2,1,4,1,1,1,2,1,1,0,2,0,4,0,1,1,1,0,0,0,2,2,1,2,1,1,0,1,0,2,0,0,1,6,1,0,1,1,1,1,4,0,2,2,0,2,0,0,1,0,0,4,1,1,2,0,1,0,1,2,4,0,1,5,2,0,2,1,2,2,0,0,1,2,0,0,0,0,0,0,2,0,5,4,0,0,4,1,0,2,0,1,1,2,1,0,0,1,1,1,0,1,0,1,4,1,5,1,2,0,1,2
"Gene183",1,2,1,5,0,3,1,0,1,0,0,0,1,2,1,0,1,1,0,2,1,0,0,1,1,1,0,0,0,0,2,0,0,2,1,1,0,1,0,1,1,1,0,2,0,2,0,1,0,0,2,1,2,1,1,0,1,0,0,1,0,0,0,1,1,1,0,0,1,1,0,0,0,3,1,1,1,0,1,1,0,1,0,1,1,1,0,1,1,3,0,3,1,2,2,0,2,1,2,2,6,3,1,0,1,0,1,0,1,1,0,1,0,1,1,0,2,0,0,3,3,0,1,0,0,1,0,0,1,0,1,0,2,1,0,1,0,2,0,1,2,0,0,2,0,1,1,0,0,1,0,1,1,0,4,0,0,1,1,0,2,2,0,1,1,0,2,1,1,1,0,0,1,0,2,0,2,1,1,2,2,0,0,1,2,1,1,0,0,2,1,2,0,1,1,0,1,1,4,4,0,4,2,2,2,1,0,2,4,1,0,0,1,2,0,0,1,1,1,4,0,1,0,0,5,0,1,2,1,1,2,0,2,1,4,0,2,0,1,1,4,0,1,0,1,2,0,2,1,1,1,0,1,0,1,0,1,0,0,1,0,1,0,0,2,4,1,4,1,5,2,0,2,0,1,1,1,1,2,0,2,1,1,1,0,0,1,0,0,1,2,2,1,0,0,2,1,2,1,0
"Gene184",0,2,2,0,1,3,0,2,2,1,0,0,1,1,2,1,1,3,2,0,0,2,0,1,1,3,0,2,1,0,0,2,1,1,0,0,0,1,0,3,0,0,1,4,1,1,0,1,1,0,1,1,0,1,1,1,0,2,1,1,0,1,0,1,0,2,0,1,2,1,1,0,1,0,1,2,0,2,2,0,1,1,0,0,1,0,2,1,0,1,0,3,2,2,1,3,1,2,1,2,2,0,1,1,2,0,1,3,5,1,1,1,1,1,2,0,2,0,0,0,2,0,2,2,0,0,1,1,0,0,2,3,1,0,1,0,1,1,0,0,1,1,2,1,2,2,1,3,0,0,2,0,1,4,4,2,1,2,1,1,0,4,1,1,1,1,0,4,1,0,2,2,2,0,0,0,1,1,1,0,1,0,0,0,0,1,0,0,1,0,4,0,0,0,1,1,2,1,1,1,1,2,0,2,1,1,2,0,2,4,4,2,1,0,0,1,1,0,1,1,2,1,0,0,0,1,1,2,1,1,0,0,1,0,0,1,1,0,0,1,0,0,2,0,0,1,0,0,0,0,4,1,0,0,0,1,0,0,0,0,4,2,1,1,1,1,0,2,2,0,0,2,1,0,1,1,2,1,1,5,0,1,2,0,0,1,1,4,0,2,0,1,1,0,1,0,0,4,1,0
"Gene185",1,3,2,0,1,0,0,1,0,0,4,1,0,2,1,1,1,0,0,0,3,3,0,1,1,1,0,1,2,0,1,2,1,0,0,3,1,1,0,0,1,1,1,0,0,0,0,1,2,2,1,0,3,0,0,0,2,1,1,1,3,2,1,0,1,1,1,1,1,1,0,0,0,0,0,1,0,0,1,0,2,2,1,0,1,3,2,0,1,2,0,0,3,0,1,1,0,0,1,1,0,0,3,3,2,1,0,0,1,0,0,0,0,1,0,1,0,0,2,2,1,0,1,2,0,1,2,2,1,2,0,2,2,1,0,0,1,2,0,1,0,1,0,0,2,1,2,1,0,1,0,0,2,1,1,2,4,0,0,0,1,0,0,1,2,2,0,0,1,1,0,0,1,0,2,0,1,0,1,4,4,1,2,6,1,0,1,0,1,0,0,1,1,1,0,1,0,1,0,2,2,1,0,2,1,1,2,0,0,0,2,1,1,1,2,0,2,1,0,1,0,2,2,1,1,4,0,1,2,1,4,2,0,1,2,2,2,1,0,0,1,0,2,0,1,0,1,2,4,1,1,0,1,1,0,1,4,1,1,0,1,1,0,1,1,0,1,1,1,2,0,2,2,2,0,5,1,0,1,2,2,4,0,0,0,2,0,2,1,0,2,0,2,0,0,1,0,0,4,0
"Gene186",1,1,0,0,0,1,1,0,1,3,3,0,2,1,0,1,2,1,0,1,1,1,0,1,3,2,0,1,3,1,0,1,0,0,0,1,0,1,0,0,2,0,2,1,0,0,3,1,1,0,2,2,1,1,1,3,2,1,0,1,3,2,0,2,1,1,2,0,1,3,0,1,1,0,0,0,0,0,3,1,1,1,1,1,1,2,1,1,0,1,0,1,1,2,0,1,2,2,2,0,1,1,0,0,0,0,0,1,0,1,0,0,0,0,2,1,1,1,0,0,1,3,1,1,1,0,1,1,1,2,1,0,1,2,4,1,2,0,2,0,0,0,3,1,1,1,2,1,1,0,2,0,0,0,5,0,0,1,4,0,2,2,0,0,0,0,0,2,2,0,1,0,0,0,0,1,0,4,0,1,0,1,2,1,1,1,2,1,0,1,2,5,0,1,2,0,1,0,0,0,1,2,2,1,1,1,1,0,1,0,1,2,0,2,0,0,4,2,0,2,4,4,0,1,1,1,5,0,1,0,0,0,2,0,0,5,2,1,2,0,1,2,2,1,1,1,0,0,1,0,1,2,0,2,1,1,2,2,1,2,1,2,0,2,1,0,1,2,2,0,1,0,0,2,2,0,2,0,5,0,0,2,4,0,1,1,0,1,1,1,0,2,0,4,0,1,4,0,2,2
"Gene187",0,1,1,1,2,0,0,2,0,2,2,0,0,1,0,2,1,1,1,1,1,1,4,0,1,1,0,0,0,1,0,1,1,0,0,1,1,0,2,0,0,1,1,1,2,2,2,2,1,3,0,1,2,0,0,0,0,4,0,1,2,1,0,1,0,1,1,0,2,3,1,2,0,0,1,0,2,0,2,2,2,2,1,1,1,0,2,0,2,1,0,2,1,1,1,0,1,0,2,0,0,3,1,0,2,1,1,2,1,3,2,0,2,3,2,2,1,1,2,0,1,2,3,0,1,1,1,0,1,1,2,1,1,3,0,1,2,0,1,1,0,2,2,1,1,2,1,1,0,3,5,1,1,0,1,0,0,1,1,1,0,0,1,0,2,1,0,2,1,0,2,1,0,2,2,1,0,0,1,1,2,4,4,1,1,1,1,1,1,0,0,1,4,1,1,0,0,1,0,1,0,1,1,1,0,0,0,1,0,1,2,1,1,1,2,0,2,4,2,1,2,0,0,2,2,1,2,1,2,0,0,4,1,1,2,1,1,0,1,2,1,1,0,0,1,1,0,1,2,0,1,0,0,2,1,4,2,2,1,1,1,0,1,1,1,0,2,4,0,1,0,0,0,0,0,0,0,0,0,0,1,2,0,0,4,2,2,1,4,2,1,1,2,0,1,0,5,2,0,2
"Gene188",1,0,2,1,2,3,0,3,0,2,0,0,1,1,0,0,1,2,1,2,1,1,1,1,0,1,1,0,1,0,0,2,2,0,0,0,2,2,1,0,2,0,2,0,0,0,1,1,1,0,2,2,0,1,0,0,3,1,0,2,0,0,0,3,0,1,0,0,2,1,1,1,1,1,1,2,0,2,1,2,1,2,3,2,2,0,1,0,1,1,0,3,2,2,2,2,2,0,1,0,4,2,0,0,0,3,1,0,0,1,1,0,0,1,3,0,0,1,0,0,1,1,0,0,1,1,0,0,0,0,1,0,3,0,1,2,2,0,0,0,0,2,1,2,1,0,3,0,1,2,2,0,1,1,1,4,4,1,1,1,0,1,2,0,2,2,1,0,1,0,2,4,1,0,0,2,2,0,1,1,1,0,1,1,1,0,1,2,1,2,1,4,1,2,2,1,2,1,0,0,0,0,1,1,4,0,4,0,1,2,1,0,0,0,0,0,1,1,2,1,1,0,1,2,0,2,0,2,1,0,0,2,0,1,2,0,1,4,0,0,2,0,1,1,0,1,2,2,0,1,1,1,4,2,1,0,1,1,2,1,4,2,2,2,0,1,1,1,2,2,1,1,0,1,1,1,1,2,0,1,1,4,0,0,0,1,1,0,0,1,4,1,2,1,1,2,1,2,2,0
"Gene189",2,1,1,2,0,0,1,2,1,1,3,1,0,1,1,1,2,0,1,1,1,1,2,0,2,0,0,1,3,1,0,4,4,1,0,0,1,1,0,4,2,1,0,0,0,2,2,1,1,0,2,0,0,1,0,1,3,0,1,1,2,1,0,1,0,0,1,0,0,3,0,2,1,2,1,0,2,0,1,1,1,2,0,2,0,0,2,0,3,0,0,0,0,1,0,1,0,0,0,0,0,0,0,1,2,1,0,0,1,1,1,1,0,1,0,1,0,1,1,1,0,1,1,0,0,1,2,1,1,3,2,3,0,1,2,3,1,2,1,1,0,1,3,0,2,1,1,1,1,1,2,2,1,1,0,0,2,1,0,2,0,1,1,1,0,0,0,0,4,1,0,1,1,1,1,1,0,1,0,1,0,2,1,1,1,2,0,2,0,2,1,1,4,0,1,1,1,1,2,0,1,0,2,1,5,1,0,2,1,0,2,0,1,4,2,0,2,0,1,1,0,0,1,4,2,2,1,1,1,1,4,5,0,0,0,0,0,1,1,0,1,0,4,0,2,0,1,0,0,1,2,2,1,0,5,2,2,0,1,1,0,2,0,1,1,4,1,4,2,0,0,0,1,1,0,0,2,1,0,2,1,2,1,0,2,0,1,1,0,0,1,1,2,1,1,1,1,1,0,2
"Gene190",2,0,1,3,2,4,2,0,1,0,2,2,3,0,3,1,1,1,1,3,0,0,0,2,3,1,1,1,0,1,3,0,0,0,2,1,0,1,2,2,1,2,1,2,2,4,3,3,1,1,0,3,1,1,0,1,2,0,2,1,1,1,0,0,0,0,1,0,2,0,0,1,0,2,2,1,1,1,1,1,0,1,0,1,0,1,1,4,1,3,3,1,2,0,3,1,0,2,1,2,3,1,1,1,0,0,1,2,0,1,0,2,1,2,3,0,1,0,1,0,3,0,0,0,1,3,1,0,2,3,2,1,0,0,1,3,0,0,1,2,1,0,2,2,3,0,1,1,0,1,0,1,1,1,1,1,1,1,0,2,2,1,0,0,4,0,0,1,2,0,1,1,0,1,0,2,1,0,1,0,1,0,2,2,1,0,0,1,0,1,0,0,1,0,1,1,2,2,0,0,1,1,0,1,1,0,0,2,0,1,1,0,1,1,1,2,0,1,0,2,0,0,0,0,1,1,1,1,5,1,4,4,2,1,2,0,1,2,2,1,1,1,2,2,1,0,1,2,2,0,0,6,0,4,2,2,1,0,2,2,2,1,0,1,4,0,1,1,4,1,1,0,0,0,0,2,4,2,1,0,1,0,0,4,2,2,1,1,4,1,2,1,1,1,1,0,1,1,1,0
"Gene191",0,0,0,1,1,0,1,0,0,1,2,2,1,1,2,1,1,0,0,1,1,1,2,0,1,0,1,0,1,0,2,1,2,0,0,0,0,0,2,0,1,1,1,2,1,0,3,0,1,1,0,0,1,1,1,1,2,1,0,3,0,0,0,0,0,1,2,3,0,0,1,1,0,0,3,1,1,0,1,2,1,1,2,1,1,0,1,0,1,1,0,1,0,2,1,3,2,0,1,1,1,2,0,1,1,0,0,0,2,2,0,0,0,1,0,1,2,1,1,0,3,0,1,1,0,0,1,1,0,2,1,0,1,2,1,0,0,2,3,2,1,1,1,2,0,3,3,3,2,1,4,0,1,2,5,1,2,2,0,2,0,2,2,1,1,0,4,0,1,1,4,0,0,0,1,0,1,0,0,1,0,4,0,1,0,1,0,0,0,0,1,1,1,0,1,2,2,0,0,0,4,0,4,0,1,1,1,2,1,0,0,1,1,1,0,1,1,1,4,2,1,2,1,0,0,1,0,4,2,2,2,1,1,2,2,0,2,0,1,0,2,0,1,0,1,0,0,0,1,0,1,0,2,2,1,1,0,1,4,1,2,1,2,1,1,0,1,0,0,0,1,1,1,2,0,1,1,1,0,0,2,2,0,2,1,0,2,1,4,0,6,1,0,4,1,0,1,0,0,4
"Gene192",0,1,1,0,0,0,1,0,1,0,0,1,1,0,1,0,1,3,1,0,0,1,3,2,1,1,0,1,0,0,3,0,1,2,3,0,0,1,1,0,1,0,0,1,2,1,0,2,1,0,0,0,3,0,1,1,0,0,2,2,0,1,0,1,0,1,1,2,0,2,2,0,1,0,0,0,1,0,1,1,4,2,1,2,0,0,0,2,1,1,1,1,0,0,1,2,1,0,0,1,4,1,0,3,4,2,2,0,1,1,1,1,0,1,0,1,0,1,0,3,1,2,2,1,1,0,2,2,3,2,3,1,0,0,0,1,0,0,1,1,0,0,2,1,0,1,0,3,0,3,1,2,0,2,4,2,1,0,1,1,1,4,0,1,1,1,2,4,2,0,4,0,6,1,0,0,0,1,0,1,1,2,1,1,0,1,0,0,4,2,1,0,1,0,2,1,0,4,0,2,5,4,1,1,1,0,1,1,1,1,2,0,1,0,0,1,1,2,1,2,1,0,4,2,0,0,2,2,0,0,2,0,1,2,4,1,0,1,4,2,1,1,0,0,4,1,0,1,1,0,1,2,0,1,0,0,0,1,1,0,0,1,2,0,2,4,1,0,2,1,6,2,1,0,1,2,2,0,2,1,0,4,5,0,2,0,2,0,5,2,0,2,2,4,0,1,2,1,1,1
"Gene193",4,1,1,0,1,0,1,0,0,0,0,1,0,1,1,3,0,0,0,2,2,1,2,2,0,0,1,1,3,3,2,0,0,1,1,0,0,1,1,4,0,1,2,2,3,0,1,2,0,0,2,2,1,1,1,0,2,0,0,0,0,1,1,1,1,0,0,0,1,0,0,0,1,0,1,1,2,3,2,1,1,1,1,2,2,0,1,0,1,0,1,0,0,3,2,0,0,0,1,2,0,1,1,0,1,1,1,1,2,1,1,0,1,0,3,2,0,0,1,0,1,1,3,0,1,2,1,3,0,0,1,2,2,0,1,0,0,1,1,2,1,4,1,0,2,1,2,1,1,2,0,0,1,4,1,0,2,0,0,1,1,0,0,2,2,2,4,1,1,2,0,0,1,0,0,4,1,1,4,1,0,0,4,4,4,1,1,0,0,0,1,1,1,2,2,1,0,2,0,2,0,0,1,4,0,2,0,0,2,0,1,2,1,2,1,2,0,0,0,0,1,1,2,0,0,1,0,0,0,0,1,1,0,1,4,1,1,0,4,2,1,0,0,0,0,2,1,1,1,0,0,0,1,1,0,0,0,4,1,1,1,2,0,1,0,4,0,1,1,1,1,1,2,0,0,1,4,0,0,2,0,2,2,1,4,1,1,5,2,0,0,2,0,0,0,0,0,1,2,4
"Gene194",1,0,2,2,3,1,2,0,2,1,1,2,1,1,2,2,0,0,0,0,1,2,1,0,0,3,0,0,1,0,0,1,0,0,2,3,1,0,2,0,1,2,1,1,2,0,0,3,1,2,1,0,1,2,2,0,2,0,0,0,1,1,2,1,0,1,1,0,0,0,0,0,1,0,1,0,2,0,1,2,1,1,0,1,3,4,0,0,2,0,2,0,0,4,0,0,0,0,1,0,0,0,0,1,0,1,0,0,1,1,1,2,2,2,0,1,3,3,1,2,2,1,0,1,1,2,1,0,1,0,2,0,0,0,0,0,1,0,2,0,0,1,3,1,0,2,3,1,1,1,0,2,1,2,0,2,2,4,1,1,5,1,0,0,0,1,0,0,1,1,1,1,1,4,1,1,4,7,1,1,1,0,0,2,4,1,0,1,0,1,1,0,0,0,1,0,0,6,1,1,0,2,0,2,0,2,1,0,0,1,0,1,1,0,1,0,0,2,1,5,0,1,0,1,4,0,1,1,2,1,0,1,1,4,0,1,1,1,2,0,1,0,1,1,0,0,2,1,1,1,1,1,4,2,2,0,1,0,2,2,2,4,1,0,2,1,1,1,1,1,2,0,1,0,1,4,1,0,0,0,0,0,1,1,0,1,1,0,2,0,0,0,0,0,0,4,0,0,2,4
"Gene195",3,0,0,2,2,1,3,0,1,1,0,1,0,1,1,3,0,1,2,1,1,0,1,1,1,0,0,1,0,0,0,2,1,1,1,1,2,2,0,0,1,0,1,0,2,0,0,1,0,0,2,0,2,2,1,1,2,0,0,0,1,1,0,2,0,1,2,0,0,3,1,2,2,0,2,1,1,2,1,1,1,3,0,0,1,3,0,1,2,0,2,3,1,1,1,0,2,1,1,2,1,0,1,0,1,1,1,1,1,3,0,0,1,3,0,2,0,0,1,1,1,1,2,0,2,2,1,3,0,2,2,0,0,1,1,2,1,2,2,1,0,2,0,2,0,2,1,2,1,0,0,0,1,0,0,1,1,0,4,0,1,0,2,0,2,1,0,0,2,1,1,1,1,1,0,2,0,1,1,4,2,0,4,0,4,1,0,1,1,1,1,0,0,0,0,1,1,0,1,0,0,0,1,4,0,0,2,0,0,0,1,1,2,2,1,0,1,0,0,2,2,0,1,4,2,0,2,1,1,2,0,1,1,4,1,1,0,1,0,0,4,2,1,4,1,0,2,0,1,0,0,2,2,2,2,1,0,0,2,1,2,2,0,1,0,1,1,1,2,0,1,0,1,2,2,0,2,2,1,0,1,0,1,1,1,2,1,0,0,0,0,1,1,2,0,1,0,1,0,0
"Gene196",1,1,0,2,2,4,2,0,0,1,2,0,0,2,1,2,0,1,0,0,0,2,1,0,0,1,2,1,3,0,0,0,2,1,0,1,2,1,1,2,1,1,0,1,2,1,3,0,3,1,0,1,3,3,1,1,3,0,0,1,2,1,0,2,0,1,1,0,0,1,3,0,3,0,1,1,1,2,2,3,2,1,0,1,1,0,2,2,1,1,1,1,1,0,1,1,0,0,3,1,2,0,1,0,1,1,4,0,1,0,2,2,0,0,0,0,1,0,1,0,2,2,2,1,0,0,1,1,1,0,1,2,2,0,2,1,2,2,3,0,1,1,1,1,3,0,0,1,1,1,1,0,1,4,2,4,1,2,4,0,1,0,0,0,2,2,2,1,1,0,1,1,0,1,1,2,1,1,1,4,0,1,1,1,1,1,0,1,0,1,1,0,2,1,1,2,1,1,2,4,0,0,0,0,2,1,0,0,1,0,1,0,0,2,2,1,2,2,2,0,1,1,0,2,0,1,0,0,0,0,2,0,0,1,0,1,1,0,1,1,0,1,2,1,0,2,2,1,0,2,2,2,1,2,1,0,1,2,0,0,1,4,1,0,1,0,1,0,0,2,2,2,2,4,0,1,2,0,0,1,2,1,2,1,5,0,0,1,1,6,1,1,1,0,1,0,1,1,2,0
"Gene197",1,0,2,3,1,0,0,1,2,0,0,0,2,2,1,4,0,1,1,1,1,2,2,0,1,0,0,0,1,1,1,1,0,0,1,1,0,1,0,1,0,0,1,2,1,3,0,2,2,0,0,1,0,1,1,1,5,4,3,0,0,1,0,2,0,0,2,0,3,1,1,2,2,0,1,0,1,0,3,1,3,1,0,1,1,2,0,2,2,1,1,0,0,3,2,0,1,1,1,0,2,0,1,0,1,1,0,2,0,0,0,1,2,1,1,0,1,1,0,1,1,1,1,0,0,0,0,0,0,0,0,0,1,0,0,0,1,0,0,0,3,0,1,1,1,0,0,1,0,0,1,1,4,0,1,0,0,1,0,0,2,0,2,0,0,0,1,0,1,0,2,0,2,0,2,0,2,1,4,0,0,0,1,2,0,2,0,0,1,0,1,0,1,1,0,1,0,2,0,0,1,1,2,1,0,4,4,1,5,0,0,1,5,2,1,1,0,1,1,1,2,1,0,2,0,2,0,4,1,5,0,1,0,0,4,1,1,1,1,1,0,1,1,1,1,0,2,0,1,0,1,0,0,0,0,2,2,0,1,0,2,1,1,0,1,2,0,4,1,0,1,2,1,1,0,1,1,1,2,0,2,2,1,1,0,1,1,1,5,2,1,1,0,1,1,1,1,0,2,2
"Gene198",1,0,0,1,1,2,1,2,2,1,2,1,1,1,3,1,2,1,2,3,2,1,1,0,2,3,1,2,0,2,1,2,1,1,0,1,1,1,3,1,0,1,0,0,2,0,1,1,2,2,0,0,2,3,1,2,1,2,1,1,0,0,1,1,2,2,1,0,0,2,3,3,3,1,0,0,2,1,0,0,1,0,1,1,0,4,2,1,0,1,1,1,3,1,6,0,1,2,2,0,2,0,0,0,0,2,1,0,2,4,1,0,1,2,0,2,0,0,3,0,1,3,1,3,3,2,3,0,1,0,1,0,1,1,0,0,0,1,2,1,1,0,0,0,5,0,1,2,0,0,5,2,4,1,0,4,1,4,2,1,1,0,0,0,0,1,0,0,6,2,1,0,5,1,0,0,1,2,1,2,0,2,0,1,1,1,0,1,1,2,2,2,1,4,2,1,1,0,2,2,1,0,1,2,1,2,0,0,1,0,1,0,0,2,5,0,1,4,2,2,2,0,4,2,2,1,1,1,2,1,2,1,1,0,1,0,0,1,1,1,2,0,2,1,0,0,0,4,0,1,1,0,0,1,1,1,4,1,1,1,0,0,0,4,1,1,4,0,1,0,0,1,1,2,0,1,0,0,1,0,1,1,0,4,0,1,1,0,4,0,1,1,1,0,1,1,0,1,0,2
"Gene199",0,1,3,1,1,1,2,0,1,0,2,0,3,2,1,0,0,2,1,0,1,0,3,1,2,0,3,2,0,0,0,3,2,1,1,1,1,1,0,0,0,0,0,1,1,0,0,1,1,1,1,1,1,2,4,1,0,0,1,1,2,0,2,2,1,0,4,2,0,0,5,3,1,0,0,0,3,0,1,0,0,3,0,1,0,1,1,1,2,2,0,2,2,2,1,0,0,1,2,0,3,1,0,0,0,0,2,3,1,0,1,1,1,0,2,3,1,1,1,3,0,1,2,0,0,3,2,1,1,1,1,0,1,1,2,3,1,0,0,3,0,1,0,2,0,0,2,0,0,0,2,1,0,2,1,0,0,0,4,4,4,1,0,0,2,1,0,1,1,0,2,0,2,1,1,1,0,2,1,5,0,2,4,1,1,0,4,2,1,4,0,4,2,1,1,1,1,2,0,0,1,0,0,0,4,0,2,0,1,4,0,0,1,2,0,0,1,0,2,1,2,0,2,1,0,1,1,4,0,1,2,1,0,0,0,0,2,1,1,1,1,0,1,1,1,2,2,1,0,1,2,0,2,0,0,1,2,4,2,1,1,1,1,0,0,1,2,1,0,2,2,1,0,0,2,0,1,2,0,1,0,2,1,1,2,0,2,1,2,1,0,0,0,4,1,1,1,2,1,1
"Gene200",1,0,1,0,0,4,0,0,1,1,2,0,2,3,1,2,2,1,0,1,0,2,1,1,0,1,0,2,1,0,1,1,3,2,2,1,2,0,1,2,0,0,2,0,0,2,2,1,1,2,0,1,0,2,2,0,1,0,3,0,0,0,1,2,0,0,0,0,0,0,0,1,0,1,1,0,4,0,0,1,0,1,2,0,0,2,1,2,0,1,0,0,1,0,2,1,0,1,1,1,0,0,1,1,1,0,2,1,0,3,1,4,0,1,0,3,0,0,1,2,0,0,0,1,1,0,0,1,3,0,0,2,1,1,1,1,0,0,1,2,1,1,1,1,0,0,1,2,1,1,4,1,1,4,0,1,0,2,2,1,1,2,0,2,1,0,1,1,1,2,1,1,1,0,2,2,1,1,0,0,1,0,1,1,0,0,2,1,0,1,1,0,0,0,0,1,0,1,4,1,4,0,0,1,2,2,0,0,1,4,0,0,1,1,1,0,2,2,1,4,2,2,0,1,0,1,0,0,0,0,1,1,1,2,2,4,0,0,0,1,1,0,1,1,1,0,1,4,1,1,1,1,0,1,0,2,1,1,0,4,0,0,0,0,0,1,1,2,1,0,1,2,0,2,0,1,0,6,0,1,1,1,1,0,2,2,0,0,0,0,4,0,1,0,2,1,0,1,2,0
"Gene201",0,2,2,1,2,1,1,0,1,0,3,1,2,2,1,0,2,1,2,0,1,5,0,2,0,2,0,2,1,2,2,0,0,1,0,1,1,0,0,2,1,1,1,2,1,1,2,1,2,0,0,0,1,0,1,0,3,2,1,1,1,1,1,1,0,1,1,0,0,1,1,1,0,1,0,4,1,3,2,0,0,1,0,2,0,1,3,1,1,1,2,1,1,1,0,2,0,0,3,1,1,0,2,2,2,1,2,1,1,0,3,1,2,1,0,2,1,0,0,3,1,2,0,0,2,0,0,2,0,0,2,2,1,0,0,0,1,2,1,0,2,1,0,1,1,1,0,1,1,0,0,1,1,0,2,0,1,4,1,2,1,0,2,5,2,2,0,0,1,1,1,2,1,0,1,1,2,0,2,1,4,1,1,0,0,4,4,2,2,2,2,2,1,2,1,2,0,0,2,0,0,0,1,2,2,1,1,0,1,5,0,1,1,0,2,2,2,0,0,0,1,1,1,1,0,0,1,2,0,0,2,2,0,2,0,1,1,0,2,1,0,0,0,0,2,0,1,0,1,0,4,2,1,0,1,0,2,0,0,0,1,0,0,0,0,4,2,4,4,2,2,4,0,0,1,1,0,4,1,2,0,1,4,2,2,0,1,2,1,0,1,1,1,4,2,2,1,2,0,1
"Gene202",3,0,2,0,1,1,1,0,0,2,0,1,1,3,0,1,1,1,1,1,1,1,1,1,0,1,1,1,1,0,0,4,3,0,0,1,1,0,0,0,1,0,1,6,2,1,0,0,3,1,1,2,1,1,0,0,0,1,0,1,1,4,0,2,1,1,2,0,1,1,0,1,1,1,1,0,2,1,0,1,2,0,2,1,0,1,0,0,1,0,0,1,1,0,1,3,1,3,1,1,1,0,1,0,0,5,1,3,1,2,1,0,0,2,1,2,2,1,1,0,1,0,0,1,0,0,0,0,1,1,1,1,1,0,1,2,3,1,1,1,1,1,2,1,2,1,0,1,2,0,2,1,2,2,0,2,0,1,1,1,4,1,0,1,1,2,2,1,1,0,0,2,0,2,0,4,2,1,4,0,4,0,0,0,2,2,1,4,0,2,1,0,1,2,0,0,0,1,1,1,2,1,0,0,1,0,4,1,0,1,0,0,4,1,1,0,5,2,0,1,0,0,4,1,1,0,5,2,0,0,0,0,2,1,5,0,1,2,1,1,1,0,1,1,0,0,2,0,1,2,0,1,0,1,0,0,1,0,0,0,2,4,1,1,1,0,2,0,0,1,2,2,0,2,1,1,2,0,2,0,1,1,2,1,4,0,1,0,1,0,1,1,1,1,0,1,1,1,0,1
"Gene203",1,0,1,1,2,0,2,3,1,2,0,2,0,2,2,2,3,1,1,0,1,1,0,0,1,3,2,1,0,2,1,4,0,2,3,1,2,1,0,0,1,1,1,4,0,0,1,2,1,1,0,1,1,1,2,2,1,1,0,1,2,0,1,1,1,4,1,2,0,0,2,2,2,1,2,1,1,0,1,0,1,3,1,2,0,0,2,1,0,2,0,1,8,2,1,2,0,0,0,1,1,2,0,1,0,2,1,0,1,1,3,0,0,0,1,1,1,0,1,0,2,0,0,3,0,2,2,1,1,1,1,1,1,1,1,0,0,2,0,1,2,2,1,3,0,0,4,1,1,0,1,1,2,1,1,2,1,0,1,0,4,0,2,0,0,5,1,0,0,2,0,1,2,4,1,0,1,1,2,1,1,0,1,2,0,5,2,1,0,0,1,1,0,1,1,2,0,0,1,2,1,1,0,1,1,4,1,2,1,1,1,1,1,0,1,0,1,0,1,4,0,6,2,2,2,0,1,4,1,1,1,0,2,1,1,2,1,1,2,0,2,2,1,4,2,0,1,1,0,1,2,0,1,0,1,0,1,2,1,2,2,1,2,1,2,1,0,0,0,0,0,0,1,1,0,0,0,1,0,1,0,1,1,0,1,0,1,1,0,0,1,1,1,0,0,1,1,2,2,1
"Gene204",1,2,1,3,0,1,0,0,1,0,0,1,1,0,4,0,2,0,1,0,1,3,2,0,1,1,0,2,2,0,1,2,2,2,0,0,1,1,1,0,1,1,2,1,1,0,0,0,2,0,1,0,1,1,1,0,0,3,0,1,5,0,0,1,2,2,1,0,0,2,2,2,1,1,0,0,0,0,0,1,1,0,0,0,0,0,0,2,1,2,2,0,0,0,3,2,0,1,1,1,0,2,1,0,1,1,1,2,1,3,3,0,0,2,1,1,2,2,2,1,2,0,0,2,1,2,1,0,0,3,3,1,0,1,1,0,2,0,2,0,1,0,1,5,2,1,1,1,1,1,0,4,0,4,0,0,1,0,1,4,0,0,1,0,1,0,2,1,0,0,0,1,1,2,4,0,2,1,1,0,1,0,1,1,1,0,1,1,0,0,0,0,1,0,1,1,1,2,5,0,4,1,1,6,0,0,2,1,4,1,0,0,0,2,1,2,2,1,5,0,0,2,0,0,0,0,1,2,2,0,1,1,1,2,4,0,0,1,2,2,0,1,1,1,1,0,1,1,0,1,1,1,0,4,0,1,1,5,5,0,0,0,2,0,0,1,0,0,2,1,2,2,1,0,2,1,0,1,0,1,5,1,1,0,5,2,0,4,1,2,0,0,1,0,1,0,2,2,1,0
"Gene205",1,0,1,2,0,0,0,4,2,1,0,1,2,1,1,1,0,2,0,1,2,1,0,3,0,0,0,0,0,0,3,3,1,1,1,1,1,0,0,1,1,4,1,0,1,0,1,1,1,0,1,1,1,1,1,0,0,0,1,1,1,1,3,1,1,0,3,1,0,0,3,0,2,2,2,0,2,1,1,0,1,1,2,1,0,0,3,2,5,2,0,1,0,0,0,1,0,1,0,2,1,1,0,1,1,2,2,1,1,0,0,3,2,1,3,1,2,2,0,0,0,2,1,2,1,0,1,2,0,1,2,0,2,0,1,0,1,0,1,0,0,0,1,1,1,1,0,1,1,1,2,2,0,0,2,0,1,2,1,0,0,2,0,0,0,4,2,2,1,4,2,2,2,0,1,0,0,0,4,0,0,0,0,0,2,0,0,0,0,6,0,2,2,1,1,2,4,1,0,0,1,1,1,2,2,0,1,1,1,1,2,0,0,4,1,1,2,1,1,0,1,0,0,0,0,4,1,0,2,0,1,1,1,2,0,1,1,1,0,2,1,1,2,1,0,0,0,1,1,0,2,1,0,1,1,2,1,1,1,0,1,1,2,1,2,1,0,1,2,2,1,0,0,2,0,1,0,1,4,4,0,2,1,1,2,2,1,1,4,1,1,0,2,2,2,2,1,2,2,1
"Gene206",2,1,4,1,1,2,1,1,1,1,1,2,0,2,2,1,0,2,0,0,0,0,0,0,2,2,3,0,0,0,0,0,1,0,1,2,2,0,0,2,0,2,2,1,1,0,1,0,0,0,3,0,0,1,0,2,2,0,0,1,0,2,1,0,0,2,0,1,2,1,0,0,3,2,3,0,0,0,1,1,5,1,1,0,0,0,1,1,1,1,0,3,0,0,1,1,0,0,1,0,1,0,0,1,1,0,0,4,0,0,0,3,2,0,0,0,1,0,1,1,1,4,0,2,1,1,1,3,1,1,1,1,1,1,0,0,0,1,1,1,0,1,1,0,0,1,2,1,0,2,0,1,0,0,0,1,0,1,0,4,0,0,0,1,0,0,4,0,0,0,1,0,0,0,1,1,1,0,1,0,1,0,1,0,4,0,0,2,1,1,0,0,1,2,2,0,0,1,1,1,4,2,1,0,0,1,2,2,1,1,1,1,1,2,2,1,1,0,2,0,5,1,0,0,1,0,1,0,2,1,4,2,2,0,4,2,1,2,0,1,2,0,2,1,1,0,1,0,2,1,0,1,1,4,1,1,2,2,1,0,0,1,1,0,2,0,0,2,2,1,2,1,5,2,0,2,1,2,1,1,2,1,1,4,0,0,1,0,0,6,1,0,0,1,1,2,1,1,0,1
"Gene207",0,1,0,0,0,2,0,0,1,0,2,2,0,1,0,2,1,4,2,2,2,0,1,2,0,2,1,0,0,0,1,1,1,0,1,0,1,2,1,1,2,2,2,1,2,2,0,3,0,3,1,1,1,1,3,1,0,1,0,0,0,1,0,0,0,1,0,2,2,1,1,2,0,2,0,1,0,0,0,1,0,2,0,0,1,1,1,1,1,3,3,1,1,3,0,2,3,1,0,1,1,2,1,1,2,0,3,0,0,2,1,0,0,0,0,1,0,0,0,0,2,3,4,3,1,1,1,1,0,0,1,0,2,1,0,0,1,1,0,1,0,2,1,0,0,0,0,0,0,2,0,1,1,0,1,0,1,1,0,1,1,1,0,0,0,2,1,0,0,4,0,0,1,2,1,2,2,0,0,2,0,0,0,0,0,0,1,2,2,1,1,0,1,0,0,0,0,0,1,1,1,1,4,0,2,1,1,1,0,1,0,0,4,1,0,2,0,1,0,0,1,1,2,1,2,0,0,1,1,1,2,2,0,1,0,0,1,1,0,0,0,2,0,1,1,4,0,0,0,2,1,1,0,4,1,1,2,0,1,0,2,0,4,2,0,0,0,4,1,1,0,1,0,1,1,0,4,1,0,1,1,0,1,1,1,1,5,2,2,2,0,0,1,0,2,0,1,0,0,1
"Gene208",0,1,0,1,1,2,1,0,2,1,2,1,1,2,1,0,0,1,0,1,0,1,3,1,2,0,2,0,3,0,1,2,1,0,3,2,1,1,2,1,2,1,0,1,1,1,0,0,0,0,1,0,2,0,3,2,0,1,2,1,0,0,2,1,0,2,0,1,0,3,0,1,1,0,1,1,0,1,1,0,1,1,4,0,1,0,1,2,0,1,1,2,0,0,0,1,3,1,1,0,3,2,0,2,1,1,0,0,0,5,2,0,0,0,1,0,0,1,0,1,1,1,3,0,1,1,0,0,1,2,2,0,1,0,1,0,0,1,1,1,0,1,2,1,0,4,0,0,1,1,1,2,1,2,1,1,2,1,1,1,1,1,1,0,1,0,1,2,2,0,1,2,1,2,2,1,5,0,1,4,1,0,2,1,4,4,2,0,1,1,0,1,0,2,1,0,1,1,0,2,0,2,1,1,1,1,2,1,2,1,1,2,4,1,1,1,1,0,0,2,1,2,2,4,0,0,0,0,2,2,0,0,1,1,1,1,1,1,0,0,0,0,0,2,0,0,0,2,0,1,1,1,1,0,1,4,1,2,1,1,2,1,0,1,0,1,0,2,2,0,1,0,2,1,2,5,1,1,1,0,1,0,0,0,0,0,2,0,1,4,1,1,1,0,2,0,1,1,4,0
"Gene209",0,0,2,4,1,2,0,2,1,2,0,4,1,0,2,1,0,1,0,0,1,2,0,0,0,1,1,0,3,0,1,2,0,0,0,1,2,0,0,1,2,2,2,2,0,2,2,0,3,0,1,1,2,1,2,3,0,0,1,1,0,3,3,0,2,1,1,0,1,0,0,0,2,3,1,0,0,1,3,0,2,0,1,1,0,0,1,2,1,1,0,0,2,1,1,0,2,2,5,0,1,0,0,2,0,2,0,0,0,1,0,0,0,1,2,2,0,0,3,2,1,0,0,1,0,0,0,0,1,1,2,2,0,1,2,1,3,2,0,1,1,0,2,1,0,0,2,0,1,1,1,1,0,4,1,0,1,0,4,0,1,0,1,2,1,2,1,1,0,1,1,1,2,1,4,1,1,1,0,6,0,0,4,4,2,4,2,1,0,0,1,1,1,0,0,4,2,5,1,0,1,4,0,0,1,0,0,0,0,2,0,1,1,2,1,0,0,1,0,2,1,1,4,1,2,5,4,0,1,1,4,0,0,0,1,1,0,1,2,4,1,0,0,0,0,0,0,2,2,1,1,1,0,1,1,2,0,1,0,2,2,1,4,1,0,2,2,0,0,2,1,2,2,1,1,1,2,1,2,2,0,0,0,1,2,1,0,1,1,1,5,5,1,0,1,4,2,0,2,1
"Gene210",0,1,1,1,0,1,1,1,0,3,1,0,4,1,1,0,1,1,0,3,1,0,1,1,0,1,0,3,0,0,2,1,0,0,0,0,1,0,0,0,1,1,0,0,0,1,1,4,1,0,1,1,1,1,0,1,2,2,3,3,0,2,1,1,0,1,1,1,1,3,0,1,0,0,0,2,1,0,1,0,2,1,0,3,1,1,1,0,0,0,0,1,0,2,0,1,0,0,2,0,1,0,2,1,0,0,0,0,2,2,0,2,1,1,0,1,1,0,1,1,2,1,2,2,1,1,0,0,3,0,0,0,2,0,0,2,0,2,0,0,2,1,3,2,1,4,2,1,1,0,1,2,1,0,0,1,0,0,1,0,2,1,1,1,0,0,1,0,2,0,1,1,2,5,1,1,2,0,2,0,1,2,2,0,0,0,0,0,1,1,1,2,1,1,4,2,0,2,0,1,1,1,1,0,1,1,2,1,0,2,1,0,0,1,0,0,1,0,0,0,1,0,1,0,1,5,0,1,5,1,1,1,0,1,0,2,1,2,2,0,1,4,1,1,0,1,1,0,1,2,0,0,1,4,0,0,1,0,1,2,0,1,1,0,0,1,1,0,2,0,0,1,2,2,0,2,1,2,1,0,0,2,1,0,0,1,0,2,1,1,1,1,1,2,0,0,0,1,0,2
"Gene211",1,1,1,0,1,3,1,1,0,1,3,3,2,0,2,1,0,2,0,0,0,1,1,0,1,1,1,0,1,3,0,1,0,2,0,1,1,0,1,0,0,2,0,1,2,1,2,1,1,0,2,0,0,3,2,0,2,2,1,0,1,2,1,1,1,0,1,0,2,1,0,0,1,3,2,2,2,3,0,1,2,0,1,1,1,2,1,0,2,1,0,1,1,0,2,0,0,1,0,1,1,1,3,0,1,0,1,1,3,1,0,1,0,1,2,1,0,1,3,0,2,6,0,0,1,1,0,2,0,0,2,0,1,2,0,0,0,0,0,1,0,1,4,0,0,2,2,3,1,1,0,1,1,2,0,2,0,1,0,0,0,0,0,0,0,2,0,1,1,4,1,1,2,2,4,4,0,0,6,0,0,0,2,0,2,1,2,0,1,4,0,1,1,0,1,2,0,1,1,2,1,0,1,1,0,0,0,0,1,1,1,1,1,2,1,5,0,2,0,0,0,1,0,0,2,2,0,0,2,4,0,1,1,1,2,0,0,6,2,0,0,0,0,2,0,0,0,2,1,2,0,4,1,1,2,0,0,0,1,0,1,0,2,1,0,1,1,0,1,2,2,1,0,0,0,2,0,0,1,4,2,0,0,1,0,0,1,0,1,0,0,0,4,0,4,1,2,2,1,4
"Gene212",0,1,5,0,1,1,0,0,2,0,0,1,2,1,1,1,1,1,1,0,0,1,0,0,1,1,3,2,0,0,0,0,1,0,3,2,0,0,1,2,0,1,2,0,0,1,1,0,1,0,0,4,0,1,0,2,1,1,1,2,0,1,1,4,2,0,1,0,0,1,0,3,0,2,2,1,3,0,0,2,2,1,1,1,3,2,0,2,0,3,0,2,1,2,1,2,2,0,2,0,1,0,0,1,0,1,1,0,1,0,1,1,1,0,0,1,1,0,0,1,0,1,2,1,2,1,0,1,1,0,1,1,2,2,2,0,0,0,0,0,0,2,0,5,0,1,0,1,0,3,2,1,0,0,0,0,1,0,0,1,2,2,1,0,1,2,0,1,1,1,2,0,5,2,1,0,1,4,0,0,0,1,0,4,0,0,1,4,2,0,0,2,0,2,0,0,1,1,2,1,0,2,2,1,1,0,0,2,0,1,1,1,0,0,1,1,0,2,0,2,2,0,0,4,0,0,2,1,2,2,0,0,0,0,0,1,1,2,0,4,1,1,1,1,1,2,1,1,0,0,1,2,2,0,1,0,0,0,1,0,1,1,0,2,1,0,1,2,0,0,2,1,1,0,2,2,0,0,1,2,0,1,0,0,1,1,1,0,2,1,1,0,0,0,0,0,1,1,2,0
"Gene213",0,1,0,0,0,1,4,3,1,2,1,0,1,0,1,3,1,1,1,0,2,2,0,1,0,1,0,1,2,1,0,3,0,1,0,2,0,0,1,1,1,1,1,0,2,0,2,0,1,0,0,3,3,3,0,0,2,1,1,0,4,1,1,0,1,0,0,0,0,0,0,1,1,1,0,1,2,2,1,1,2,0,3,2,1,1,0,4,2,2,2,2,0,1,0,0,1,0,1,0,0,2,0,0,1,0,1,1,2,0,0,0,3,1,0,0,2,0,1,0,1,0,1,0,0,0,2,0,1,0,1,0,1,0,1,2,0,0,0,1,0,0,3,1,2,1,0,0,1,3,1,2,0,0,1,0,2,1,1,1,0,0,0,1,1,0,0,0,0,0,1,0,1,1,0,1,1,0,4,4,2,4,0,0,0,0,0,2,0,2,1,0,1,1,0,1,0,1,2,0,0,1,1,1,0,0,2,2,1,0,1,1,0,0,0,1,0,1,0,0,0,0,1,0,2,0,0,2,0,0,2,1,0,4,0,0,5,2,0,0,1,2,0,4,0,1,2,1,1,1,1,1,2,4,1,0,1,0,5,0,1,1,1,0,2,0,0,1,2,0,1,1,2,1,1,1,1,0,2,0,0,0,0,2,0,0,0,2,2,5,0,0,2,2,0,2,1,1,0,0
"Gene214",1,1,1,2,0,0,1,1,1,0,1,2,5,3,0,1,2,0,1,0,0,0,2,2,0,2,0,1,0,0,0,1,0,0,1,1,0,1,2,0,0,1,0,0,2,1,1,0,1,1,0,2,0,1,0,0,1,1,0,1,3,2,0,1,0,1,1,0,1,1,0,0,1,2,1,0,3,1,0,0,1,0,1,1,0,1,1,1,1,0,1,1,0,0,1,2,0,0,1,0,0,0,0,2,0,1,1,2,1,0,1,1,2,2,1,2,0,0,0,0,0,0,1,0,1,0,3,1,1,4,1,3,3,1,0,0,0,2,0,2,0,0,1,2,2,0,2,2,1,0,0,1,1,0,0,1,1,1,2,1,1,2,1,2,1,1,0,1,2,4,2,4,4,0,2,0,1,0,0,4,0,2,2,1,2,0,1,2,5,1,0,1,1,1,0,1,0,0,0,1,2,4,4,0,2,4,2,2,1,0,0,1,2,5,0,0,0,1,0,0,2,4,0,1,2,1,1,1,2,0,4,1,0,0,0,1,4,1,2,1,0,1,2,0,0,0,1,1,2,0,1,1,2,0,0,1,0,2,1,0,1,1,0,0,0,1,1,4,2,1,1,4,0,0,2,4,1,0,2,0,0,0,2,0,1,4,5,0,0,2,0,0,0,0,1,0,1,0,0,2
"Gene215",0,1,0,0,1,0,2,1,0,1,0,1,1,1,0,1,1,1,1,0,1,2,0,1,2,1,1,1,0,1,2,0,1,1,1,0,0,2,1,0,1,1,0,1,2,2,0,1,1,0,0,1,2,0,1,2,2,0,2,2,1,0,2,1,2,1,2,0,1,1,0,1,1,2,0,0,2,1,0,3,0,1,0,0,1,1,2,1,3,1,2,0,1,1,2,0,0,2,2,0,1,2,0,0,1,1,0,1,1,1,1,0,0,0,1,3,3,0,1,0,2,1,1,1,1,2,0,0,0,0,2,0,0,2,3,1,1,1,0,2,1,3,0,0,0,2,0,3,1,1,0,2,0,1,0,4,1,2,2,2,2,0,4,1,1,2,0,2,1,1,0,0,1,0,5,0,0,2,2,2,6,1,0,0,7,4,1,1,1,4,1,4,0,0,5,1,0,2,0,1,2,5,1,1,0,0,0,5,1,1,1,1,0,1,0,0,1,1,1,1,4,0,2,0,2,0,1,0,1,0,1,0,1,1,1,1,0,0,5,4,1,0,1,2,1,1,0,0,1,1,2,1,1,4,1,4,1,1,2,0,0,1,0,2,2,0,2,2,4,0,0,0,0,2,2,0,1,0,0,1,1,1,1,1,2,4,1,4,2,0,0,2,4,1,1,1,2,0,1,0
"Gene216",1,1,2,3,0,2,1,0,1,0,1,1,3,2,3,0,0,1,2,2,2,1,1,3,1,0,1,2,2,2,3,1,1,1,1,1,3,1,2,0,1,1,2,0,0,0,0,0,2,1,3,3,1,0,0,1,1,0,0,0,1,0,0,0,1,4,1,1,1,0,1,0,1,0,2,1,1,0,2,0,1,0,0,2,4,1,2,0,0,0,1,4,1,0,2,1,2,1,0,0,0,1,1,3,0,3,1,0,0,0,2,1,2,1,0,2,0,0,3,2,0,1,0,4,4,1,0,0,1,2,2,2,0,1,3,0,1,2,2,3,0,1,1,1,0,0,2,0,1,1,2,0,4,1,0,5,1,1,1,2,2,1,2,1,2,0,0,2,1,0,1,1,2,4,2,1,0,1,1,0,1,1,0,2,1,0,0,1,0,0,2,1,1,1,1,0,1,0,1,1,1,2,0,1,2,1,2,1,1,4,1,2,0,0,0,2,1,1,2,0,0,0,1,2,0,0,4,0,1,2,0,2,1,4,0,5,1,0,0,2,1,0,0,1,2,0,2,1,1,1,2,1,4,1,1,0,0,0,2,0,4,1,0,1,1,0,2,0,0,0,0,0,1,1,0,1,2,4,0,0,4,0,1,0,1,1,4,0,0,1,2,4,2,0,1,2,1,2,2,1
"Gene217",0,0,1,1,0,0,3,1,1,0,1,0,1,0,3,2,0,0,1,2,0,0,0,0,0,1,1,2,1,1,2,1,0,1,2,4,0,1,1,1,1,1,1,2,2,2,2,1,1,0,1,0,1,0,0,2,3,0,0,2,0,0,1,0,0,1,1,0,1,3,1,0,2,2,3,0,2,0,0,1,0,0,0,0,1,0,0,1,0,0,1,2,1,1,1,2,1,0,2,1,1,1,0,0,2,3,1,1,1,0,0,2,1,1,0,0,4,1,3,0,2,0,1,1,2,2,0,0,1,1,2,0,0,2,1,4,0,0,0,1,0,0,0,0,1,1,1,1,1,0,0,5,1,1,1,0,2,1,0,2,0,1,1,0,1,0,1,0,0,2,2,2,1,1,0,0,1,1,1,1,0,1,1,1,2,1,0,0,6,1,0,0,0,1,2,0,0,1,2,1,1,1,2,0,1,0,1,2,1,4,4,1,0,1,0,4,2,1,1,2,0,2,1,7,1,0,0,1,0,1,0,0,2,0,4,0,4,2,0,1,0,0,0,1,1,0,0,2,0,1,2,1,0,2,2,0,1,0,0,1,2,2,0,1,0,2,4,1,1,0,0,2,0,4,1,1,1,2,1,0,1,0,1,1,0,0,1,1,0,2,2,1,1,0,1,0,1,4,4,4
"Gene218",1,0,2,1,1,0,1,3,0,0,2,1,2,1,1,0,0,0,1,3,1,1,0,1,1,0,1,1,1,0,0,1,2,0,2,0,1,2,0,2,5,0,0,1,0,1,0,1,3,0,1,1,0,1,2,1,0,1,2,1,1,0,2,0,1,1,1,1,3,1,3,1,1,0,1,3,3,2,1,2,2,0,1,1,0,0,0,0,2,3,1,1,0,0,1,2,2,0,1,2,0,0,0,2,1,0,0,0,1,1,1,1,2,0,1,0,0,0,3,0,4,2,1,0,1,0,0,2,0,1,0,0,1,2,2,1,1,2,1,0,1,0,0,1,0,2,2,1,0,1,2,0,1,1,1,4,1,2,1,0,1,2,1,1,1,1,0,2,0,2,0,1,2,1,0,0,1,0,0,1,2,1,2,0,1,2,1,2,0,2,1,0,1,1,4,2,2,2,1,4,0,0,2,1,2,5,0,0,1,0,0,2,2,6,0,4,0,0,2,2,0,0,0,0,1,0,1,1,1,0,0,1,1,1,1,0,1,2,2,0,0,1,1,2,1,0,0,0,1,2,0,0,1,1,6,1,2,1,2,2,0,0,1,0,0,0,1,0,2,2,0,0,0,0,2,2,0,1,2,0,0,1,2,0,1,0,1,2,1,1,4,0,4,0,1,4,2,0,1,1
"Gene219",2,4,0,3,1,1,2,0,1,1,1,2,1,1,0,1,0,0,2,1,0,2,2,0,1,0,2,0,1,0,1,0,2,1,0,0,0,0,1,0,0,0,0,0,0,1,0,0,0,0,1,0,0,2,2,0,1,1,1,1,0,1,0,3,0,1,0,1,1,0,0,1,1,1,1,0,3,3,0,3,1,2,0,2,3,0,1,1,0,1,2,4,0,0,1,2,0,0,0,1,4,0,1,0,2,0,0,2,0,1,1,1,2,0,0,1,1,1,0,2,0,1,1,3,0,1,4,2,2,1,0,2,1,1,0,0,0,3,0,0,0,2,1,0,1,0,3,1,2,2,2,1,4,0,0,2,0,0,0,2,0,0,1,4,0,2,2,0,0,2,2,1,2,2,4,0,4,0,1,0,2,4,4,2,1,0,0,0,4,1,1,0,2,1,0,1,5,4,0,1,0,2,0,0,1,0,1,1,1,4,0,1,1,4,0,4,1,1,0,1,1,0,2,1,2,1,2,0,1,1,2,1,0,2,1,0,1,1,0,0,0,1,0,0,4,1,1,2,0,2,2,1,1,1,1,2,4,1,0,1,0,5,1,1,1,1,2,1,1,2,2,1,0,4,0,1,4,1,4,1,1,1,0,2,2,1,1,0,1,7,1,1,2,2,0,1,1,0,0,2
"Gene220",2,0,3,0,0,1,0,1,0,2,2,1,2,1,2,0,1,1,0,0,0,1,0,0,2,2,1,3,0,0,1,4,1,1,2,0,0,0,1,2,2,0,0,2,1,0,1,0,0,3,0,2,1,1,0,1,0,1,3,0,0,1,1,1,0,2,1,0,0,3,1,1,2,2,1,1,1,1,1,2,0,0,3,0,0,3,1,0,0,2,1,0,0,3,2,3,1,0,2,1,1,1,3,2,1,1,0,1,0,1,1,1,1,0,1,1,0,2,1,1,0,0,1,2,2,2,2,0,2,0,0,1,0,1,0,1,0,1,2,0,2,2,3,3,1,1,3,2,3,0,1,1,1,1,0,1,0,1,1,2,1,2,1,1,1,4,2,1,4,0,4,0,1,2,1,1,2,0,2,0,4,1,2,0,2,1,2,0,1,1,1,1,0,1,0,0,4,2,0,4,1,0,0,2,1,0,1,1,0,1,0,2,1,1,1,2,0,2,1,2,1,2,1,1,2,4,2,1,0,1,0,1,0,0,2,2,1,1,0,1,0,1,1,2,5,1,2,0,1,1,4,1,2,0,0,1,1,2,1,4,4,1,1,0,2,0,0,1,1,2,1,1,1,0,1,0,2,1,5,1,0,1,1,2,1,0,0,1,1,1,1,2,1,1,1,0,1,7,1,2
"Gene221",0,1,0,2,0,3,2,2,1,1,0,1,1,0,0,1,1,0,0,3,1,0,1,5,2,1,1,2,1,0,1,1,2,0,0,2,2,0,0,1,0,1,4,1,2,2,1,0,1,1,3,2,1,0,1,2,2,1,1,1,1,2,0,2,3,0,1,0,1,2,3,1,1,0,0,3,0,1,0,1,0,2,1,0,0,2,1,1,0,1,2,0,0,1,3,0,0,0,2,0,2,0,2,1,0,1,1,4,0,2,0,1,1,0,0,0,1,1,1,1,3,1,2,1,1,0,0,1,0,1,0,0,0,0,1,2,0,0,1,0,0,2,0,0,0,2,0,2,2,1,4,1,1,4,1,2,2,1,0,0,5,2,4,0,1,1,4,1,0,2,0,2,5,2,0,0,2,1,0,0,1,0,2,2,0,0,0,5,2,2,0,0,2,0,1,1,0,1,2,1,0,2,2,4,1,0,1,2,1,0,1,1,0,2,2,5,0,0,1,0,0,1,1,1,1,2,0,0,0,0,1,2,2,1,1,1,0,2,1,2,1,6,1,1,0,4,1,2,2,0,4,4,0,0,0,0,5,0,0,1,1,1,0,1,0,1,1,0,0,1,0,2,1,2,2,0,0,0,0,1,0,1,2,1,2,0,0,0,4,0,1,1,2,1,1,1,2,2,0,1
"Gene222",3,1,1,1,1,0,0,0,1,0,1,1,0,1,1,0,0,1,0,1,1,0,1,1,0,0,2,1,2,1,1,1,2,1,0,2,1,0,1,1,0,0,1,1,0,0,1,1,0,2,1,0,1,0,1,4,1,2,0,1,0,1,1,1,0,0,1,2,0,3,0,0,2,0,0,2,0,0,2,1,1,0,3,2,1,3,1,1,2,1,0,0,0,1,2,1,1,0,0,1,2,2,0,0,1,0,1,0,3,1,1,3,1,1,1,1,0,2,0,1,0,4,0,1,1,0,1,3,0,0,2,1,1,2,1,1,1,4,0,3,0,2,1,0,0,0,2,1,0,2,0,0,2,0,0,1,0,0,0,1,0,0,1,0,1,2,0,0,2,1,2,0,0,1,1,2,1,1,0,2,0,4,0,1,1,0,0,1,1,0,1,0,0,0,1,1,0,0,0,0,1,0,1,2,0,1,0,4,1,1,2,0,1,2,0,2,0,0,0,0,2,0,0,1,1,1,2,0,2,0,1,1,2,4,0,0,1,0,0,2,1,1,2,2,2,4,0,1,0,1,0,1,0,0,4,2,1,1,4,1,2,0,1,1,1,2,1,4,0,0,2,0,1,1,0,1,0,0,1,0,4,2,1,1,0,0,1,1,0,0,1,0,0,5,0,4,1,2,0,4
"Gene223",1,2,0,1,2,1,2,0,0,2,1,1,0,0,3,0,1,0,0,1,1,1,1,2,1,2,0,0,1,2,1,0,0,2,0,1,2,0,1,0,2,0,1,1,1,1,2,0,1,0,1,1,1,1,2,0,1,2,1,0,0,5,0,0,1,2,1,0,1,0,1,0,0,2,0,2,2,2,0,1,0,1,1,0,0,2,1,0,0,0,1,1,0,2,1,1,0,1,0,1,2,0,1,1,0,1,0,1,0,0,1,2,1,2,0,2,0,2,2,1,0,1,1,1,1,1,2,2,2,1,1,1,1,0,0,1,0,2,1,0,0,1,1,0,1,2,2,0,4,0,0,1,2,1,0,0,0,2,1,0,1,0,1,4,1,0,1,0,2,0,2,1,1,1,1,1,1,2,1,2,1,1,2,0,1,0,0,1,0,1,2,0,0,1,2,1,2,1,0,2,0,2,0,2,4,1,1,0,1,1,2,1,2,1,1,1,2,2,1,0,2,1,1,1,0,1,1,0,4,0,2,0,4,1,2,1,1,1,1,2,2,0,0,0,0,0,0,0,2,0,6,1,1,0,2,0,0,1,2,0,0,0,1,0,1,0,1,0,0,1,0,2,4,0,2,1,1,0,2,2,1,1,0,1,2,2,0,1,1,0,0,6,1,2,1,1,4,1,0,4
"Gene224",1,2,2,0,0,2,1,2,0,1,2,1,3,2,1,0,2,1,0,1,2,0,2,0,0,3,0,1,1,1,1,1,2,1,0,0,0,2,1,1,2,1,0,3,0,2,1,2,2,1,0,0,3,2,1,1,1,0,1,1,0,2,2,0,0,1,0,1,0,1,1,0,0,0,0,0,1,0,1,0,1,3,0,0,0,0,0,0,1,0,1,1,1,3,1,2,0,0,2,0,0,3,1,0,0,1,0,1,1,4,3,3,0,0,1,1,3,1,1,1,2,0,1,0,0,2,1,2,4,1,0,0,1,1,2,0,0,0,0,1,0,0,0,1,1,0,0,4,0,1,1,2,1,0,4,2,2,1,1,1,1,0,1,1,4,2,0,1,0,1,1,1,1,2,2,1,1,0,1,0,1,0,2,1,1,0,1,5,1,2,0,0,1,0,0,2,0,4,6,1,0,0,0,0,2,0,1,2,0,2,0,0,2,2,1,1,1,4,1,1,2,1,1,1,1,0,0,0,0,0,2,2,0,1,2,2,1,1,0,2,0,0,1,2,1,1,4,0,1,1,0,1,0,0,1,4,0,1,0,0,0,1,1,0,2,0,1,1,0,4,0,2,1,1,2,2,0,0,0,2,1,2,0,4,2,2,1,2,1,0,2,2,2,4,0,1,1,2,2,1
"Gene225",0,1,3,0,4,2,1,0,0,3,0,0,1,1,0,0,1,0,0,0,0,2,3,2,1,1,0,0,1,1,1,3,1,2,0,1,1,0,2,1,1,4,1,1,0,2,0,1,0,1,2,1,1,0,1,0,0,3,0,2,2,2,0,1,1,1,1,0,1,0,0,1,2,0,0,0,1,2,0,1,0,0,0,0,0,1,1,2,1,1,1,0,3,2,0,3,0,3,2,0,1,2,0,1,1,0,2,0,2,0,3,1,2,0,0,1,1,2,0,0,1,0,0,1,0,4,2,2,0,2,0,0,0,0,0,2,0,0,0,0,1,1,0,0,0,2,1,4,1,1,0,1,0,1,2,2,2,0,0,1,0,4,0,4,0,1,2,1,1,1,0,1,0,0,0,1,0,4,1,2,1,1,0,0,0,1,1,2,1,2,1,1,1,1,1,0,1,0,1,1,5,1,0,1,4,2,0,2,0,0,4,0,2,5,1,2,4,0,2,1,1,0,4,1,0,1,1,0,4,0,1,0,1,1,0,1,4,1,0,0,1,2,4,1,1,0,0,0,1,1,0,2,1,1,0,0,1,2,1,1,2,0,2,0,1,2,0,0,1,1,0,0,2,1,1,1,2,0,2,1,2,0,1,4,0,1,0,0,0,2,0,2,1,1,2,1,2,1,4,0
"Gene226",1,2,0,2,0,2,1,1,1,2,1,1,1,2,2,1,0,1,1,1,2,1,0,0,3,0,3,1,1,1,1,0,1,0,3,1,3,0,1,3,1,0,1,1,2,2,0,2,1,0,0,1,1,3,0,0,1,1,1,0,3,2,1,0,1,0,2,2,2,0,0,0,1,2,2,0,2,3,1,3,1,2,0,0,2,2,0,0,0,2,1,2,1,0,1,0,1,0,1,0,0,1,1,2,1,2,1,2,0,1,2,0,1,1,0,1,1,0,2,1,0,0,1,1,1,0,0,0,1,0,0,2,1,0,0,0,1,0,1,0,0,0,0,1,0,2,0,0,4,1,2,1,0,0,0,0,1,0,1,0,2,0,0,1,1,4,1,0,0,1,1,1,1,1,2,1,2,4,0,0,1,0,0,4,6,1,1,1,0,1,1,1,1,1,2,1,0,0,2,0,1,1,0,2,4,1,1,1,0,0,1,2,0,0,0,0,0,1,4,0,1,1,1,4,2,1,1,2,2,1,1,1,0,2,1,0,0,1,0,1,0,0,1,1,1,4,0,1,0,4,0,1,2,0,1,0,1,0,0,1,2,0,1,0,1,1,0,1,2,2,1,0,5,0,0,1,0,1,4,1,1,4,0,1,0,1,1,0,1,1,0,0,2,2,1,2,0,0,2,1
"Gene227",1,2,1,0,0,2,0,1,1,0,0,2,1,1,0,0,0,0,1,1,0,0,0,0,0,0,1,2,0,0,1,1,2,3,1,1,1,1,3,1,2,1,1,3,1,1,2,0,2,0,0,1,1,1,0,2,0,1,1,5,1,1,0,0,1,0,0,1,0,1,0,0,1,1,0,0,0,0,0,1,1,1,0,0,0,1,0,0,0,2,2,1,0,0,2,0,2,0,0,1,2,2,0,0,1,0,0,0,3,2,1,3,1,5,0,1,0,0,0,1,1,1,0,1,0,1,2,2,2,2,0,1,1,0,2,1,0,0,1,1,0,1,1,2,2,1,2,2,2,1,1,1,2,2,1,1,2,0,2,1,0,2,2,1,1,2,2,1,2,1,0,0,1,0,1,4,0,1,2,2,1,4,1,2,1,1,0,2,0,1,1,1,2,0,2,2,1,2,2,2,1,4,2,1,0,1,0,1,0,1,0,1,0,4,1,0,0,1,0,0,0,0,2,2,1,0,1,1,1,0,0,0,1,2,2,1,1,2,2,0,1,1,0,2,2,1,0,2,1,1,1,0,0,2,1,1,0,1,0,0,1,0,1,0,0,2,1,1,4,0,1,2,0,0,1,1,1,1,1,0,1,0,1,2,1,1,0,4,2,2,1,0,0,0,0,2,0,0,1,0
"Gene228",1,1,0,1,0,0,1,0,1,0,2,0,3,5,0,1,0,1,0,1,1,0,0,2,0,1,2,1,3,0,2,0,0,2,0,1,1,2,1,0,0,2,1,2,0,4,0,0,3,0,0,2,1,1,2,1,1,1,1,0,0,0,0,1,0,0,2,3,2,1,1,1,2,1,1,1,3,2,1,2,2,0,1,2,0,2,0,1,2,0,2,2,0,0,1,2,0,1,0,0,0,3,1,0,2,2,1,0,1,2,0,2,0,1,1,1,1,2,1,0,0,1,0,0,1,0,0,0,1,0,1,2,0,1,0,1,0,1,1,2,0,0,0,2,0,0,0,2,0,1,0,2,0,2,0,2,1,0,1,1,0,2,2,2,1,1,0,0,0,2,0,1,4,0,2,0,0,0,1,0,2,2,4,0,0,0,1,0,1,1,0,0,1,0,0,1,0,2,1,1,0,2,1,1,1,0,1,0,0,0,0,1,0,0,2,2,0,0,1,1,1,1,1,5,5,2,0,1,1,1,1,1,2,2,1,1,2,0,1,1,1,4,0,1,2,2,0,0,1,0,1,0,0,0,1,0,0,1,1,0,1,0,0,4,1,0,1,0,4,1,0,0,4,0,1,0,1,2,2,1,4,2,1,1,2,1,0,0,0,1,0,1,1,0,0,1,0,0,0,1
"Gene229",1,2,2,1,2,0,0,1,2,0,1,1,1,0,0,2,1,2,0,0,1,0,0,1,0,0,1,1,2,0,0,0,1,0,2,0,1,0,1,0,0,1,0,0,1,2,0,1,0,0,1,2,0,1,0,2,0,0,0,1,5,1,1,0,2,2,1,0,2,0,1,1,0,1,2,1,1,1,1,0,0,1,0,0,2,2,1,0,3,6,3,1,1,1,1,1,3,0,1,1,0,1,1,0,0,0,1,2,1,1,0,0,2,1,1,1,4,0,1,0,3,0,2,0,0,1,3,0,0,0,3,1,1,1,0,1,3,2,1,0,1,1,4,0,2,3,0,0,3,1,0,0,2,1,2,1,1,1,0,2,1,2,0,1,4,2,1,0,1,5,2,0,0,1,0,1,0,1,0,0,2,1,2,2,1,0,2,2,2,2,1,0,2,1,0,0,1,1,1,1,0,0,2,0,0,0,5,1,0,1,1,1,0,0,1,1,1,0,0,0,2,0,0,0,1,0,0,4,2,0,1,2,1,2,0,1,1,2,1,2,1,2,4,2,1,0,1,1,1,1,2,1,2,0,0,1,1,2,5,1,1,2,0,2,1,1,0,2,2,0,0,4,1,1,2,1,2,0,2,0,0,2,0,5,1,1,1,0,2,0,0,1,1,0,2,2,0,0,0,1
"Gene230",2,0,1,0,0,0,1,0,0,2,0,2,0,1,0,0,1,2,1,0,1,1,2,0,1,2,4,2,1,2,0,0,3,2,1,0,1,0,0,1,0,1,0,0,1,0,1,2,1,0,0,1,0,0,0,0,2,1,1,2,2,1,5,1,1,1,1,0,0,1,1,1,0,1,0,1,0,3,1,3,2,0,1,1,2,2,2,3,1,2,3,2,0,2,1,1,2,1,1,0,0,2,0,2,2,3,1,2,1,1,2,2,0,2,1,5,2,0,2,3,1,2,1,1,0,3,0,0,1,3,1,0,2,2,1,3,0,0,1,1,1,0,1,1,0,0,1,2,1,0,1,1,1,0,2,1,1,0,1,2,0,0,1,0,0,2,4,0,0,2,2,0,2,2,1,2,1,2,0,0,1,0,0,1,0,1,5,1,1,1,1,2,5,0,0,0,0,1,5,1,0,2,1,2,2,2,0,1,4,2,1,0,2,0,2,1,5,1,0,2,1,0,2,1,2,5,4,1,0,5,0,2,2,4,1,1,2,0,2,1,1,0,1,2,2,0,4,0,2,2,4,0,1,1,0,1,2,4,1,0,1,1,0,2,0,1,0,2,2,0,0,0,1,4,4,2,1,0,0,1,2,0,0,0,1,1,1,0,2,1,0,0,0,4,0,1,1,4,0,1
"Gene231",1,1,0,4,2,1,0,2,0,1,2,0,1,2,0,0,0,0,1,1,0,0,0,0,2,1,1,1,3,2,0,2,0,0,0,5,0,0,0,2,0,0,1,1,1,1,1,0,0,2,1,1,3,2,0,1,1,1,1,0,1,1,0,2,2,1,2,2,2,0,0,2,0,1,0,1,1,1,0,1,0,3,1,0,2,3,0,2,2,0,1,0,0,0,3,2,1,3,0,0,0,1,0,0,1,2,0,0,1,0,1,1,0,3,1,0,0,0,0,1,3,0,1,1,1,1,0,1,0,1,3,0,0,0,0,1,1,3,0,1,0,1,1,1,1,0,2,1,1,1,0,0,1,0,0,0,0,2,2,0,1,0,0,0,4,0,0,0,4,1,2,0,1,0,2,1,0,0,0,2,0,0,1,2,0,5,1,1,1,1,0,4,0,0,1,0,1,2,0,1,0,2,2,1,1,0,2,1,1,0,1,0,0,1,1,0,1,4,1,1,1,0,1,0,0,1,2,0,2,0,1,0,1,1,1,1,0,0,1,2,4,1,1,0,1,0,2,1,2,1,1,0,4,1,1,1,1,2,0,1,0,0,1,0,1,0,1,0,1,2,0,2,0,1,2,1,1,1,2,0,1,1,1,1,1,1,1,2,0,1,1,2,1,1,2,1,1,1,1,4
"Gene232",1,2,0,1,2,2,0,1,1,2,1,1,1,1,1,0,0,0,1,3,1,1,0,0,0,2,2,0,0,0,0,1,2,0,2,0,1,0,3,1,4,1,0,0,1,1,0,0,1,3,2,4,2,1,2,0,2,0,0,1,2,0,0,0,1,0,1,1,1,0,0,1,2,1,1,0,3,3,1,1,1,2,4,1,1,0,1,0,2,1,1,1,1,2,1,1,2,1,0,1,3,0,2,1,1,1,0,2,1,2,1,0,2,0,1,0,1,1,1,1,2,1,0,0,2,2,0,1,2,0,1,2,0,1,1,1,1,0,2,0,1,1,0,3,0,1,0,1,0,2,0,1,0,0,4,1,0,0,1,2,1,2,4,0,0,2,1,1,0,1,1,1,1,1,0,0,2,1,4,2,2,0,0,2,1,1,4,1,1,1,4,2,0,1,1,0,1,0,0,2,1,0,1,1,0,2,2,1,2,1,0,1,0,1,0,0,0,4,2,0,1,1,0,0,0,1,2,2,0,0,0,0,1,1,0,2,2,2,0,1,2,1,2,4,1,0,0,1,0,2,0,2,0,2,0,2,0,1,0,1,0,0,0,0,0,1,0,1,0,5,1,0,0,2,1,1,0,1,0,2,2,0,1,1,1,1,4,0,0,1,1,0,0,0,1,0,0,1,2,1
"Gene233",1,1,0,0,1,2,1,0,0,5,3,1,0,0,2,0,0,1,2,1,2,0,0,1,1,1,0,1,1,0,0,0,0,1,1,1,1,1,1,1,0,0,1,0,1,2,4,2,0,0,0,1,0,0,2,0,0,0,2,1,2,1,1,1,0,0,0,0,0,0,1,2,0,0,0,0,0,1,3,2,2,0,3,1,2,1,0,3,1,1,3,0,0,1,1,0,0,0,0,0,1,0,1,0,0,1,0,1,2,1,2,1,0,1,2,1,3,1,0,1,0,0,0,1,0,2,0,0,1,0,2,4,0,2,2,2,0,3,1,0,1,1,1,0,0,2,0,1,2,0,1,1,0,2,1,2,1,2,0,6,1,2,2,1,1,0,2,2,0,1,2,0,0,2,0,1,1,0,2,4,1,0,1,0,0,0,1,1,4,0,1,0,1,0,1,2,2,0,1,0,0,0,0,2,0,0,0,1,1,1,0,4,0,0,0,1,2,2,1,0,0,2,2,1,1,1,2,0,1,0,0,2,0,5,0,0,0,4,0,1,0,1,1,1,1,0,2,4,4,0,1,1,4,2,1,1,1,1,1,1,2,1,0,2,0,0,1,0,1,1,1,4,1,0,0,1,0,0,1,0,1,0,4,1,1,0,0,2,1,0,2,0,2,0,0,0,1,0,1,0
"Gene234",0,3,1,3,1,1,1,0,3,1,0,2,1,0,0,1,3,0,0,0,0,0,0,2,1,0,1,3,0,2,0,0,0,0,0,0,1,0,0,0,2,1,1,0,2,1,0,1,0,0,0,1,0,1,1,1,1,0,1,0,1,1,0,0,0,1,1,1,1,0,2,0,0,0,0,2,2,4,2,0,0,1,2,1,1,1,1,1,1,0,1,0,0,3,2,1,0,1,0,0,1,1,2,3,2,1,1,2,2,3,1,1,0,0,0,3,1,1,3,0,1,2,1,2,1,0,0,1,1,2,3,1,1,3,2,3,1,1,0,1,1,3,1,1,1,1,3,1,0,1,2,1,0,1,1,2,4,0,1,1,2,1,0,0,0,0,1,2,0,1,1,2,1,1,0,2,1,1,5,1,0,2,0,1,0,0,0,2,1,0,1,0,1,1,5,0,0,0,0,0,0,1,0,2,1,2,1,0,0,4,1,4,2,0,2,2,0,1,1,2,1,2,0,0,1,1,1,1,1,6,1,0,0,0,2,0,1,1,0,0,0,1,0,0,0,1,1,1,1,0,1,0,2,2,2,0,0,2,0,0,0,2,1,2,6,0,1,0,0,1,1,0,0,4,1,2,0,2,2,0,0,0,0,0,2,1,2,0,0,2,2,0,1,0,1,1,2,0,0,1
"Gene235",0,0,0,2,0,2,2,0,1,0,0,1,0,1,2,0,1,1,0,1,0,1,1,1,1,0,1,3,1,1,2,2,1,0,2,2,0,2,2,0,1,2,1,0,1,2,1,2,2,1,3,1,0,0,0,2,1,4,1,0,4,0,1,0,0,1,0,0,0,3,0,0,1,1,2,0,0,0,1,1,0,1,0,0,0,1,3,1,1,0,0,0,3,2,0,1,0,0,0,1,2,0,1,0,1,2,0,1,1,2,1,2,0,3,1,0,2,1,2,1,0,1,2,1,1,1,0,0,2,0,0,2,1,1,1,0,2,1,1,0,2,2,0,0,3,0,0,1,1,1,2,0,2,0,1,2,4,1,0,1,2,1,2,1,0,1,0,2,0,0,0,0,2,1,2,0,0,1,0,2,1,2,1,0,0,1,2,2,1,0,0,1,2,1,0,0,1,2,0,1,1,1,0,0,2,0,1,2,1,0,1,2,1,0,4,0,2,0,1,1,1,1,1,1,4,2,4,0,5,1,2,1,1,1,1,1,0,1,1,1,4,2,0,2,2,0,1,1,0,2,0,0,2,1,1,1,0,0,5,1,1,2,2,2,0,0,0,0,2,2,0,0,4,1,1,0,1,1,1,1,1,4,1,0,0,2,0,4,6,1,2,1,1,1,0,0,0,1,0,0
"Gene236",1,0,0,1,1,1,1,3,1,1,1,3,3,2,2,1,0,1,0,1,2,1,1,0,1,2,2,0,1,1,1,2,1,0,1,0,0,0,1,0,0,1,1,1,2,1,1,0,1,1,1,0,2,0,1,0,1,2,1,1,2,0,1,0,1,0,1,0,2,1,1,0,4,0,3,2,1,2,2,0,1,1,4,1,2,2,0,0,1,1,2,1,1,0,4,1,1,1,0,1,0,0,2,2,0,1,1,1,0,1,2,2,2,0,1,1,1,0,0,1,0,0,1,1,0,1,1,1,0,3,2,1,0,1,0,2,1,2,4,1,0,0,0,1,0,0,3,1,1,2,1,0,2,1,0,0,2,1,1,0,0,1,1,1,2,1,0,4,0,0,1,1,1,0,2,1,0,0,1,0,4,0,1,4,0,0,4,0,0,2,4,2,2,1,2,2,1,0,0,1,0,4,0,2,1,0,1,0,2,1,1,0,0,0,1,1,0,0,1,1,1,1,2,0,1,2,0,0,5,1,1,1,1,0,4,0,0,1,0,0,0,1,0,0,1,2,1,0,0,0,1,0,0,0,1,1,0,0,0,0,1,0,1,0,0,0,1,1,2,1,1,0,0,1,0,0,1,0,1,1,0,1,2,1,0,1,0,0,2,0,2,5,0,1,2,0,1,0,0,2
"Gene237",0,2,0,0,3,1,2,3,0,2,2,3,0,3,1,2,0,2,2,1,0,3,1,4,0,1,0,1,1,2,0,0,0,2,0,0,0,0,0,3,3,1,2,1,0,1,0,0,2,1,0,2,0,1,1,1,1,0,1,0,0,1,0,1,3,0,1,1,1,0,1,1,0,1,0,2,0,0,0,1,0,0,2,0,2,0,1,3,3,0,0,0,2,1,0,1,2,1,4,1,1,0,0,0,2,2,4,1,0,0,1,1,1,0,1,0,0,0,0,1,1,1,1,2,1,0,2,1,3,0,3,0,1,2,3,1,1,3,0,0,2,0,1,1,0,1,4,0,0,0,1,1,0,5,2,1,2,1,1,4,1,2,1,2,5,1,4,1,0,1,1,1,1,0,2,1,2,2,1,0,4,2,1,0,0,0,0,1,0,1,1,1,0,1,1,0,4,2,1,2,1,0,0,0,1,0,1,1,1,0,4,4,0,1,1,0,4,0,2,1,0,0,0,1,0,0,1,0,1,1,1,0,4,1,0,1,0,0,1,2,0,4,0,0,4,1,1,1,1,1,1,1,2,0,4,1,1,2,2,1,2,4,0,0,1,4,2,0,2,1,1,1,1,2,0,1,1,1,1,2,0,2,1,4,0,1,1,2,1,2,0,1,1,2,1,2,2,2,0,1
"Gene238",2,4,1,2,0,2,1,0,0,3,1,1,0,1,1,1,1,0,1,1,1,2,0,1,0,0,2,0,0,1,0,1,3,1,0,2,0,0,1,0,2,0,1,0,1,1,2,0,1,2,2,1,2,0,0,1,1,1,1,0,0,1,0,1,2,2,3,3,0,2,1,0,0,1,1,1,0,0,4,1,1,2,1,0,2,0,2,2,0,1,0,0,2,0,0,0,1,0,0,1,1,3,0,0,2,0,1,2,1,0,1,4,1,0,0,0,0,0,2,1,1,2,0,4,2,0,1,0,0,2,0,1,0,0,0,1,0,1,1,0,1,0,1,0,0,1,2,1,2,1,6,1,1,0,0,2,1,0,6,0,1,1,0,2,4,1,0,2,0,1,1,0,1,1,0,1,2,0,1,0,5,0,2,0,0,0,0,0,2,0,2,0,1,1,2,2,0,4,0,4,2,1,2,0,1,1,1,2,1,1,0,1,0,1,2,4,2,2,1,4,1,1,0,5,1,0,0,1,0,2,1,2,2,1,0,1,1,1,2,1,1,1,0,1,2,0,5,2,0,2,1,1,0,0,2,2,0,0,0,1,0,0,1,2,1,1,1,0,1,0,0,2,2,1,2,1,0,0,0,1,0,0,2,1,2,1,0,2,0,0,0,0,1,1,4,2,0,5,1,2
"Gene239",0,0,3,3,0,1,1,2,1,1,0,0,1,0,0,1,0,1,0,3,1,0,0,1,0,0,1,2,1,0,1,1,2,0,1,0,2,1,2,0,1,2,0,0,2,2,0,2,3,1,1,1,0,2,1,3,2,0,0,1,0,0,0,1,0,0,0,1,3,0,1,0,2,1,0,1,0,0,0,0,1,1,0,0,0,1,0,1,2,0,4,0,1,1,3,0,0,0,0,1,2,2,1,2,0,3,0,1,1,2,0,2,3,2,0,0,1,1,1,2,1,0,0,1,1,0,1,0,1,2,0,1,2,0,2,5,0,2,1,0,2,1,1,3,2,1,1,2,0,2,2,1,1,2,1,2,4,2,1,1,0,1,1,1,0,2,0,1,1,1,2,1,2,0,1,0,0,0,0,0,4,2,1,0,0,0,0,2,1,2,1,2,0,0,1,1,0,0,0,1,0,1,0,0,1,0,1,0,2,0,1,0,0,1,0,1,1,0,1,4,1,2,0,0,1,2,0,1,2,2,0,0,1,0,2,0,0,0,1,1,1,1,1,0,1,1,1,1,0,1,0,0,0,4,0,0,1,0,1,0,2,2,1,4,1,0,2,1,0,2,1,1,0,1,1,2,0,0,4,0,0,0,2,2,1,1,0,1,2,1,1,2,0,1,2,0,1,1,1,0
"Gene240",2,0,0,2,3,2,1,0,0,1,0,0,1,0,0,0,1,2,1,0,0,0,0,1,0,0,1,1,1,0,1,1,0,1,2,2,0,0,1,0,1,3,0,0,1,0,1,2,1,3,1,1,1,0,1,0,2,0,2,3,1,1,1,1,1,1,1,0,0,1,3,2,0,4,1,1,5,1,0,1,0,3,1,3,0,1,1,1,2,0,1,0,2,0,2,1,1,3,1,1,1,1,0,1,0,0,1,0,2,0,2,5,2,0,0,2,2,1,3,2,1,4,2,0,2,0,3,0,0,2,0,1,3,1,0,1,0,0,2,1,0,1,1,1,2,0,2,1,3,1,0,2,0,2,1,0,1,1,0,2,1,1,1,1,2,4,1,1,2,0,1,2,2,0,2,1,1,0,2,1,1,0,2,1,4,1,1,1,2,0,0,2,1,1,0,1,0,2,1,1,2,1,2,1,2,0,0,0,1,1,2,2,0,0,0,2,1,1,0,1,0,1,1,2,0,2,1,4,0,0,2,0,1,0,1,5,0,0,0,0,0,1,0,1,1,2,0,0,1,1,1,0,1,2,1,1,1,0,1,1,1,4,1,1,2,0,0,1,0,0,2,2,1,0,2,1,2,2,1,2,2,0,1,2,2,0,2,0,1,1,0,1,1,2,1,1,0,0,2,4
"Gene241",1,4,0,0,0,0,0,2,1,0,2,4,0,1,0,2,1,1,1,3,1,0,1,1,0,1,2,0,1,0,2,0,0,1,2,2,0,0,0,1,0,0,1,0,1,2,0,3,1,3,2,0,0,1,1,0,1,0,1,0,0,0,1,1,0,1,1,1,1,1,1,0,1,0,2,1,1,1,0,2,0,5,1,1,1,0,1,1,3,1,0,1,1,1,1,1,2,0,0,2,1,0,1,2,2,2,0,1,2,2,4,1,2,2,0,1,1,0,0,0,1,2,2,1,0,1,1,0,1,0,0,3,1,0,1,1,1,0,2,0,2,2,1,0,1,1,2,1,0,0,0,1,1,0,1,1,0,2,2,0,1,2,1,2,2,1,0,0,2,0,2,1,0,1,2,1,0,1,1,0,0,2,0,2,0,1,1,0,0,2,2,4,1,2,2,4,0,0,4,1,1,0,0,0,1,1,2,0,0,0,1,1,2,1,1,4,1,2,0,2,2,0,2,1,2,1,1,1,1,4,1,1,2,1,0,1,0,1,5,2,2,0,0,4,0,0,1,0,2,0,1,0,0,0,2,4,1,2,0,0,0,2,0,2,0,2,1,1,0,0,1,1,0,0,2,0,5,0,1,2,0,0,1,2,1,1,0,4,1,1,1,2,2,0,1,0,2,2,0,2
"Gene242",1,0,0,3,1,0,1,0,2,1,0,1,0,0,1,0,2,1,0,6,0,0,0,0,0,1,0,0,0,2,1,0,0,2,1,0,0,0,1,1,2,1,0,3,2,1,1,2,1,0,1,2,0,0,3,2,1,1,1,1,0,1,3,1,0,0,2,1,0,1,2,0,2,0,0,1,0,2,1,2,2,1,1,2,0,1,2,0,1,0,0,1,0,2,0,1,1,1,1,2,2,0,3,1,1,1,2,0,1,5,0,1,0,1,0,1,1,2,2,0,1,1,0,0,0,0,1,2,0,0,1,1,2,1,0,2,2,1,2,2,2,0,1,0,0,1,1,1,1,1,1,2,1,2,0,0,1,0,0,1,1,0,0,0,1,2,1,1,1,1,4,1,1,0,4,2,2,0,0,1,0,2,1,0,0,1,0,2,1,2,1,2,1,2,0,1,0,1,0,2,1,1,4,6,0,0,2,2,1,0,1,1,1,2,2,1,1,0,5,0,2,1,0,1,0,0,4,2,2,0,0,2,0,2,1,0,0,0,1,1,0,0,0,1,0,1,1,1,1,1,0,1,0,5,0,0,0,1,1,1,1,2,4,1,0,2,1,2,1,2,0,2,1,0,0,4,0,1,1,2,0,2,2,1,2,0,2,0,1,1,1,1,0,0,4,1,1,1,1,1
"Gene243",0,0,1,1,0,0,6,3,0,0,1,0,1,0,0,1,1,0,1,0,1,0,1,0,0,1,1,2,1,3,1,1,2,1,1,2,2,0,1,3,0,0,1,1,0,1,2,2,0,3,3,2,1,1,0,3,0,1,0,1,0,1,1,1,2,4,3,2,1,0,0,0,0,1,1,1,1,0,3,1,0,1,3,0,1,1,0,0,1,0,1,0,0,1,0,3,2,2,0,1,3,1,1,0,1,2,1,2,1,0,2,2,0,3,0,0,2,2,2,1,0,2,3,1,1,3,0,1,1,0,0,1,0,1,0,2,2,0,2,2,1,1,1,1,0,1,0,3,2,0,0,0,2,0,0,0,1,0,0,1,2,2,4,0,0,1,1,2,1,2,0,0,0,1,0,2,0,0,1,0,0,0,0,0,0,1,1,1,0,1,0,2,2,1,2,0,0,4,0,0,1,0,5,0,2,1,0,0,1,2,1,0,0,1,2,0,1,1,2,2,0,0,2,0,2,0,0,1,0,1,2,1,1,1,1,1,0,0,0,1,0,0,0,0,1,0,0,2,1,2,1,5,1,0,0,5,0,1,1,1,0,1,2,0,4,2,1,1,1,1,0,1,0,2,0,1,0,0,4,4,2,2,0,0,1,4,0,1,1,0,0,1,1,0,2,1,0,4,2,0
"Gene244",1,1,1,0,3,0,3,0,0,1,1,0,1,1,1,1,0,1,1,2,0,2,2,1,1,0,2,2,0,0,0,0,0,0,1,3,1,3,1,0,0,1,1,3,1,0,0,1,2,2,0,1,4,0,0,2,4,2,1,0,0,1,1,0,3,0,0,0,2,1,1,0,1,0,2,1,2,0,0,3,2,1,1,1,1,3,1,2,2,4,3,0,1,0,0,1,1,1,0,1,1,2,0,1,1,0,2,1,1,2,2,0,0,1,0,0,1,1,3,1,5,0,1,3,2,1,1,2,1,1,0,0,0,0,0,4,0,0,0,0,2,0,0,0,0,2,2,1,5,0,2,4,0,0,2,2,2,0,4,0,1,1,1,0,1,0,4,2,1,1,1,5,2,0,1,0,0,1,1,2,1,0,1,2,1,2,1,1,5,2,2,0,1,1,1,0,1,1,1,4,1,0,0,1,1,1,1,2,1,1,1,1,2,0,0,1,1,1,1,0,2,0,0,2,2,0,0,1,2,1,4,0,2,0,4,1,0,0,2,0,0,2,2,0,1,0,1,1,4,0,1,0,0,2,2,1,0,0,0,2,1,0,0,1,1,2,0,0,0,2,2,1,0,0,0,2,0,0,1,0,1,0,0,0,0,1,1,0,0,2,0,1,1,1,4,0,2,0,0,1
"Gene245",0,0,2,0,2,2,2,1,2,1,3,1,1,1,0,3,2,2,0,1,1,1,0,1,0,0,0,1,0,0,1,2,2,2,1,2,1,1,2,2,0,4,0,1,2,0,0,1,2,0,1,0,3,3,3,1,1,0,1,2,1,1,2,0,0,1,0,0,1,0,0,1,0,0,0,0,1,0,1,0,2,1,0,0,3,1,2,0,1,1,1,0,1,2,3,0,2,2,2,0,0,1,0,1,0,0,1,0,0,0,2,0,4,0,1,1,1,0,5,1,1,1,2,3,0,0,0,2,0,2,0,1,1,0,2,1,0,0,3,1,1,0,1,0,2,1,0,1,1,2,1,0,0,2,1,1,1,1,0,1,2,1,0,4,0,0,0,1,4,1,4,0,1,2,2,1,0,0,0,5,0,0,1,0,2,1,0,4,1,2,0,1,0,0,0,2,1,1,1,0,1,1,1,0,0,1,1,1,1,0,1,1,1,1,1,1,2,0,0,4,1,0,4,0,1,0,0,0,1,2,1,1,4,0,2,1,0,1,0,0,0,1,0,4,2,1,0,1,1,2,0,1,0,2,1,1,0,0,0,1,1,4,1,0,1,0,1,2,2,2,2,1,0,2,2,2,1,0,1,0,0,0,1,0,0,0,1,1,1,1,0,0,0,1,1,1,0,0,1,1
"Gene246",1,1,0,0,2,2,2,1,0,1,1,0,1,0,1,0,3,0,1,2,2,0,0,2,1,0,0,1,2,0,0,1,3,2,0,2,1,0,1,0,2,2,1,2,3,1,2,0,2,1,0,1,0,0,1,1,1,1,3,0,1,1,0,2,1,2,0,1,1,1,1,0,0,3,1,1,1,0,1,1,1,1,1,0,0,2,1,1,1,0,2,1,0,1,0,1,4,2,1,1,2,2,0,2,3,1,2,1,2,0,1,0,0,0,3,0,3,0,1,0,2,0,1,3,1,2,1,1,0,0,0,1,1,0,0,1,1,1,0,2,1,1,1,1,2,1,0,2,1,2,1,1,1,0,1,0,0,1,1,1,1,0,1,0,2,0,0,1,1,2,2,0,0,2,0,0,0,0,5,0,4,0,0,1,2,1,2,1,0,0,0,0,0,0,1,1,1,4,1,1,0,1,1,1,0,0,0,1,2,1,2,1,0,0,1,0,1,0,4,0,0,1,0,1,4,0,2,2,0,2,0,1,0,1,2,0,1,0,1,0,2,1,2,0,1,0,1,4,8,0,1,1,1,2,2,1,1,1,1,1,0,1,2,2,1,0,2,1,1,1,0,1,2,1,0,2,4,0,1,0,0,2,2,0,2,1,0,1,0,1,0,0,1,1,0,1,0,2,0,0
"Gene247",1,2,1,2,1,0,3,0,2,3,0,0,0,2,1,1,1,2,2,2,1,1,2,0,1,0,0,1,1,3,2,1,2,2,0,1,1,0,1,1,1,2,1,0,2,0,0,0,2,1,0,0,1,1,0,4,0,1,2,1,0,2,1,0,3,0,0,1,0,1,1,1,1,0,1,1,0,0,2,0,0,1,2,0,0,0,1,0,1,0,1,1,3,0,0,1,1,3,0,2,1,1,1,1,1,0,0,3,1,2,1,2,0,3,0,1,0,2,1,1,1,0,1,0,1,1,5,2,2,0,1,1,0,1,0,1,0,3,2,1,0,0,3,1,3,1,0,0,0,1,2,1,2,0,1,0,0,0,2,2,1,0,1,0,1,2,0,1,1,0,4,2,1,0,0,1,0,1,1,0,1,0,1,0,1,5,2,1,1,2,1,1,2,0,1,0,0,0,5,1,2,7,2,5,0,2,2,0,0,0,1,1,2,4,6,0,0,2,2,1,1,0,0,0,1,1,1,4,0,1,2,1,0,1,2,0,0,1,2,1,1,1,0,2,1,0,0,1,2,1,1,1,0,4,2,2,0,2,0,0,4,2,1,0,5,1,1,1,0,1,0,2,1,0,1,0,5,0,2,2,0,2,0,1,1,1,2,4,4,0,2,2,0,0,1,0,2,1,2,1
"Gene248",3,0,0,2,2,0,1,0,0,0,1,0,1,0,0,0,0,2,2,1,2,0,1,1,0,0,2,1,1,1,0,0,0,1,2,2,0,1,0,0,0,1,1,1,3,1,0,2,0,2,0,1,2,2,1,1,3,1,5,3,2,1,1,0,0,2,1,0,1,3,0,2,0,1,0,0,2,2,0,0,1,0,5,2,3,1,1,0,1,0,2,1,0,1,0,0,4,0,1,1,1,0,0,1,3,2,3,0,0,0,1,0,1,1,1,1,1,0,1,3,0,0,1,1,1,1,0,0,1,0,2,0,0,1,1,2,0,1,1,0,3,1,1,0,0,1,0,4,0,3,0,0,0,0,1,0,1,1,1,4,1,1,0,4,2,1,2,4,4,0,0,1,1,1,0,4,1,0,0,0,1,0,0,1,1,1,0,0,4,1,0,2,4,1,2,1,2,2,1,0,4,1,0,1,0,4,4,2,4,1,2,0,2,0,1,1,1,4,2,0,1,2,0,1,1,1,0,0,7,2,2,1,0,1,0,2,0,2,1,2,0,2,0,0,0,1,0,0,0,1,0,1,2,1,0,2,0,1,0,0,1,4,2,0,0,2,0,0,0,1,0,1,5,0,2,2,2,0,1,2,1,0,2,0,4,4,4,0,2,0,1,1,0,1,2,1,1,1,1,0
"Gene249",3,1,0,3,0,0,0,1,2,1,1,0,1,0,2,1,0,1,2,2,0,1,2,0,0,0,1,1,2,0,3,0,0,1,0,0,1,2,2,1,1,1,1,0,0,0,2,0,0,0,0,4,1,2,1,0,0,1,1,2,1,0,2,0,0,1,1,0,1,0,0,0,0,0,1,1,1,0,1,1,2,1,0,0,2,0,0,4,2,3,1,2,1,1,1,1,3,0,0,2,2,0,0,2,0,0,0,1,1,0,0,0,1,0,0,1,2,2,0,0,3,1,0,1,0,0,0,0,1,2,2,0,1,1,0,1,0,0,2,2,0,1,1,1,3,2,2,2,2,0,0,0,2,2,0,1,0,0,0,1,1,4,4,2,1,1,4,0,0,1,2,2,0,1,0,0,2,0,0,4,0,1,0,0,0,1,4,1,0,2,0,1,0,2,4,1,1,1,0,2,1,1,1,0,1,1,0,1,0,4,0,0,0,4,0,1,2,1,2,1,2,1,1,1,1,2,1,1,2,0,2,2,0,0,1,0,2,1,2,1,0,0,0,1,2,0,0,0,1,1,1,2,4,0,0,0,2,0,1,1,1,0,1,0,2,1,2,4,1,0,2,2,1,0,1,1,1,0,0,0,4,1,1,4,2,1,0,1,0,1,2,1,1,1,1,1,2,0,0,0
"Gene250",1,3,1,1,0,1,2,0,2,2,1,0,0,0,0,3,2,1,1,1,0,0,2,1,1,3,1,0,3,0,1,2,1,0,1,2,0,0,3,0,2,1,1,0,0,1,0,3,0,1,3,0,0,0,0,1,0,0,1,0,1,1,1,0,1,0,2,0,1,2,0,0,1,2,1,3,0,1,0,0,2,0,0,2,2,0,2,0,0,2,1,0,1,3,0,2,1,1,1,2,0,2,1,0,1,1,0,0,3,0,1,0,0,0,0,0,0,0,1,1,0,3,2,1,0,1,0,0,2,0,3,0,0,3,0,0,1,1,1,0,2,2,0,1,1,1,0,1,0,0,2,2,5,0,1,2,1,6,2,0,2,2,0,1,4,0,1,6,0,1,1,1,2,1,0,2,4,1,0,1,0,2,1,1,0,1,2,6,1,2,1,1,2,1,0,1,1,4,1,0,1,1,2,0,1,1,0,2,0,0,0,0,0,0,5,1,2,0,4,5,2,2,2,0,0,1,2,1,0,2,0,1,0,0,0,0,0,0,0,0,7,1,1,1,1,1,1,2,2,1,1,0,0,1,0,2,1,2,0,0,0,1,0,0,2,1,1,1,2,1,0,1,0,1,0,1,2,0,0,1,4,1,1,1,1,0,2,0,1,2,1,1,0,0,1,1,0,2,0,1
"Gene251",0,0,2,3,5,1,1,2,2,1,1,2,1,0,0,2,0,6,0,0,1,1,3,1,1,0,0,1,1,1,1,1,0,0,1,0,0,0,1,0,2,0,2,2,0,2,1,1,1,0,1,1,1,0,0,0,2,0,0,1,1,2,4,1,0,0,1,1,2,0,1,1,1,0,0,3,0,0,3,2,0,3,2,0,1,4,1,2,3,0,4,2,0,1,1,3,0,2,2,1,1,0,0,1,0,0,0,1,1,1,2,2,1,0,3,1,0,1,0,2,2,0,1,0,2,1,0,1,0,0,0,0,1,2,0,0,0,0,0,1,0,0,1,1,1,1,1,1,0,0,0,2,0,0,1,2,2,0,1,1,1,4,1,0,1,1,0,2,2,2,0,0,2,4,2,1,1,1,1,1,0,1,1,0,1,0,1,0,0,2,0,2,1,1,4,4,1,0,1,1,1,0,0,0,0,2,4,0,4,1,0,2,0,1,0,1,0,0,1,1,1,1,1,0,2,0,2,0,1,0,0,4,2,1,0,4,2,1,0,4,2,2,1,4,0,2,0,2,2,0,0,1,2,1,0,1,0,0,1,0,2,2,1,2,1,0,0,2,0,1,1,2,0,1,4,1,0,0,2,1,0,0,2,1,1,1,0,0,1,2,0,1,1,0,0,0,0,0,2,0
"Gene252",0,0,1,2,4,0,0,1,1,2,1,2,2,0,1,0,1,1,0,0,1,0,0,1,0,0,1,1,1,0,2,1,0,0,0,1,2,1,0,3,1,0,0,0,0,3,0,3,3,0,2,2,1,1,1,1,1,1,1,1,2,0,1,4,0,0,1,0,2,3,1,3,2,1,1,1,2,1,1,1,2,1,1,1,0,1,1,0,0,0,1,2,0,2,0,0,0,0,1,0,0,3,2,0,1,1,1,1,2,0,1,2,2,2,1,0,1,3,1,0,3,0,0,2,0,1,1,1,0,0,3,0,1,0,1,3,0,0,0,2,2,2,0,1,0,1,1,2,0,0,2,1,2,1,2,0,0,0,2,0,2,0,0,1,0,2,1,0,2,2,0,0,1,2,1,0,1,2,0,0,2,1,0,0,1,0,0,2,1,0,4,0,1,0,2,0,1,2,0,0,0,0,0,0,1,1,4,0,0,1,1,1,1,1,5,0,0,0,2,2,0,0,1,0,2,1,1,2,1,0,0,5,0,1,4,0,1,0,0,1,0,1,2,1,1,2,1,1,2,1,1,2,1,1,0,0,0,1,1,0,2,4,5,1,0,1,1,1,0,0,1,0,1,0,0,0,0,0,1,1,2,1,2,2,0,1,1,1,4,4,2,2,2,1,1,0,4,4,0,0
"Gene253",1,0,1,2,1,0,1,4,0,2,2,1,1,1,1,0,0,1,1,3,0,4,1,0,1,3,0,3,1,1,1,1,0,1,2,3,3,2,0,2,2,0,3,0,0,1,4,2,1,0,0,0,3,2,0,1,2,0,1,1,2,1,0,1,2,0,1,1,0,0,0,0,1,0,3,1,1,1,1,0,0,1,0,1,0,0,1,0,1,1,0,0,0,0,1,2,1,1,0,2,0,2,1,2,1,0,1,0,2,0,0,0,2,0,2,2,1,3,1,0,1,0,0,1,1,0,0,0,3,2,1,1,3,1,0,2,0,3,1,2,0,2,0,1,0,1,0,2,0,0,5,0,0,1,2,2,0,0,1,2,1,1,1,0,0,1,2,0,0,0,2,1,1,1,0,2,0,1,0,0,2,4,2,2,1,0,2,1,1,0,1,0,1,2,2,0,2,1,1,1,0,0,1,1,1,4,2,1,0,1,1,1,5,0,0,0,2,1,2,1,0,0,5,1,2,0,0,4,1,2,2,1,1,0,0,4,2,1,0,1,0,4,1,1,0,0,1,1,2,1,0,4,0,0,0,1,1,0,0,1,0,0,1,0,0,1,1,2,0,1,1,1,1,1,1,0,1,1,1,2,0,1,2,0,1,0,4,0,0,0,0,1,1,0,0,1,1,0,0,2
"Gene254",0,0,0,1,2,1,1,0,2,2,0,0,1,1,2,1,0,0,2,0,1,1,1,2,0,0,0,1,0,2,0,0,0,0,2,0,1,0,1,1,1,2,1,0,1,3,2,1,0,0,1,2,2,2,1,2,0,0,0,2,2,1,1,1,0,1,1,1,0,1,3,3,1,1,1,0,0,1,1,2,1,0,0,1,0,1,1,1,0,1,2,1,2,1,2,1,3,2,0,2,1,0,0,0,2,2,0,0,0,1,1,0,1,1,0,2,0,1,1,0,3,0,2,2,1,2,0,0,2,1,0,0,0,2,0,2,1,1,2,0,0,1,0,1,3,0,0,1,0,0,5,0,0,0,1,0,1,4,0,1,0,0,2,1,1,0,1,0,0,0,0,2,1,0,0,0,0,1,1,0,2,0,2,0,1,2,0,1,2,0,2,2,1,0,0,0,0,0,0,0,0,1,1,4,0,0,2,1,2,1,2,1,0,1,0,2,2,0,1,0,0,0,2,1,2,0,2,1,0,0,2,4,5,0,1,0,1,1,0,2,0,2,0,0,1,4,0,2,0,1,2,1,1,1,1,1,2,0,2,1,1,0,1,0,0,0,1,2,1,1,0,5,0,0,0,4,0,1,1,2,0,1,0,0,0,0,1,2,0,0,1,0,0,1,1,1,0,2,0,0
"Gene255",1,1,0,3,0,0,3,0,0,3,1,1,1,1,0,1,0,5,4,0,0,0,1,0,0,2,0,1,1,0,0,1,2,1,1,0,0,2,2,1,0,0,1,2,0,0,1,0,0,0,2,3,1,0,0,0,0,2,2,2,0,2,1,1,0,0,1,0,3,2,0,1,1,1,0,1,1,1,0,2,2,1,1,2,0,3,1,1,0,2,0,3,1,3,1,2,0,3,1,3,2,1,1,0,0,0,2,1,0,1,2,1,0,1,0,2,0,0,1,3,0,0,3,0,2,1,0,2,1,1,0,1,0,1,1,2,2,1,1,0,2,0,0,2,3,1,0,2,0,0,1,5,1,2,1,0,1,0,2,1,0,1,2,0,2,0,0,1,0,2,1,0,0,2,0,2,1,2,1,0,1,0,1,2,1,2,0,5,0,1,0,0,1,1,1,0,2,0,0,1,1,1,1,2,1,0,2,0,1,0,1,0,2,1,1,0,1,0,1,0,0,0,1,2,2,0,0,2,0,1,0,2,0,0,2,1,2,0,1,1,0,1,1,2,0,1,1,1,0,1,2,1,1,0,0,0,1,2,1,0,5,0,0,0,0,0,0,1,1,2,1,4,1,1,2,0,1,0,1,0,0,2,1,1,0,4,1,1,1,2,4,1,1,6,2,2,1,0,0,0
"Gene256",2,1,2,1,0,1,0,1,3,1,2,2,0,0,2,2,1,0,0,2,0,1,2,1,0,0,0,2,1,3,0,0,1,0,1,2,2,1,1,5,2,2,0,2,0,4,0,2,1,4,0,1,0,2,0,1,1,1,1,1,1,2,0,0,1,1,1,0,0,1,1,1,1,0,0,2,2,1,2,1,0,2,1,2,0,1,0,0,1,0,3,1,0,1,1,0,0,1,0,1,2,0,0,1,0,0,0,2,0,0,0,0,0,1,1,2,2,0,3,1,1,1,0,0,1,0,3,0,0,0,1,1,0,0,0,3,0,0,3,1,0,3,2,2,0,2,0,0,6,1,0,2,2,1,0,0,5,1,4,0,0,1,1,1,1,0,2,0,2,0,0,1,1,1,1,0,1,0,1,1,4,4,2,0,2,0,0,2,0,4,2,0,0,2,0,0,1,1,2,4,0,1,5,0,1,1,0,4,2,1,4,1,4,1,0,0,1,5,0,0,1,4,0,0,1,2,0,0,1,0,0,0,2,1,4,0,2,0,5,0,2,2,0,2,1,2,0,0,4,1,1,0,0,0,4,2,0,1,0,0,1,0,1,0,1,1,0,2,1,2,1,0,2,1,1,2,1,0,1,0,4,1,4,1,0,0,0,2,1,1,0,0,0,1,2,1,0,0,0,4
"Gene257",0,1,0,2,1,0,1,1,1,2,2,0,0,2,1,1,1,1,0,1,1,0,0,1,0,2,1,2,1,0,2,0,2,0,2,3,4,1,1,0,2,2,2,1,1,2,0,0,1,1,3,3,1,1,1,0,0,0,1,0,0,1,2,0,1,2,1,0,1,0,0,1,1,1,1,1,0,1,1,0,1,1,1,0,1,0,1,2,3,1,0,2,1,0,1,2,1,0,2,3,0,1,0,1,0,1,0,1,0,1,2,0,0,1,1,1,3,0,0,0,1,1,2,1,1,2,3,0,0,2,1,0,0,0,1,3,2,2,0,4,2,0,0,0,1,1,2,1,1,0,4,0,0,1,1,1,0,2,0,4,0,0,1,0,2,0,2,1,1,1,0,0,1,1,1,1,2,1,0,1,0,1,1,2,2,0,1,1,0,0,0,2,1,0,1,1,2,0,0,1,1,0,1,0,1,1,0,1,0,1,0,0,0,2,0,0,1,0,1,2,0,2,0,1,1,1,1,2,0,2,0,2,1,2,1,0,1,0,1,1,0,1,0,1,2,1,0,1,2,2,1,4,4,0,2,1,2,2,1,1,0,1,2,0,1,0,2,0,0,0,0,0,4,4,4,4,0,0,0,0,1,1,1,2,1,1,2,1,1,0,0,1,0,2,0,0,2,1,0,1
"Gene258",1,2,0,1,0,3,2,0,1,1,1,1,0,0,0,1,3,0,1,2,0,0,0,0,0,0,3,4,1,0,0,0,1,1,1,1,0,2,1,1,1,0,0,0,1,2,0,1,0,1,2,2,2,0,0,0,3,0,1,1,1,1,3,1,3,3,1,1,0,1,0,1,1,1,3,2,3,1,0,0,0,0,1,0,1,2,1,0,1,1,0,1,1,1,1,1,1,1,0,2,1,1,3,2,1,0,1,0,1,2,1,2,1,1,1,2,2,5,2,1,1,0,0,1,1,0,0,0,2,1,1,3,2,2,2,0,0,1,0,2,2,0,0,2,0,0,0,1,1,0,2,0,0,4,2,1,0,0,0,1,0,1,0,0,0,2,1,2,0,1,1,0,1,0,2,1,0,1,0,1,1,1,0,1,0,0,0,2,1,0,0,1,1,1,2,0,0,5,0,2,0,1,0,1,0,2,4,0,0,5,4,5,1,0,1,0,0,0,2,0,0,1,1,4,4,2,0,2,1,1,0,2,2,0,0,1,0,1,0,1,0,1,2,0,1,0,4,0,0,4,0,1,0,0,1,2,2,0,0,0,2,0,2,1,1,2,2,0,2,1,4,2,1,1,0,2,0,0,1,4,1,2,0,0,2,0,0,2,1,0,2,0,0,1,4,1,0,1,1,0
"Gene259",1,0,4,1,0,1,2,2,1,0,0,0,1,2,0,0,4,0,1,1,1,0,1,2,0,0,1,2,0,3,1,4,3,2,2,0,1,1,0,0,0,1,1,1,0,1,0,0,0,1,0,0,1,1,0,3,0,1,0,2,1,2,2,1,0,2,3,0,0,1,0,0,2,0,1,0,0,0,1,2,1,1,1,0,0,1,0,1,1,3,2,0,0,0,2,3,2,1,3,0,3,1,1,0,1,2,0,2,1,0,1,1,0,1,0,2,1,0,1,1,1,1,2,1,1,0,0,0,1,1,1,0,0,0,1,0,0,1,1,2,0,1,0,1,0,3,1,1,0,1,2,1,1,1,1,1,1,4,1,2,2,2,0,0,0,1,2,0,0,1,1,0,1,0,2,0,1,1,0,0,0,1,1,0,0,1,1,0,1,4,2,1,1,1,0,1,1,0,1,2,1,1,1,1,4,0,0,1,1,0,0,1,0,0,1,1,4,0,1,0,1,1,0,1,1,0,0,0,4,2,2,2,0,1,0,2,2,1,0,0,1,0,1,0,0,0,2,4,0,1,0,2,0,0,2,0,1,0,1,0,1,2,4,2,0,5,2,1,1,1,0,1,1,0,4,2,2,1,1,0,1,0,1,2,1,0,2,1,1,2,0,1,0,0,1,1,2,0,1,0
"Gene260",2,0,1,3,4,1,1,0,1,1,1,1,1,0,1,0,0,3,3,1,0,1,2,4,0,0,0,2,1,2,1,1,2,3,0,3,5,1,3,2,0,2,0,2,0,2,0,1,0,2,2,0,1,3,1,0,0,1,1,2,3,1,0,3,1,0,3,1,1,0,0,1,2,1,0,3,3,2,2,0,0,0,1,3,0,0,1,2,0,0,2,2,0,2,1,0,0,2,1,0,1,2,1,0,1,3,1,1,1,1,1,0,0,1,0,0,0,3,1,0,0,1,2,1,0,2,1,2,2,1,1,0,0,2,0,1,0,1,0,0,0,0,1,2,0,3,0,1,0,0,2,1,1,0,0,1,1,1,0,1,1,2,1,2,0,2,0,0,0,1,1,1,0,1,0,1,0,1,0,2,1,1,1,4,0,0,0,1,0,1,1,0,0,0,0,0,0,2,0,0,1,1,0,0,0,0,0,0,4,0,1,1,2,1,2,4,1,0,2,4,0,0,1,1,1,2,1,0,0,0,0,0,2,0,4,0,1,0,2,1,2,1,0,0,0,1,1,0,0,1,0,1,1,0,1,0,0,0,1,0,0,4,0,0,0,2,1,1,0,0,0,1,0,2,2,0,0,0,0,0,0,2,1,1,1,1,2,0,2,1,0,0,2,2,0,4,1,2,1,0
"Gene261",3,1,0,1,1,1,0,1,0,0,0,0,0,2,2,1,2,0,2,0,0,1,0,2,2,2,1,0,1,1,2,0,0,1,0,0,1,2,0,1,1,1,0,0,2,1,2,0,1,1,1,1,0,0,3,0,1,1,0,0,4,1,1,1,2,0,2,3,1,1,2,1,3,2,3,2,1,1,1,1,0,0,2,0,1,0,0,2,0,1,4,1,4,0,0,0,2,0,2,0,1,1,0,0,2,3,0,1,1,0,2,3,2,2,1,0,1,1,1,1,1,1,1,3,0,1,2,1,1,3,0,3,2,2,1,1,3,1,0,2,1,0,3,1,0,1,3,1,1,0,1,0,1,1,0,2,1,0,1,1,0,4,4,1,1,1,2,0,1,0,0,1,0,1,0,1,0,0,2,0,1,2,4,1,0,0,1,2,0,5,1,0,4,0,0,2,0,0,1,1,1,2,0,2,1,1,1,2,0,0,2,1,5,1,0,0,1,1,2,1,2,1,0,2,4,1,0,4,2,1,1,0,2,0,1,2,1,0,2,1,1,2,2,4,1,1,2,2,1,1,1,1,0,0,0,1,2,1,2,0,2,1,1,1,2,1,1,4,1,2,0,1,2,1,1,0,2,1,2,1,2,1,1,2,1,2,4,2,0,0,2,1,0,1,2,4,0,0,4,2
"Gene262",2,0,1,0,2,0,0,3,1,1,0,2,0,0,1,3,0,1,1,1,2,1,1,1,1,0,2,3,1,0,0,0,0,1,1,0,1,2,0,0,0,2,1,2,1,1,3,3,2,0,1,2,2,0,1,0,0,1,1,1,0,0,1,0,4,0,0,1,2,0,1,3,1,0,1,2,0,0,0,0,0,0,1,1,2,1,1,0,0,2,0,1,1,1,1,0,0,0,1,2,2,0,2,1,1,2,0,2,3,0,1,2,3,1,0,0,0,0,1,2,3,2,1,1,0,4,0,1,0,3,1,0,3,2,2,0,2,0,2,1,4,1,0,1,2,4,0,0,1,1,0,1,1,0,1,0,0,1,1,5,1,1,0,2,2,0,0,0,1,1,2,1,0,4,1,4,4,0,1,4,0,1,0,1,2,1,0,1,0,0,0,5,0,0,2,1,0,1,0,1,0,1,2,0,1,2,1,0,0,1,1,0,1,0,0,1,1,1,1,1,1,1,0,1,1,1,0,0,0,1,1,5,2,4,2,0,0,0,1,1,2,2,0,1,1,0,0,4,1,1,2,0,0,1,0,0,0,1,4,0,2,0,0,1,0,1,1,2,2,2,4,1,4,1,2,0,0,4,0,2,1,0,4,0,2,2,1,4,2,1,4,2,0,2,1,1,0,0,2,0
"Gene263",1,1,0,0,1,1,0,0,0,0,1,1,1,0,2,0,1,0,0,1,0,0,2,1,1,0,1,2,0,2,0,2,0,0,1,0,1,1,1,0,0,0,0,1,1,1,0,1,2,0,0,0,1,2,1,3,3,0,2,0,0,2,0,1,0,2,2,0,2,0,0,0,1,0,1,1,0,0,1,2,0,0,0,1,0,2,1,0,0,0,1,1,0,1,1,4,0,2,1,1,0,1,1,0,3,0,2,1,0,1,2,0,0,0,0,0,0,1,2,1,1,0,1,1,1,1,0,1,2,1,0,1,1,2,1,0,2,1,2,0,2,0,0,1,1,1,1,1,1,0,2,0,1,1,0,0,0,0,1,2,2,2,0,4,1,2,1,1,4,0,1,2,1,0,1,1,1,1,0,2,0,0,0,0,1,1,0,4,1,1,0,2,1,0,1,1,0,4,1,1,2,0,0,0,1,0,2,1,4,1,2,1,0,0,2,0,1,0,1,2,2,0,1,1,1,0,0,0,1,1,5,0,1,1,5,1,2,0,1,1,1,1,0,1,0,0,2,5,4,1,1,0,0,2,2,2,1,1,1,1,0,1,0,0,0,0,2,0,0,0,1,0,2,1,1,1,1,2,1,0,0,1,1,0,1,2,2,0,0,1,1,0,2,1,0,4,2,1,2,0
"Gene264",3,1,0,1,0,1,1,3,1,2,0,3,1,0,0,0,2,4,2,1,1,1,0,2,4,3,0,0,0,3,4,3,3,1,0,2,3,1,0,0,0,2,2,0,1,1,2,2,4,2,4,0,0,0,0,2,1,0,1,0,2,3,1,1,2,2,0,0,2,4,0,1,0,1,0,0,2,1,3,1,2,0,0,0,0,1,1,0,1,0,1,2,1,1,4,2,0,2,3,0,1,0,3,1,1,3,2,1,4,2,0,2,1,2,1,1,0,0,0,1,1,2,2,3,2,0,1,1,1,1,0,1,1,0,0,0,0,1,3,2,1,1,1,1,1,0,0,1,0,1,2,1,2,2,2,0,1,1,0,1,0,4,0,0,2,1,2,2,0,1,0,1,0,0,4,1,2,0,2,4,4,1,0,0,2,1,0,1,0,1,2,0,1,0,0,0,2,0,0,1,0,0,0,2,0,0,1,0,4,0,0,2,0,1,1,0,0,2,1,4,0,0,0,1,1,0,0,1,0,2,4,6,0,1,2,1,0,0,2,0,1,1,1,2,1,2,2,0,0,1,4,2,2,2,1,1,4,1,0,0,4,0,1,1,1,2,0,0,1,2,0,1,1,0,1,4,0,0,1,2,1,2,1,4,0,1,4,0,0,1,1,2,4,1,0,1,0,1,0,0
"Gene265",1,1,1,1,1,1,0,2,0,0,0,1,0,1,0,1,1,3,4,0,0,2,0,1,1,0,0,0,0,0,0,3,1,1,1,1,2,1,0,2,0,3,2,1,0,0,1,0,0,2,2,0,0,1,0,1,0,1,1,1,0,2,0,3,0,0,0,1,1,1,2,2,0,0,2,1,1,1,2,1,1,2,1,1,2,1,1,0,1,0,0,2,0,0,2,2,0,0,2,1,1,1,1,2,1,2,0,0,2,0,1,1,1,1,2,2,1,2,2,0,1,2,4,0,2,1,0,3,0,0,0,0,0,1,1,2,2,0,0,0,1,2,1,1,1,0,0,0,0,1,1,0,0,0,0,1,0,0,0,1,1,0,2,2,1,1,4,2,2,1,0,1,1,1,0,1,0,0,5,0,1,2,0,1,0,0,1,0,2,2,1,0,1,2,2,2,2,4,0,0,1,2,4,0,0,0,2,0,1,2,0,2,1,0,2,0,0,4,1,1,1,1,0,1,1,1,1,1,2,0,0,1,2,0,2,0,0,0,1,1,0,1,1,1,0,1,1,1,4,1,0,0,1,1,1,4,0,0,1,2,1,0,4,1,1,1,2,1,2,4,1,1,0,0,2,0,0,0,1,2,2,0,2,2,1,1,2,1,1,0,0,2,1,1,2,0,4,1,0,0
"Gene266",1,0,0,4,0,1,3,2,2,0,0,1,1,1,0,0,0,1,0,2,0,0,0,1,2,3,1,1,0,0,0,1,0,0,1,0,1,0,2,0,1,2,0,3,1,1,3,1,1,0,0,0,1,0,1,0,0,0,2,4,0,2,1,2,1,1,2,2,0,2,1,0,0,1,1,1,0,2,2,3,0,2,2,1,0,1,1,1,0,1,0,1,0,2,0,0,1,2,2,0,1,2,1,0,0,1,2,0,0,0,0,1,0,0,1,1,3,0,1,1,2,1,0,4,0,3,0,0,1,1,2,1,0,1,0,0,3,1,2,0,0,0,0,1,0,0,1,1,2,0,0,0,1,2,1,6,0,1,0,1,1,1,0,0,0,2,0,2,2,1,1,1,1,0,0,2,0,2,4,1,1,2,0,2,0,4,0,1,0,0,1,2,2,1,0,0,2,2,0,0,1,2,2,1,0,0,2,0,0,0,1,0,1,2,1,1,0,1,2,0,0,0,2,0,0,4,1,0,0,0,1,0,0,0,1,0,2,1,0,1,1,1,1,1,0,1,2,5,0,1,1,5,0,1,4,4,2,0,0,0,0,2,1,0,0,4,1,1,0,0,0,0,1,1,0,1,0,1,1,0,2,1,0,0,0,1,1,0,2,2,2,1,1,1,1,0,0,2,0,2
"Gene267",0,0,1,2,0,1,2,0,3,2,0,2,0,0,2,0,3,3,0,0,0,1,1,0,0,0,0,2,0,2,1,0,2,2,0,1,0,0,2,2,0,1,1,3,0,5,0,0,1,0,1,1,2,0,2,1,3,1,0,0,3,0,0,1,1,1,0,2,1,0,3,0,1,2,1,3,0,0,0,2,2,1,2,1,1,3,0,2,0,0,0,2,0,1,1,0,1,2,1,0,2,0,0,3,0,1,1,2,0,2,0,1,0,2,2,0,4,0,0,1,3,3,1,1,1,0,2,1,1,3,1,1,3,0,2,0,1,0,2,1,1,0,1,2,0,2,0,3,0,0,1,0,1,1,6,2,1,2,1,1,1,1,2,4,1,0,0,2,0,1,1,0,1,1,1,2,0,0,1,2,0,0,1,0,1,0,2,0,1,1,1,1,1,2,1,0,0,1,5,1,1,4,0,1,0,0,2,4,0,0,1,2,1,0,1,2,0,1,1,0,4,1,1,1,1,1,1,2,1,1,1,1,0,4,1,2,1,0,1,0,1,4,1,1,0,1,0,0,2,1,0,2,1,4,4,2,1,2,1,1,2,0,1,0,1,1,1,0,2,2,1,0,0,2,1,0,0,4,0,5,1,4,1,2,0,1,1,0,0,0,0,2,0,1,1,0,4,4,0,1
"Gene268",0,1,3,0,2,0,0,4,1,3,0,0,0,1,0,2,1,1,0,1,0,0,0,1,0,2,1,1,1,0,2,0,0,2,5,1,0,0,2,3,1,0,3,2,0,0,0,0,1,2,2,2,3,1,0,2,1,0,1,0,0,2,2,0,1,0,0,2,0,0,1,1,1,2,1,1,0,1,2,4,1,4,2,3,0,1,0,0,1,4,2,1,4,3,2,1,0,0,0,2,5,0,2,2,1,2,0,2,1,2,0,1,0,2,1,3,0,2,0,1,1,1,0,1,1,1,3,1,0,0,1,1,3,0,0,1,0,3,1,2,0,0,3,1,1,1,0,0,2,1,4,1,2,4,2,1,4,1,1,1,0,1,0,5,2,1,1,0,1,1,1,1,0,2,0,0,0,1,1,1,2,0,0,0,4,4,1,0,2,1,1,0,0,2,0,2,0,2,0,4,4,1,0,1,2,1,1,2,0,0,0,0,2,0,2,0,1,0,1,2,0,1,2,1,1,0,1,4,1,0,0,0,0,0,2,4,0,1,1,0,1,4,2,1,4,1,2,0,0,0,0,1,1,0,1,0,0,4,0,0,4,1,0,1,0,0,0,2,1,1,2,1,0,1,2,1,1,2,0,0,0,0,0,1,0,0,1,0,0,1,1,2,2,0,1,5,1,1,0,2
"Gene269",0,1,0,1,0,2,1,1,0,0,2,1,0,1,0,1,1,1,0,1,1,1,0,1,0,1,1,0,2,1,1,0,0,1,0,0,1,0,2,0,0,0,2,2,2,0,2,3,1,0,1,1,0,3,1,0,2,3,0,0,0,0,1,0,1,0,1,5,1,1,0,0,0,2,1,1,1,1,1,0,0,0,1,0,3,3,0,0,1,0,1,1,0,0,0,2,1,0,0,0,2,0,0,1,1,1,0,2,0,1,0,2,0,2,1,1,1,2,0,0,0,0,2,1,2,1,1,2,1,2,0,2,1,2,0,0,3,1,0,0,1,0,1,1,0,2,2,2,0,0,1,2,1,1,0,1,1,0,2,1,2,1,0,0,1,0,0,0,0,1,4,5,1,2,1,0,2,2,4,0,4,0,0,0,1,2,4,0,1,1,2,1,1,1,2,1,0,2,1,0,0,1,0,4,2,0,1,0,0,0,2,1,1,1,0,0,1,4,1,1,1,2,1,0,4,1,0,0,1,0,0,1,1,1,1,1,1,0,1,0,1,1,1,0,0,2,0,1,1,0,1,0,1,1,0,2,1,0,1,1,0,2,0,0,2,0,0,1,0,1,1,2,4,0,1,2,1,0,4,1,0,1,2,0,0,1,1,1,0,2,1,2,2,1,4,1,6,2,4,1
"Gene270",1,1,3,2,0,1,0,0,3,1,0,1,1,0,0,2,2,0,0,1,0,1,1,0,2,2,1,2,0,4,2,3,0,1,1,0,1,2,0,0,0,2,0,2,2,0,1,0,1,1,0,1,0,2,0,2,0,2,1,0,0,1,0,2,1,0,0,1,1,1,3,1,2,1,1,0,2,1,1,1,2,2,0,2,0,0,2,0,0,3,0,1,1,3,0,2,1,1,0,0,5,0,1,3,0,1,0,1,1,1,0,2,1,2,1,3,0,0,1,1,2,2,1,2,2,2,0,1,1,2,3,0,0,1,1,1,0,2,0,1,1,0,0,0,0,0,1,0,1,1,1,0,5,1,1,1,0,1,0,2,2,0,0,0,1,1,1,1,1,2,1,0,2,0,0,2,2,1,0,2,0,0,0,2,2,1,0,0,1,0,0,1,0,0,1,0,0,1,5,4,0,0,1,0,1,2,1,1,1,1,2,1,0,0,2,1,1,1,0,4,0,1,1,4,2,1,0,2,0,2,0,2,5,0,1,1,2,2,0,1,4,1,1,1,1,1,1,1,0,2,0,1,1,2,1,0,1,1,2,0,0,0,1,0,0,0,0,2,1,1,2,4,2,0,2,1,1,1,0,2,4,0,1,1,0,1,1,1,1,1,1,1,2,5,1,0,1,0,2,0
"Gene271",2,2,0,1,0,0,0,2,1,1,3,1,0,2,1,0,2,1,1,1,1,0,0,2,0,1,1,2,0,1,2,0,0,0,1,0,1,1,3,2,0,1,1,0,1,1,2,1,1,2,0,0,1,4,0,1,1,1,1,0,2,1,1,1,0,1,0,4,1,0,0,1,1,1,0,0,1,1,1,1,2,1,0,0,0,1,0,0,0,2,1,1,1,0,0,2,0,0,1,0,0,0,0,2,2,0,1,2,1,1,0,1,0,1,1,0,0,1,2,0,1,1,0,0,0,1,3,1,3,0,1,2,2,4,2,1,1,1,2,1,1,0,1,5,0,1,3,1,1,0,1,0,0,0,0,1,1,1,2,0,0,1,0,1,1,1,2,1,1,0,1,2,0,1,1,1,1,0,0,0,1,1,0,0,0,1,0,1,1,2,2,1,0,5,1,0,2,0,2,1,1,1,0,0,2,1,0,0,4,0,0,2,0,0,2,1,1,1,0,0,0,1,1,1,0,2,0,0,2,1,5,0,0,2,0,1,1,0,0,2,5,0,0,1,0,0,0,1,1,0,0,2,5,2,1,0,2,1,1,0,1,0,4,0,1,1,0,2,1,0,0,0,1,1,1,2,0,1,1,1,1,4,1,2,1,1,2,4,1,1,0,0,0,0,2,1,2,0,2,1
"Gene272",0,2,1,1,0,0,0,3,2,1,1,1,1,2,2,2,1,2,1,1,1,2,1,0,2,1,0,2,1,0,0,0,2,0,2,1,1,1,0,2,0,3,0,1,2,0,1,0,4,0,1,0,2,0,0,1,1,0,0,1,0,0,1,0,1,0,3,0,4,1,3,1,1,1,1,0,0,1,2,2,1,2,2,1,1,1,1,3,1,3,2,1,1,0,3,0,1,1,0,1,0,1,1,2,0,2,2,3,0,3,2,0,0,1,0,4,1,0,2,3,2,1,1,0,0,1,2,0,2,2,3,1,1,1,0,1,2,1,0,0,0,0,0,1,0,1,2,1,1,2,1,1,0,0,1,0,0,5,0,2,1,1,0,1,1,1,0,1,1,0,1,1,4,1,0,1,1,0,0,4,1,1,0,0,2,2,0,0,1,0,0,1,6,0,2,1,1,0,2,1,2,0,0,2,1,1,2,1,0,2,4,1,0,0,1,0,5,2,2,6,1,0,0,2,1,0,2,4,0,1,1,0,1,4,2,2,1,0,1,0,4,1,2,0,0,2,1,0,1,0,2,0,2,2,2,1,1,1,1,0,0,1,2,0,0,4,2,1,0,2,2,0,0,1,1,1,2,2,0,1,1,4,0,1,1,1,2,0,4,2,2,0,0,2,0,1,1,2,0,1
"Gene273",0,1,1,0,0,1,2,2,1,2,2,1,0,1,2,2,1,0,2,2,3,1,3,0,3,0,1,1,0,0,1,1,3,4,1,3,0,0,1,0,1,0,0,4,1,0,1,1,3,2,3,0,2,0,0,0,0,3,2,1,0,1,0,0,0,3,2,3,0,2,2,1,0,1,4,0,0,1,0,1,0,0,0,0,1,0,2,2,1,0,0,1,1,1,3,0,0,2,1,2,2,1,1,0,1,1,0,1,0,1,0,1,1,1,1,0,1,0,1,0,2,1,1,1,1,1,1,0,1,0,0,2,1,4,1,3,1,1,0,2,0,0,1,1,0,1,2,0,2,1,1,1,0,1,0,1,1,0,0,5,1,1,2,0,5,1,1,0,0,4,4,2,0,2,1,1,1,1,1,1,1,1,0,0,2,2,0,2,1,2,0,0,1,1,2,2,2,1,2,4,5,4,2,0,2,1,1,5,1,4,1,1,1,0,1,1,0,2,4,1,2,2,2,2,1,2,1,0,0,0,0,4,1,1,0,0,0,0,1,4,1,1,0,1,4,1,1,4,0,2,0,0,2,1,0,0,1,5,0,0,2,0,2,2,2,2,1,0,1,1,1,1,1,2,1,1,1,1,1,0,0,1,0,1,4,0,0,0,1,1,2,2,2,0,4,4,1,1,1,1
"Gene274",0,2,1,1,0,1,0,0,1,2,0,1,2,0,1,0,0,0,0,0,3,1,0,2,2,3,2,1,1,1,0,1,3,2,0,1,3,1,1,0,4,2,1,1,2,1,1,1,1,1,1,2,0,1,0,1,0,0,0,2,0,2,0,0,2,1,2,0,1,0,0,1,1,2,0,0,0,1,1,0,2,1,0,2,0,3,0,0,0,1,1,1,2,1,4,0,0,1,0,0,1,1,0,0,0,0,0,0,0,1,1,1,3,1,0,2,1,1,0,0,0,1,0,1,0,0,2,1,0,0,1,0,1,0,2,1,1,0,1,1,0,0,1,2,0,1,0,1,0,1,1,0,1,1,4,1,4,2,0,2,1,4,0,0,0,1,4,1,2,0,1,0,0,1,0,2,1,1,1,2,4,0,1,0,0,2,4,1,2,4,2,0,2,2,4,1,2,1,5,4,0,1,0,0,1,1,0,0,1,2,0,1,2,0,0,1,0,1,2,1,4,1,0,1,0,1,0,0,1,2,2,4,1,0,0,0,0,0,2,0,2,0,1,1,0,2,1,0,0,4,4,0,0,1,0,0,2,2,0,1,1,0,1,1,1,1,1,1,0,0,1,2,1,2,1,4,0,2,1,1,1,2,2,2,2,1,0,1,1,1,0,0,0,2,0,0,1,1,1,1
"Gene275",2,0,2,0,2,1,2,0,0,0,0,1,0,1,2,0,1,0,5,1,0,1,1,2,1,1,0,1,2,1,1,3,2,1,0,0,0,1,1,3,1,0,1,0,3,2,3,0,0,0,0,1,1,2,1,4,1,2,3,3,0,1,5,3,0,0,0,1,1,0,2,1,1,2,1,1,4,1,1,0,1,1,0,1,0,2,3,2,0,1,2,0,0,0,1,2,2,1,4,0,0,0,0,1,2,1,1,1,1,0,3,0,0,1,2,3,1,1,0,3,0,1,1,0,3,2,1,1,3,0,0,0,0,1,0,1,0,3,3,3,0,1,1,2,0,0,1,2,3,2,0,5,1,0,0,2,1,0,1,0,2,0,0,2,0,2,2,4,0,0,0,2,1,0,0,0,0,1,1,0,2,0,1,0,0,1,0,0,1,0,4,1,1,0,2,1,1,0,2,0,1,1,1,2,2,4,0,2,1,1,0,1,1,2,1,5,4,2,5,0,2,1,2,0,0,0,2,2,1,0,0,1,1,2,1,2,2,0,4,0,0,0,1,1,2,0,1,0,1,2,0,0,4,0,1,5,0,4,0,0,0,0,0,0,0,0,1,1,2,0,2,1,1,2,1,2,1,0,0,0,1,1,1,2,1,1,4,6,1,0,2,0,1,0,1,0,0,0,0,1
"Gene276",1,0,1,1,3,2,2,2,0,0,0,2,1,1,2,0,3,1,0,1,1,0,3,0,3,2,2,0,1,2,0,3,0,2,3,1,1,1,2,2,1,1,2,2,3,1,2,0,0,0,2,0,0,1,1,2,1,1,1,0,1,1,0,1,0,1,0,3,1,0,1,0,1,2,2,0,1,0,0,3,0,3,1,2,1,3,0,2,3,0,2,1,2,3,1,1,0,2,1,0,0,0,0,1,1,1,1,0,1,1,1,1,0,1,0,0,2,0,1,1,0,0,0,2,2,2,0,1,0,0,0,0,0,4,0,1,2,1,2,1,2,1,1,1,0,2,2,0,2,0,0,0,2,1,1,1,0,1,1,1,2,4,2,2,1,4,2,0,2,0,1,1,2,0,0,1,4,1,2,1,0,0,0,1,0,1,1,0,4,0,0,2,2,2,1,0,0,0,1,1,0,2,1,2,0,0,1,1,4,0,2,0,0,0,0,0,0,0,0,1,2,1,5,1,1,0,4,0,2,0,2,0,0,0,2,2,4,4,0,1,4,1,1,1,2,1,0,1,1,0,4,1,4,2,1,1,2,0,1,0,0,1,1,0,4,2,0,4,2,0,4,0,2,1,2,0,2,1,0,0,1,1,0,1,4,2,0,1,2,0,4,1,0,2,2,0,2,0,1,2
"Gene277",3,0,2,0,3,2,0,2,1,1,1,3,0,1,0,1,1,0,1,0,0,0,1,0,2,1,2,3,2,1,0,2,0,1,2,3,0,2,0,1,2,0,0,1,0,1,0,0,1,0,2,0,0,2,0,0,2,1,3,0,0,0,1,3,2,0,1,0,0,1,4,2,2,0,3,3,3,2,1,0,3,0,1,1,2,2,0,1,1,2,0,0,2,0,1,0,3,0,3,0,1,1,0,2,2,0,0,2,0,0,2,4,0,1,2,0,4,0,2,1,2,3,0,1,1,1,2,2,4,0,0,5,1,0,0,3,0,0,2,0,1,0,1,0,1,3,4,1,0,1,1,1,1,0,2,0,1,0,0,1,2,1,0,1,2,0,1,0,1,1,1,1,0,0,0,1,0,0,1,1,1,2,4,0,2,2,0,0,2,1,0,1,2,0,0,0,2,2,1,1,4,2,0,0,4,1,0,2,2,1,1,0,1,1,1,1,0,0,1,0,4,2,1,2,0,0,1,1,2,1,1,1,1,1,2,1,0,5,0,0,0,0,1,0,1,4,1,0,2,0,1,5,2,0,0,0,1,1,0,0,0,1,2,1,2,1,2,0,1,2,1,2,0,0,1,2,0,1,1,2,1,1,1,1,2,0,5,1,1,1,1,4,0,2,1,2,2,0,4,1
"Gene278",1,1,1,0,1,0,0,0,1,1,0,3,0,1,0,4,0,0,4,2,2,0,1,1,0,3,0,2,1,1,1,0,2,1,2,2,0,1,1,0,0,0,2,1,1,2,2,0,0,2,1,0,1,1,0,0,3,0,0,1,0,2,0,3,2,3,0,1,2,1,0,1,0,0,0,3,1,2,3,2,0,0,2,0,1,0,1,1,1,1,2,1,0,0,0,1,1,1,0,1,1,1,0,0,2,1,0,0,0,3,1,0,1,0,1,0,2,1,0,0,4,1,0,0,0,1,1,4,1,0,2,1,0,0,3,0,2,0,1,4,0,0,3,2,0,3,1,0,0,1,0,1,0,1,1,0,4,1,1,0,0,1,0,2,1,0,1,1,0,1,2,1,1,1,1,2,1,0,1,1,1,4,2,1,2,2,2,0,0,4,0,1,0,0,1,2,0,0,1,2,4,0,1,1,2,0,1,4,0,1,2,1,0,0,0,2,1,4,1,2,0,1,1,1,1,2,2,1,1,1,0,5,2,0,2,1,1,4,1,0,1,0,2,0,0,1,2,0,2,0,0,0,2,2,1,1,1,0,1,0,1,0,1,0,1,0,1,0,0,2,4,1,0,4,5,1,1,2,1,1,1,1,1,0,1,1,1,2,1,0,4,1,2,2,0,2,4,1,0,1
"Gene279",0,1,0,1,1,0,1,0,0,1,1,0,1,1,1,1,2,0,1,0,1,0,1,1,1,1,1,0,0,0,3,1,2,1,0,0,1,1,0,0,0,2,0,1,1,0,1,2,0,1,4,1,0,1,1,1,2,0,1,0,3,0,0,2,3,3,3,1,1,2,0,5,2,1,1,0,1,1,1,1,1,1,0,0,0,4,1,1,1,1,2,1,1,0,0,1,1,2,1,0,1,3,2,1,2,0,0,1,0,1,1,2,1,0,0,2,0,1,1,1,1,0,0,4,1,3,0,1,0,2,1,0,2,0,0,2,5,2,2,1,2,0,2,2,2,1,2,0,1,0,5,0,0,0,1,0,2,2,0,5,0,1,2,1,0,2,1,1,0,0,2,0,2,1,2,1,2,2,2,0,0,5,0,1,1,0,0,1,1,0,1,1,1,2,2,2,1,0,0,0,0,1,0,1,1,1,2,0,1,0,0,1,0,0,0,0,0,0,1,1,2,2,1,1,1,2,0,5,0,1,1,2,4,1,0,7,0,1,4,2,0,0,0,1,0,4,2,2,0,1,0,0,1,1,1,0,0,1,1,0,0,2,1,1,2,2,4,0,4,2,0,0,0,1,2,2,1,1,1,1,2,0,1,0,2,1,1,0,1,2,1,4,0,0,0,2,2,4,0,1
"Gene280",1,2,1,1,0,0,1,1,0,2,0,1,1,2,0,1,2,2,1,1,3,0,0,2,1,1,0,1,0,1,1,2,1,1,0,0,0,4,1,2,0,0,1,2,1,0,3,0,1,0,0,2,3,2,0,1,0,0,0,1,3,1,5,3,1,1,0,2,0,2,0,1,0,1,2,4,0,1,0,2,3,1,1,0,1,1,0,2,0,1,1,1,0,4,2,2,0,1,2,1,0,3,1,0,0,0,0,0,1,0,3,3,2,0,1,0,0,1,0,2,1,1,2,1,1,2,2,1,0,2,0,1,2,2,1,2,3,2,1,1,1,2,1,1,1,1,0,1,1,2,1,1,1,1,0,0,1,2,2,0,1,0,1,0,1,1,0,1,1,1,4,1,1,1,2,0,1,1,0,1,1,0,4,1,0,0,4,4,1,1,2,1,1,1,2,2,2,1,2,2,0,1,0,1,0,1,4,1,2,1,1,1,1,1,0,0,1,4,1,1,0,1,1,2,1,2,0,2,2,4,1,5,2,2,2,1,0,2,2,0,1,2,0,1,0,2,2,1,1,1,1,1,2,0,2,1,1,4,2,2,0,2,0,1,2,2,1,0,0,1,2,0,4,0,1,2,2,1,1,0,0,2,2,2,1,0,0,2,0,0,1,0,1,1,0,1,4,0,2,1
"Gene281",2,0,0,0,0,0,0,0,2,1,0,1,0,0,0,2,1,0,0,2,1,0,2,0,4,2,0,2,0,0,1,0,1,2,3,2,0,1,0,2,1,2,0,2,1,1,0,2,1,0,2,0,2,1,3,1,2,3,0,0,1,0,1,0,1,1,1,2,0,0,1,3,1,0,0,1,2,2,1,0,0,1,2,2,0,4,3,0,2,1,0,0,0,1,0,0,1,0,3,1,0,1,1,0,1,1,2,1,0,0,0,2,2,2,2,0,1,0,0,4,3,0,1,0,0,2,2,0,0,0,0,2,1,0,0,1,0,1,0,1,1,0,1,3,1,0,1,1,1,0,1,0,1,4,0,1,1,1,4,4,0,4,1,0,0,0,2,0,2,1,0,0,1,0,0,1,0,0,1,2,1,0,2,0,0,1,0,0,0,1,1,1,0,1,1,1,0,1,0,1,0,1,2,1,1,0,2,1,4,0,1,0,0,1,0,0,0,2,1,0,1,0,0,0,2,2,2,0,1,1,1,1,0,0,1,0,0,1,0,1,2,0,0,0,0,2,1,0,1,0,1,0,1,0,2,1,1,0,4,4,1,1,1,0,1,1,0,5,4,4,4,0,0,1,1,0,4,4,2,1,2,1,1,5,1,4,0,4,0,0,0,0,0,1,2,1,1,0,2,1
"Gene282",0,2,2,0,2,1,0,0,1,1,0,0,1,2,0,2,2,1,1,0,4,0,0,0,1,1,1,2,2,0,2,4,1,1,3,0,1,2,1,2,0,2,1,1,2,0,1,0,0,1,0,0,0,4,0,0,0,2,2,1,1,0,2,0,2,0,1,1,0,3,0,0,1,1,0,0,1,3,1,0,1,0,0,0,1,0,0,1,1,0,4,0,0,0,1,0,0,1,2,0,4,1,1,0,0,3,1,1,2,0,0,1,0,1,0,3,0,1,1,2,1,0,1,0,1,1,0,0,0,1,0,1,1,0,1,0,1,0,2,2,1,1,1,2,2,1,2,2,2,0,0,2,2,2,0,0,0,1,0,2,1,2,2,2,0,0,1,1,2,1,0,1,0,0,4,2,0,1,0,1,1,1,2,1,2,1,1,1,1,4,2,2,1,1,0,2,0,0,2,2,1,2,4,4,5,0,2,4,0,1,1,1,0,0,0,0,2,2,1,4,1,0,2,2,1,2,2,0,0,2,4,1,1,1,2,4,1,1,1,0,0,1,0,1,1,2,6,0,0,0,0,0,0,0,2,2,1,1,1,1,0,1,2,4,2,0,1,2,4,0,1,0,1,0,0,2,1,0,2,0,0,4,1,0,0,0,0,1,0,2,0,1,2,4,1,0,0,1,0,4
"Gene283",1,0,1,1,1,0,0,2,0,0,1,1,1,0,2,0,0,0,1,3,0,2,3,1,0,3,1,0,2,1,1,0,0,2,1,0,0,2,0,0,2,2,0,1,1,0,1,1,4,0,1,0,0,2,0,1,0,0,1,1,1,0,0,0,0,3,0,2,1,0,0,1,1,1,2,1,0,0,0,0,2,0,1,0,2,1,1,1,2,2,4,3,1,3,2,2,1,0,1,2,1,2,3,2,0,0,2,2,2,0,0,2,2,0,1,1,2,1,3,1,1,1,0,0,0,2,1,3,0,1,2,3,0,0,1,1,2,2,0,1,1,1,0,0,0,1,0,0,0,0,1,0,1,0,1,2,1,0,0,4,1,0,1,2,1,2,2,2,1,0,2,0,1,0,0,0,4,0,1,4,2,1,1,1,2,0,0,2,1,1,0,2,2,0,0,2,0,1,0,1,1,6,0,0,0,4,1,1,1,1,0,1,1,1,7,1,2,1,2,0,0,2,0,1,1,2,2,1,1,2,0,1,2,0,4,0,0,2,1,0,4,0,0,0,1,0,1,1,1,0,1,1,1,1,1,0,1,2,2,1,0,1,0,1,4,5,1,0,1,1,0,2,1,2,1,2,0,1,2,4,1,0,0,1,0,5,0,2,1,1,1,0,1,2,1,0,2,1,0,0
"Gene284",0,1,2,1,1,3,1,0,1,1,1,3,0,2,2,1,0,0,1,1,0,2,2,1,0,1,2,0,1,0,1,2,0,2,1,3,2,1,0,1,0,3,2,3,1,0,0,0,2,0,1,0,0,0,2,0,0,0,2,2,2,0,0,3,0,1,1,1,1,3,1,1,0,0,1,2,0,1,1,2,0,2,3,2,1,1,2,0,0,0,1,0,0,2,0,0,1,1,2,1,0,0,2,0,0,0,0,2,0,0,4,1,1,1,0,1,1,0,0,0,2,3,2,1,0,1,2,1,0,2,2,1,0,0,0,1,2,1,2,1,1,0,2,2,0,1,1,1,0,1,2,0,2,0,4,0,1,2,0,0,1,5,2,1,2,1,0,1,2,2,1,0,0,0,1,0,0,2,0,2,2,0,2,0,1,1,2,0,0,1,1,0,2,1,2,4,0,0,2,1,0,1,2,4,1,1,2,1,0,0,1,0,1,4,1,1,0,0,1,4,2,0,0,1,4,2,2,1,1,0,4,2,2,0,2,4,0,2,0,2,4,1,0,0,0,0,2,2,0,1,2,0,0,2,0,0,1,0,0,0,5,1,0,1,1,2,1,2,1,0,0,1,1,1,0,1,1,1,0,2,0,2,0,2,1,2,1,1,0,2,1,0,1,0,2,0,1,5,0,4
"Gene285",0,2,1,0,1,2,3,2,0,2,0,0,2,3,0,0,0,1,0,2,2,1,1,2,2,2,2,1,0,1,0,1,1,1,3,2,0,1,2,0,0,1,0,1,0,2,2,2,0,0,0,1,1,3,2,0,0,2,0,0,1,0,2,2,0,1,2,1,2,0,1,1,0,0,2,2,1,1,1,2,0,2,2,0,0,2,1,1,0,1,2,3,2,1,2,1,3,2,0,0,0,1,2,1,1,0,1,1,0,2,1,1,0,3,1,3,1,1,1,2,0,2,1,0,2,0,0,0,3,1,1,1,2,1,1,1,0,0,1,2,2,1,0,1,2,1,1,0,2,1,0,1,2,2,0,2,1,0,2,2,2,2,0,1,1,1,1,1,0,4,2,2,2,1,0,1,1,1,4,0,0,1,0,0,2,1,0,1,2,1,1,0,1,2,1,1,4,0,4,2,4,5,0,0,1,1,2,0,4,0,4,0,1,4,0,0,1,1,1,2,4,1,1,1,1,1,0,0,1,1,2,0,1,1,0,1,2,1,0,1,1,1,1,1,0,4,1,2,0,2,1,1,2,1,0,2,1,0,2,1,2,2,0,2,2,0,2,0,2,0,1,5,1,2,1,1,0,2,2,1,0,0,1,2,1,0,0,1,2,1,1,1,2,4,0,1,0,0,2,2
"Gene286",1,1,0,0,0,1,1,0,1,0,1,1,0,0,1,0,4,0,2,1,0,1,0,0,1,2,0,0,1,2,0,1,0,2,4,1,1,0,0,2,1,2,1,0,1,1,0,1,0,0,2,0,3,1,1,2,1,0,1,1,2,1,1,1,1,0,0,0,1,0,2,1,1,1,0,1,3,1,1,0,1,1,3,1,0,2,1,0,0,0,1,3,1,0,0,0,0,0,2,1,2,2,0,0,1,3,1,1,0,0,0,3,1,1,0,1,1,2,4,0,2,2,0,1,0,2,2,0,0,0,0,3,0,1,0,1,0,2,0,2,2,1,0,1,0,2,2,3,1,2,0,2,1,0,0,1,0,0,1,0,1,2,0,2,2,1,0,2,2,0,1,2,0,0,2,1,1,1,0,0,2,2,1,1,0,0,1,1,0,0,1,0,2,2,0,0,1,2,0,0,0,1,0,1,0,1,1,0,1,2,0,0,1,4,0,1,1,0,2,0,0,1,0,0,4,2,1,1,0,0,4,1,0,1,0,2,1,1,1,0,2,1,0,1,0,1,4,1,2,0,1,0,0,0,1,0,1,1,1,1,1,1,0,0,0,0,1,1,4,5,2,2,1,0,1,1,1,1,1,1,2,0,1,0,0,2,0,0,0,1,0,1,1,0,1,2,1,2,0,0
"Gene287",0,0,1,3,1,2,3,1,0,1,0,0,0,1,2,2,1,2,1,1,0,2,2,1,1,1,1,1,0,1,0,1,2,1,2,0,0,1,3,1,1,0,0,0,2,0,1,2,0,0,1,1,2,0,1,0,2,1,0,0,1,0,1,0,0,3,0,0,1,0,1,3,2,2,0,2,1,2,1,2,1,1,1,2,5,4,2,1,1,1,1,2,0,4,0,0,0,0,3,1,1,2,0,0,0,0,1,0,4,2,2,0,0,1,1,0,1,4,1,3,1,1,1,1,2,3,1,0,1,1,1,1,0,0,0,2,4,1,2,2,0,0,0,1,1,3,2,1,0,2,0,0,0,2,2,4,1,1,0,1,0,4,0,1,2,0,1,1,1,1,1,2,0,0,1,1,0,0,0,0,0,0,0,7,1,1,0,2,2,2,0,0,1,1,2,0,1,1,0,0,1,4,0,4,1,2,6,0,1,0,1,2,4,0,0,0,1,0,1,2,1,2,0,2,1,0,1,4,1,1,1,0,0,0,1,1,1,1,0,0,1,2,1,1,1,1,2,0,2,1,1,1,1,0,1,2,1,2,1,2,1,0,1,4,1,1,1,2,1,1,1,1,0,1,2,2,0,1,1,1,0,1,2,0,1,0,0,0,2,0,0,1,5,4,0,0,0,0,1,2
"Gene288",0,0,1,1,0,0,0,0,1,2,0,0,1,1,1,0,1,0,1,0,1,1,3,0,1,0,1,0,2,1,2,2,1,2,0,0,4,1,2,1,2,1,1,0,1,2,1,0,2,2,1,0,2,1,1,0,1,1,1,1,2,1,2,0,1,1,2,1,0,1,2,0,1,0,2,1,0,1,0,0,0,1,0,3,0,0,1,0,2,2,0,0,1,0,3,3,3,0,0,0,0,0,2,1,0,1,0,1,2,1,2,3,2,1,0,0,0,2,0,2,2,1,1,0,0,0,1,1,1,1,1,2,0,0,1,0,0,2,3,0,2,1,0,2,0,0,0,0,1,0,0,2,4,2,1,1,1,2,0,4,2,0,0,0,4,1,5,1,1,1,1,0,1,0,0,2,1,0,0,1,1,1,4,1,1,1,1,2,0,1,2,1,4,1,0,0,1,1,1,4,1,2,1,0,2,1,4,2,1,0,0,2,0,0,1,4,1,1,1,0,1,4,1,0,2,2,0,1,0,0,0,0,0,1,2,0,2,2,1,1,0,2,2,0,1,2,2,0,1,0,0,1,2,4,0,1,0,0,2,0,0,4,0,1,0,1,0,1,0,2,2,1,1,1,4,0,0,1,0,1,1,0,0,1,4,1,1,0,2,1,0,2,4,2,4,4,1,2,0,0
"Gene289",0,0,0,1,1,2,2,2,1,1,2,1,0,0,2,1,1,3,3,1,2,3,0,0,2,0,0,3,0,1,2,1,1,0,1,1,2,2,0,2,0,0,2,0,0,0,0,1,0,0,1,0,1,1,4,2,1,0,0,2,4,1,0,1,1,1,2,0,1,2,2,1,1,2,0,2,0,1,1,0,2,0,1,1,0,0,1,1,2,1,0,1,1,1,1,0,0,0,2,2,1,3,1,2,1,1,3,2,0,3,0,1,0,0,2,2,1,1,0,0,4,0,1,2,2,0,1,2,0,0,1,0,2,0,1,1,1,1,0,1,2,1,1,2,0,1,0,1,0,0,0,1,0,0,1,1,1,4,1,0,1,1,0,0,0,0,1,0,2,1,1,2,1,1,1,1,1,2,0,4,0,0,1,0,1,2,1,1,0,1,0,1,0,0,0,0,2,2,1,0,0,0,1,4,1,0,4,4,0,0,2,0,1,1,0,0,1,4,1,1,1,1,1,0,1,1,4,1,4,1,1,2,1,1,0,0,0,1,0,0,2,0,2,0,0,2,0,0,1,2,1,1,4,4,1,0,1,2,0,1,0,0,0,0,2,0,0,0,0,1,0,1,2,1,1,0,0,2,2,0,0,0,0,0,1,1,1,0,1,0,0,1,0,4,1,1,2,1,1,2
"Gene290",1,2,1,2,1,2,0,1,1,0,1,0,0,0,1,0,0,2,2,1,1,1,0,0,0,1,0,1,1,1,0,0,1,1,0,0,1,2,1,1,1,2,3,1,1,2,3,2,1,1,1,0,0,2,1,2,0,0,0,0,1,2,1,0,0,0,1,1,0,0,0,2,0,0,1,0,0,0,3,0,0,0,1,0,1,0,0,1,2,0,0,1,0,0,0,0,1,1,2,0,0,1,1,1,0,0,2,2,1,0,1,1,0,2,1,2,0,0,1,0,0,3,1,0,1,3,1,3,0,0,0,0,2,2,3,2,1,1,1,1,1,0,2,1,2,2,2,0,1,1,0,0,0,0,0,0,0,2,0,0,0,0,1,1,2,0,2,4,4,1,0,2,0,1,1,0,0,1,1,4,0,1,0,1,0,2,1,0,0,1,1,2,0,0,1,0,1,1,0,1,0,0,1,0,0,0,0,1,0,0,2,0,0,0,0,0,0,0,1,0,0,0,1,1,2,0,4,1,1,0,1,0,0,1,0,0,0,2,0,2,0,1,2,0,2,2,4,0,4,4,0,0,2,0,0,0,2,1,4,0,2,2,0,0,0,1,1,0,0,0,0,0,1,1,2,2,2,2,5,0,0,0,0,1,1,1,0,0,2,1,1,1,0,0,2,0,2,1,0,2
"Gene291",0,3,2,0,0,0,0,0,0,0,0,1,4,0,0,1,0,0,1,3,0,1,1,3,0,1,0,2,0,2,0,0,2,1,1,2,2,0,2,0,0,2,0,2,2,1,1,0,0,0,1,1,0,1,0,2,0,1,0,0,2,1,1,1,0,1,3,0,4,0,2,0,4,2,2,2,0,1,1,1,0,3,0,1,1,1,1,1,0,2,2,0,1,2,1,0,1,1,1,1,1,1,0,1,0,0,2,0,1,1,4,0,1,0,1,2,1,3,0,0,3,2,2,2,1,1,1,1,0,1,2,1,0,0,3,1,2,0,2,1,1,1,2,1,1,0,2,0,0,0,1,0,1,0,0,0,0,0,0,0,1,1,0,0,1,0,0,2,1,1,2,0,1,1,1,0,1,0,1,0,0,1,1,1,2,1,2,4,0,1,2,1,0,1,0,0,0,0,0,1,1,0,1,5,2,1,1,1,1,1,1,0,5,0,1,1,2,1,0,1,4,0,0,1,1,2,0,1,0,1,0,1,2,0,0,1,0,1,0,1,4,2,0,1,0,0,0,2,1,2,0,0,4,2,0,1,0,2,0,1,0,4,1,0,2,1,0,0,2,1,1,2,2,0,1,1,0,5,0,1,0,1,2,2,0,1,5,5,1,0,0,1,2,1,0,0,0,0,2,1
"Gene292",0,1,1,0,2,1,0,1,0,1,2,1,0,0,2,0,1,1,1,2,1,0,1,2,2,0,2,0,3,1,1,0,2,2,1,2,0,1,0,0,0,1,2,2,0,2,1,0,3,0,0,0,1,1,1,0,0,2,1,2,1,1,1,1,1,0,1,1,1,1,0,0,1,2,0,1,1,1,0,0,2,2,1,2,1,0,2,3,1,0,1,1,0,1,1,2,2,0,1,0,0,1,2,2,0,0,0,0,0,3,1,0,1,3,1,0,0,0,0,0,1,1,2,3,2,1,0,3,0,1,0,0,5,0,2,2,1,0,2,2,3,1,0,1,0,2,0,1,3,0,0,0,1,1,1,0,4,2,1,0,0,2,0,0,1,0,0,0,0,1,4,1,0,2,2,1,1,1,1,1,2,1,0,2,1,1,0,0,4,0,0,1,1,0,0,1,2,0,2,0,1,0,1,1,2,0,1,0,1,4,1,2,1,1,1,2,2,2,1,2,2,4,1,1,0,0,1,1,1,1,1,2,0,2,0,0,0,1,1,1,0,2,0,1,2,0,2,0,2,1,2,0,0,0,1,1,0,0,1,2,1,1,0,2,2,0,0,1,2,2,0,1,0,2,0,1,0,2,1,0,2,2,2,1,2,1,1,2,1,1,1,1,1,0,0,1,2,1,1,1
"Gene293",0,0,0,1,0,1,0,1,0,2,1,2,1,0,2,1,1,1,1,0,1,2,1,0,4,1,2,1,0,1,1,1,3,2,2,0,0,1,0,1,1,0,0,1,0,0,0,1,1,0,3,2,2,3,0,3,2,4,2,1,1,1,1,2,1,0,0,5,1,2,1,2,1,1,0,1,1,4,0,2,1,0,1,2,0,0,0,3,0,1,0,1,1,0,2,2,2,2,0,0,2,0,3,1,1,0,0,0,1,1,1,0,4,0,0,2,1,1,0,1,2,1,1,0,1,0,0,1,0,1,1,0,1,0,3,0,2,2,1,1,0,0,0,0,1,0,1,0,0,2,1,2,1,1,2,0,1,4,1,2,2,1,1,0,0,1,0,1,1,4,1,1,2,1,1,1,2,2,1,2,1,0,2,0,1,1,1,1,1,0,1,0,2,0,1,4,2,5,6,5,1,0,1,1,4,1,1,2,2,1,4,0,0,5,1,1,1,1,1,2,2,0,1,1,2,1,2,2,0,1,0,2,1,2,0,0,0,0,0,2,0,2,0,0,1,0,0,1,4,2,2,0,1,1,1,0,1,2,0,5,1,0,2,1,2,0,1,2,1,0,0,0,2,0,1,2,1,1,1,0,2,0,1,1,0,0,0,1,0,1,0,2,0,1,0,1,1,1,2,2
"Gene294",2,1,2,2,1,1,0,2,0,1,0,0,1,1,1,0,1,0,0,2,2,1,2,2,2,0,0,0,0,1,3,1,0,0,1,1,3,1,1,2,2,1,1,1,0,3,0,0,2,0,0,0,4,1,0,1,2,0,0,0,1,1,0,0,2,0,0,1,2,1,1,0,0,0,1,1,0,2,0,1,0,1,0,3,1,0,1,3,1,3,3,0,1,0,1,1,2,0,1,1,1,3,1,2,1,1,1,0,0,1,2,0,1,0,1,0,1,0,0,0,1,2,1,1,0,5,1,1,1,3,1,0,0,1,3,2,1,1,1,4,2,1,0,1,2,0,3,0,0,3,0,1,1,2,1,0,0,2,4,0,2,2,1,1,1,1,0,2,0,2,2,1,0,0,4,2,2,1,0,2,5,5,0,2,0,1,0,0,2,0,1,0,1,0,0,0,1,1,1,1,1,0,0,0,1,0,2,0,0,0,1,1,1,1,0,2,1,1,0,1,1,1,1,1,0,2,0,2,1,1,0,1,0,1,2,1,1,1,2,0,4,1,1,1,1,1,2,7,0,0,0,0,1,1,0,0,1,2,0,1,1,0,0,0,0,0,1,0,2,1,1,2,0,0,4,1,1,0,1,2,0,5,0,2,4,1,0,1,1,1,0,0,0,2,0,1,1,1,0,0
"Gene295",2,2,1,0,2,2,0,1,1,3,0,0,1,1,0,0,0,1,1,2,1,1,1,0,1,1,0,1,0,1,1,1,1,0,2,3,0,1,2,0,1,3,0,0,0,0,0,3,0,0,1,1,3,2,1,1,0,4,0,0,0,2,0,0,4,0,0,2,0,0,2,1,2,1,0,1,1,2,1,0,0,3,0,2,0,1,1,0,0,0,1,0,1,0,1,1,1,2,1,2,1,1,1,0,2,0,1,1,0,1,0,2,2,0,0,1,0,1,1,2,3,1,1,0,0,0,0,2,1,3,0,1,2,2,1,0,0,1,3,1,0,2,0,2,2,1,1,0,0,1,4,0,0,2,0,0,0,2,1,4,1,1,1,0,1,1,1,2,0,0,2,0,0,0,0,1,1,2,0,0,2,0,0,2,1,2,1,0,0,0,1,2,1,0,1,2,2,0,0,0,2,2,1,0,0,4,1,1,1,2,2,0,2,0,2,0,1,1,1,4,2,1,2,1,0,2,1,1,0,1,0,1,0,0,0,1,0,0,2,1,1,2,1,0,1,2,1,0,0,4,1,0,0,0,0,1,2,1,0,1,1,5,1,2,0,0,1,0,2,2,0,0,0,1,0,0,0,0,0,1,0,1,2,0,5,4,1,1,0,1,0,0,2,2,1,1,4,6,2,5
"Gene296",2,1,0,0,0,1,0,3,0,0,3,1,1,1,0,1,2,1,0,1,0,0,0,2,3,1,1,0,0,2,1,0,1,2,1,2,0,0,0,3,1,2,2,2,3,3,0,2,2,1,1,1,1,0,0,2,3,0,1,1,1,1,0,1,3,2,2,2,1,3,1,1,3,2,1,2,0,1,3,2,1,1,1,1,2,2,0,0,1,4,1,1,0,2,0,1,2,0,0,3,1,1,0,1,1,0,0,1,1,2,1,1,2,0,1,2,1,4,1,2,1,0,2,2,1,2,2,1,1,0,0,1,2,1,0,0,1,1,1,0,2,1,2,4,0,0,1,0,0,2,0,4,0,0,2,2,0,1,0,4,0,2,1,0,1,0,5,0,2,0,0,0,0,0,1,1,4,2,4,0,0,0,2,1,4,5,0,0,0,0,0,4,2,1,0,2,2,0,0,0,1,0,1,5,2,0,1,1,1,1,0,1,1,0,4,1,0,1,4,1,0,1,1,0,1,1,2,1,0,4,1,0,1,0,0,2,1,0,1,0,4,0,0,2,0,0,0,1,1,1,0,0,1,2,0,0,0,2,0,0,0,0,0,2,0,2,2,2,0,1,4,1,1,0,0,1,0,2,0,1,0,2,1,1,0,1,0,1,5,1,1,0,1,1,4,4,1,2,1,0
"Gene297",4,0,2,1,0,1,2,1,0,2,1,3,1,1,1,2,0,1,1,1,0,2,1,0,0,2,0,1,2,2,0,0,0,2,1,0,1,3,3,0,0,1,1,2,0,0,1,0,1,2,1,1,1,0,1,2,2,2,0,3,0,3,2,0,0,0,1,0,1,3,1,1,1,1,0,1,1,2,5,0,2,2,3,1,3,0,3,0,1,2,0,0,1,1,1,2,3,0,0,0,0,1,1,0,1,2,1,1,0,1,2,1,1,1,1,2,0,0,0,1,1,1,1,2,2,1,1,0,0,0,0,0,1,0,1,2,0,0,0,1,0,0,1,0,0,0,1,0,1,1,1,0,1,1,5,0,1,0,1,0,0,0,1,0,0,0,1,1,1,5,0,1,0,1,1,4,4,1,0,1,1,0,0,1,1,0,1,0,2,1,4,0,0,2,2,0,0,1,0,2,1,1,0,1,1,0,2,1,1,0,4,0,1,0,1,0,1,1,0,0,1,1,0,1,0,0,2,1,1,4,1,0,2,1,1,2,1,2,1,4,2,0,0,0,1,0,0,1,1,0,1,0,1,1,1,0,4,1,0,0,0,1,0,1,1,0,2,0,1,1,1,0,0,1,0,4,0,0,0,1,0,2,2,0,0,1,0,0,0,0,2,2,1,1,1,0,0,0,0,2
"Gene298",0,0,1,3,2,1,0,2,1,1,1,0,1,0,0,2,2,2,0,0,1,2,1,1,4,2,1,0,1,1,2,1,2,2,0,0,2,2,0,0,0,1,2,0,0,1,0,1,1,2,1,3,3,1,4,1,1,0,2,0,0,1,1,1,2,1,0,1,1,0,1,1,2,1,0,1,0,2,0,0,0,2,2,1,5,2,2,1,1,0,1,0,1,1,1,1,2,0,1,2,0,0,2,0,2,0,1,1,3,3,2,0,4,0,3,0,0,0,0,2,0,0,0,3,1,0,0,1,2,1,2,1,1,0,0,0,0,2,2,1,1,1,2,2,0,1,1,1,0,1,0,1,0,1,0,1,0,0,0,1,1,2,0,4,0,0,2,2,1,1,0,1,1,0,0,0,0,0,4,1,1,0,1,1,0,2,0,2,0,1,1,0,0,2,1,2,1,1,1,0,0,0,1,0,0,4,0,1,0,0,0,1,0,1,1,0,0,1,0,1,1,1,2,0,0,0,4,1,1,0,1,2,2,0,0,0,1,1,2,2,1,4,2,0,2,1,1,0,2,1,1,2,5,2,1,2,2,0,1,2,2,4,2,1,0,1,0,2,0,2,1,1,1,2,1,1,0,0,2,1,1,2,0,1,1,1,0,0,4,2,0,2,1,1,1,0,0,0,0,1
"Gene299",0,0,2,1,1,0,1,2,1,2,1,0,1,0,1,1,2,0,1,0,0,0,0,0,0,0,2,0,0,4,2,0,1,1,3,0,3,1,0,0,1,1,2,2,2,1,2,0,0,3,1,1,1,1,0,3,0,1,2,1,0,1,1,2,0,2,1,0,2,2,2,0,0,2,2,2,1,4,0,2,1,0,1,1,2,2,3,0,0,1,1,1,2,2,2,0,1,2,2,0,0,1,0,0,2,0,0,2,1,0,0,1,1,1,1,1,0,2,1,4,0,3,1,1,2,0,1,1,1,0,2,0,1,1,2,1,1,0,1,1,1,0,1,1,1,1,3,2,0,0,2,0,2,6,0,0,0,0,0,0,1,0,2,1,1,0,0,1,0,1,2,1,0,1,2,0,1,1,1,0,2,0,0,1,5,5,1,0,1,1,0,1,1,1,1,1,0,0,4,0,1,0,0,2,4,2,4,2,1,0,0,0,0,1,1,0,0,0,0,1,0,4,0,0,2,2,1,1,2,1,0,1,2,2,0,0,0,2,2,4,2,0,0,0,0,1,0,2,1,1,1,0,2,1,2,1,0,1,1,4,1,1,0,1,2,4,0,1,2,0,1,0,1,0,1,1,0,0,0,1,4,0,0,0,4,4,2,0,2,0,1,0,2,0,2,1,2,0,0,0
"Gene300",2,0,1,1,2,2,2,0,1,1,2,1,4,3,0,1,0,0,1,0,1,0,0,0,1,0,0,0,0,0,2,0,0,0,1,0,2,0,3,2,1,0,0,1,0,0,2,1,1,1,0,2,1,0,1,2,2,0,1,1,1,0,1,3,2,0,0,0,0,3,0,3,1,0,1,2,4,1,2,0,2,3,2,0,0,2,5,1,0,1,1,2,0,1,2,1,0,3,0,2,0,1,1,0,1,2,0,0,1,1,3,1,0,0,4,0,1,0,3,0,1,1,2,4,3,1,1,0,1,1,0,0,0,4,0,1,1,1,0,1,1,1,2,0,3,4,2,1,2,2,0,0,2,1,1,1,0,1,2,1,1,1,1,2,2,0,0,0,2,1,2,2,0,2,1,1,2,4,4,0,0,0,0,1,0,0,2,0,1,1,0,0,2,0,1,1,1,4,0,4,0,0,2,2,1,1,0,2,2,1,1,1,2,1,0,0,0,1,1,0,2,2,1,0,4,2,1,2,4,1,0,1,0,2,0,2,1,1,0,1,0,1,1,0,0,0,0,1,0,0,2,0,0,0,4,0,1,2,2,1,4,1,0,1,2,1,0,2,1,2,1,0,0,2,4,1,0,1,2,1,4,2,1,1,2,0,2,4,0,0,4,0,1,4,0,1,4,4,1,2
"Gene301",2,1,0,0,1,0,0,3,1,0,1,0,1,0,2,0,0,1,0,2,0,0,0,1,0,0,0,0,1,1,0,1,0,1,0,0,3,1,0,0,1,2,2,1,1,0,0,0,0,0,2,1,1,0,1,2,1,0,1,1,0,1,2,0,2,1,1,2,3,1,0,0,1,2,1,2,2,0,2,1,1,1,3,0,0,2,0,0,0,1,3,3,1,0,0,2,1,1,1,1,1,0,1,0,3,2,2,2,3,1,1,0,2,0,2,1,0,0,1,0,1,0,1,2,1,3,1,0,2,1,3,0,0,0,1,0,0,1,2,4,2,1,0,0,1,0,0,1,1,1,1,1,2,2,0,2,0,2,0,2,1,2,1,0,0,2,1,0,4,0,0,1,1,1,5,0,0,0,1,0,0,1,1,1,1,0,2,1,1,0,1,0,2,0,0,1,4,0,2,0,0,0,0,2,1,1,1,0,0,0,2,0,2,0,1,0,2,0,1,1,4,0,1,0,1,4,2,1,4,1,1,1,0,2,2,0,1,1,1,1,2,1,2,5,0,2,2,2,1,2,1,1,0,0,4,1,2,2,0,4,4,0,2,2,1,4,1,1,0,1,0,0,1,0,1,0,4,0,1,1,1,2,4,1,2,0,4,0,1,2,0,0,0,1,1,1,2,1,5,0
"Gene302",0,0,1,2,2,1,0,1,7,1,2,4,1,0,0,0,4,1,0,2,2,2,3,1,1,0,1,2,2,1,0,2,0,0,2,1,0,1,0,3,1,0,2,0,0,0,0,0,0,1,2,1,0,4,1,1,0,1,2,2,1,0,3,0,4,1,0,0,0,1,0,1,0,1,2,0,1,1,3,1,0,0,1,1,0,0,1,1,3,2,0,0,0,1,1,0,1,0,1,1,1,0,0,2,3,3,3,5,2,0,0,0,0,0,0,1,0,0,0,0,0,0,0,1,1,1,0,2,3,3,0,0,0,0,1,3,0,4,2,0,0,0,0,0,1,0,1,1,1,4,1,5,2,0,1,1,0,1,1,1,4,2,0,4,0,0,1,0,1,6,1,0,2,1,4,2,1,0,0,1,2,0,1,1,1,1,1,0,1,0,0,2,1,4,0,2,2,1,2,2,1,0,0,1,2,2,1,0,0,1,0,0,1,0,4,0,1,2,1,1,0,0,2,2,0,1,1,1,0,0,0,0,2,1,1,1,1,4,1,1,0,0,4,1,0,2,0,4,1,1,1,0,1,0,2,0,1,1,0,2,4,1,1,1,0,0,1,4,2,0,0,2,2,2,4,0,1,1,2,1,0,1,1,0,2,4,1,1,2,2,1,1,0,1,4,1,0,0,0,0
"Gene303",2,0,1,0,0,0,1,0,3,0,0,0,0,2,2,1,1,0,0,0,1,2,2,1,0,1,1,1,1,2,2,0,1,0,0,1,0,0,1,2,2,0,2,0,0,2,0,1,1,3,2,1,0,1,3,1,0,0,2,0,0,4,0,1,1,2,1,0,1,2,2,1,2,1,0,1,1,2,1,0,0,0,3,1,3,2,0,0,2,0,2,0,1,0,2,1,1,4,1,0,0,0,0,0,0,0,0,0,3,2,0,2,2,2,0,2,2,0,2,1,3,2,3,0,0,0,1,0,1,0,1,0,1,0,0,0,0,3,3,4,2,0,1,0,1,1,1,1,4,2,0,4,1,1,0,0,0,2,0,2,4,1,2,5,0,1,1,1,1,0,0,1,1,2,2,0,5,1,4,2,1,1,0,0,0,5,2,2,1,2,0,0,1,0,4,0,1,0,0,5,0,0,1,0,1,0,1,4,0,0,0,1,2,0,1,0,2,0,2,1,1,6,0,1,1,0,0,1,1,0,0,1,2,2,1,2,2,2,2,0,2,0,2,2,2,1,1,2,0,0,5,2,1,2,2,0,0,0,5,1,0,0,0,2,5,0,0,1,2,1,2,1,4,2,5,1,1,2,2,2,0,4,0,2,2,1,0,0,1,1,1,0,1,0,0,1,1,5,1,1
"Gene304",1,0,2,1,1,0,1,1,3,0,0,1,0,2,2,1,3,1,0,1,3,3,1,3,2,1,1,0,1,0,0,1,1,0,2,2,1,1,3,0,1,1,2,0,0,1,0,1,0,1,4,0,1,1,2,2,0,0,3,1,0,1,0,0,1,0,1,0,2,2,1,0,2,1,1,1,1,0,0,2,1,2,2,0,0,1,2,1,1,3,0,0,0,1,0,1,0,1,0,1,1,1,1,2,2,2,1,0,1,0,1,2,1,1,0,1,1,0,0,1,2,1,1,1,0,1,1,0,2,1,0,0,1,1,1,1,0,3,0,0,2,3,4,1,0,1,0,1,4,2,2,2,1,1,0,0,0,0,4,1,0,1,1,1,1,1,0,0,1,1,5,0,2,2,1,0,0,1,0,0,1,0,2,1,0,1,1,0,2,4,2,2,1,1,1,4,0,0,1,0,0,1,1,1,1,1,1,1,0,0,4,1,1,1,0,1,0,0,1,2,0,1,2,0,2,1,1,0,1,2,1,1,2,2,4,2,0,1,1,0,0,2,0,0,4,0,0,0,1,1,4,2,1,2,2,2,2,0,2,1,0,2,0,0,0,1,2,4,1,1,2,1,1,5,4,1,0,1,2,0,0,1,1,4,2,1,2,4,0,0,0,1,1,0,1,4,0,1,4,2
"Gene305",1,0,1,1,1,2,3,1,1,0,2,2,0,1,1,2,0,1,0,1,2,3,1,0,0,0,1,1,1,0,0,0,0,2,4,0,0,0,2,0,2,1,1,1,1,1,3,2,0,1,0,0,1,1,1,0,1,0,1,0,0,1,1,1,1,3,1,1,2,2,0,0,0,0,0,3,2,0,1,1,0,2,0,1,0,4,1,3,0,1,1,0,2,1,4,1,0,3,1,4,3,0,0,1,0,1,0,3,1,0,1,0,2,2,2,0,2,0,0,2,0,1,0,1,1,2,2,0,1,0,0,1,1,1,2,2,1,2,2,1,1,1,0,1,3,1,0,0,0,1,0,1,0,2,1,0,2,0,1,4,1,1,1,1,0,1,2,4,1,1,2,2,0,2,1,0,2,1,0,2,4,0,1,0,2,1,0,2,1,5,2,0,0,1,1,2,1,4,1,2,0,2,0,1,2,0,1,0,1,0,0,0,1,1,0,1,0,5,1,1,0,1,0,1,1,2,0,4,0,0,2,0,0,1,2,1,1,1,0,1,2,1,2,0,0,0,0,2,1,1,4,1,1,2,0,0,4,0,0,0,0,6,0,0,1,2,2,0,2,1,1,2,2,1,0,0,1,0,1,0,0,1,1,0,1,4,2,1,1,1,0,0,1,2,1,1,1,1,2,1
"Gene306",1,3,1,0,0,1,1,2,2,0,0,0,0,1,0,0,0,1,0,0,1,0,1,1,0,1,3,0,0,2,1,1,1,1,0,0,2,0,0,1,0,0,3,0,0,2,2,1,1,0,2,1,1,2,0,2,1,1,1,2,2,0,1,0,1,0,2,0,0,1,1,2,2,0,0,3,0,2,3,0,1,2,1,2,1,2,2,0,0,0,0,2,1,0,2,1,1,0,0,1,2,0,0,0,1,2,3,0,2,2,0,1,0,2,2,1,2,1,1,1,1,2,1,0,1,1,2,1,0,0,1,2,1,1,0,4,0,0,0,1,2,0,0,0,1,0,2,2,1,0,1,1,2,0,0,0,0,1,1,1,0,2,0,1,1,4,1,1,1,0,1,0,1,2,1,1,1,2,4,2,4,1,0,1,1,4,0,0,0,1,0,0,0,4,0,4,1,1,1,5,1,2,2,2,1,1,4,1,2,0,1,0,0,1,1,0,0,2,1,1,0,0,0,0,1,1,4,1,0,1,2,1,1,0,0,2,0,1,1,1,1,0,2,1,1,1,1,0,1,1,1,1,1,1,0,0,0,1,1,1,1,2,0,1,1,0,0,0,2,0,2,4,0,1,0,0,0,2,0,1,0,2,0,1,0,0,0,0,0,0,1,1,0,1,0,1,2,4,1,2
"Gene307",0,1,0,3,1,0,2,3,3,0,3,1,0,1,1,2,1,0,1,1,0,1,2,2,1,2,2,0,0,1,1,1,0,0,0,0,3,0,2,0,1,2,0,4,0,1,2,2,1,0,1,2,0,3,2,1,1,2,1,3,0,0,1,0,4,2,1,0,2,0,0,0,2,1,1,1,1,1,1,0,1,1,2,1,0,2,1,0,0,2,3,1,1,0,1,0,2,2,0,1,2,0,1,0,1,2,3,0,2,0,1,3,3,0,0,1,0,0,0,2,2,0,1,1,0,2,1,0,1,0,0,3,0,2,0,1,0,1,2,2,2,0,0,1,0,0,0,0,0,5,2,1,0,0,2,0,1,0,1,0,0,2,1,1,4,2,0,1,1,2,1,0,2,0,1,0,1,0,0,0,2,0,0,1,1,0,1,0,1,0,2,2,0,1,1,1,5,1,0,5,2,5,4,2,0,0,0,1,0,4,0,0,4,0,1,2,0,0,0,1,1,0,0,1,1,0,1,1,1,0,0,4,2,1,1,0,0,4,1,0,1,0,1,1,1,2,0,1,0,2,1,1,0,1,4,1,0,1,1,2,1,1,1,1,0,0,2,0,2,2,1,1,2,0,1,0,1,0,0,0,1,4,0,4,0,4,0,2,0,1,0,2,1,4,0,0,1,1,1,2
"Gene308",0,1,0,1,1,2,1,1,0,0,0,1,1,0,0,1,0,0,1,2,0,0,1,0,3,0,1,0,3,2,2,2,1,1,4,0,1,2,2,3,0,0,2,1,1,0,0,0,3,2,0,2,0,1,0,2,1,0,1,0,0,0,1,1,2,3,1,2,0,0,2,1,1,0,1,2,1,2,1,0,1,1,0,1,2,0,3,0,0,0,1,0,0,1,1,1,0,1,1,1,1,0,2,1,5,2,3,1,1,5,1,3,1,0,1,0,2,2,0,0,0,0,0,1,0,1,1,1,0,2,3,4,1,0,1,0,0,0,0,0,1,4,5,1,1,1,0,1,1,1,1,0,1,0,2,1,4,1,2,1,1,1,1,0,2,4,1,2,1,1,2,0,1,0,1,2,1,0,0,0,0,0,1,1,0,1,2,1,0,1,1,1,4,1,2,4,0,1,1,0,0,1,1,1,0,1,1,1,1,0,1,0,4,0,1,1,1,0,4,0,0,0,0,0,0,0,2,0,0,2,1,0,2,1,2,0,0,1,0,1,0,0,1,0,0,0,1,5,1,1,2,0,1,1,1,1,0,1,4,0,2,2,0,2,1,1,1,2,2,4,0,0,2,0,1,0,1,4,0,1,0,1,2,0,0,1,2,1,0,0,2,1,1,1,0,2,0,1,2,0
"Gene309",1,2,1,2,2,1,0,1,1,2,1,1,1,1,0,0,1,6,1,1,1,1,0,1,2,1,0,0,3,0,1,1,0,4,3,1,3,1,1,1,1,1,1,0,0,3,2,1,0,0,1,1,3,1,1,1,0,1,0,2,1,1,0,0,0,1,1,1,2,0,1,0,1,2,1,1,1,0,2,0,0,1,3,0,0,1,1,0,1,3,3,1,0,0,1,0,0,0,3,1,1,1,1,2,1,0,2,1,1,0,0,1,1,0,4,0,2,0,0,1,1,1,1,2,3,1,3,0,1,1,1,3,1,1,3,1,1,0,0,1,1,1,1,1,1,0,1,2,2,0,0,1,1,1,0,4,1,1,2,1,1,1,1,0,0,5,0,0,1,0,1,1,5,1,0,2,1,2,1,0,1,0,0,1,0,0,0,2,5,1,0,0,0,1,4,1,1,2,1,2,0,0,1,5,0,1,1,1,1,1,1,1,1,0,0,4,4,1,2,1,0,1,1,0,2,0,1,1,4,2,2,2,0,1,0,2,1,1,5,0,2,1,0,0,1,1,1,1,1,1,2,2,1,0,1,2,0,2,2,0,2,1,0,0,0,2,0,1,2,1,1,1,0,0,0,0,2,2,2,0,0,0,1,1,1,1,1,1,2,1,0,2,4,2,1,1,1,4,2,2
"Gene310",1,1,0,1,0,3,1,0,0,1,1,3,1,2,0,1,0,0,2,0,1,2,0,2,1,0,0,1,2,0,0,1,2,0,0,1,0,3,2,0,0,2,2,0,0,2,2,1,0,1,2,1,2,0,0,3,1,1,2,1,2,1,1,2,1,1,4,0,0,2,0,2,1,0,1,2,1,0,0,0,0,0,1,2,1,3,2,1,0,3,1,0,0,0,2,0,1,1,4,1,0,1,2,1,1,1,2,1,2,0,0,3,2,1,1,1,0,1,1,1,2,0,0,0,2,1,0,0,0,0,1,0,0,0,1,1,3,1,1,0,3,2,0,1,0,2,4,1,0,0,0,1,1,0,4,1,1,1,1,1,2,1,0,1,1,5,0,1,0,0,5,0,2,0,4,0,0,1,2,1,1,2,0,1,4,2,2,2,2,1,2,2,1,2,5,4,0,1,1,1,1,1,1,1,1,0,2,1,0,2,1,1,0,0,0,4,2,0,0,1,0,1,1,1,0,0,1,4,2,1,1,1,0,1,0,2,1,1,0,2,1,2,0,0,0,0,2,2,0,1,1,1,2,0,2,1,0,2,0,1,1,0,1,1,2,0,2,1,0,1,1,0,0,2,1,1,1,0,2,1,0,1,1,1,0,0,0,0,0,1,0,0,0,1,1,0,0,2,4,1
"Gene311",1,0,0,0,1,2,0,0,1,1,1,1,0,1,1,2,0,0,0,0,0,1,0,0,1,0,2,1,1,2,0,2,7,1,2,0,0,1,1,0,1,3,0,0,1,0,2,2,1,1,0,2,3,2,2,1,1,0,1,2,2,2,1,2,0,0,0,2,0,0,1,0,2,2,0,1,1,0,1,0,0,3,1,0,2,2,1,0,0,0,2,0,1,1,0,3,2,1,1,0,1,1,1,1,0,1,0,0,0,0,2,2,2,1,0,1,0,3,0,0,1,0,3,1,1,3,3,1,0,1,1,1,3,0,2,1,1,1,1,0,1,1,0,2,2,0,0,0,2,1,1,1,0,2,2,0,1,2,2,2,2,2,0,1,4,1,0,1,1,2,2,2,1,1,1,2,1,1,1,1,4,1,2,2,1,2,2,1,0,1,2,1,0,0,1,0,0,4,4,1,1,1,1,0,0,1,0,0,1,2,5,0,0,1,2,5,2,5,1,1,1,4,1,1,0,0,1,4,1,0,1,5,1,1,0,1,2,0,0,2,1,1,0,1,1,0,0,1,2,2,1,0,1,1,1,1,5,1,2,4,1,2,0,2,1,1,1,2,0,1,1,2,2,0,2,1,0,2,1,1,0,0,1,1,1,2,0,4,0,0,1,0,1,0,0,0,2,1,1,2
"Gene312",1,1,0,1,0,1,2,1,2,0,1,0,0,1,2,3,1,1,2,1,0,3,1,1,1,1,5,0,0,3,2,1,1,2,2,0,1,2,0,1,0,4,0,1,1,2,1,1,0,1,1,1,1,2,1,0,0,0,1,0,1,1,1,0,2,1,2,2,2,0,2,1,2,1,2,1,1,1,0,0,0,1,3,0,0,1,0,1,0,0,4,3,2,2,0,1,1,0,4,0,2,0,2,0,1,2,1,0,1,1,1,1,0,0,0,0,0,0,2,2,1,1,0,1,1,1,1,0,0,0,0,0,0,1,2,1,1,2,0,0,1,2,2,1,5,1,1,1,1,0,1,1,0,5,0,0,1,5,2,0,1,0,1,2,0,0,4,1,0,1,2,0,1,1,1,1,0,0,1,0,5,0,1,1,0,1,1,1,0,0,4,2,2,1,0,2,0,2,0,4,0,1,1,1,0,2,2,4,1,2,1,0,0,0,1,1,1,0,1,1,1,0,0,4,1,4,1,1,1,2,0,1,2,1,2,1,1,1,0,4,1,0,1,2,2,4,0,1,1,1,1,0,0,0,1,0,1,2,1,1,0,1,1,1,2,2,2,1,1,2,1,1,1,2,0,1,0,1,0,2,1,2,1,2,0,0,4,0,0,0,1,4,4,1,0,1,4,2,0,1
"Gene313",1,0,2,2,1,1,0,1,0,0,1,3,2,0,1,0,1,1,2,1,3,1,3,2,0,1,1,3,2,1,2,0,0,0,0,0,0,1,5,1,0,0,1,2,0,1,1,2,1,0,0,4,2,1,1,0,3,3,2,1,3,1,0,1,3,2,0,2,0,0,2,3,0,0,3,2,1,2,0,0,0,0,0,0,0,1,1,2,1,0,3,2,2,0,1,2,2,2,1,1,0,0,0,0,2,0,0,0,3,0,2,3,2,1,0,2,0,1,1,0,1,2,1,0,1,0,0,1,0,1,2,0,0,0,0,1,2,1,1,1,2,0,4,0,1,2,0,3,0,0,0,5,0,0,1,1,1,2,0,1,2,2,4,0,0,2,1,2,1,0,2,1,1,2,0,2,2,1,0,0,2,0,5,1,4,1,0,1,1,1,0,0,2,0,4,2,2,4,1,1,1,0,1,4,1,2,2,1,1,1,0,1,1,1,0,1,1,0,1,0,4,2,4,0,1,1,2,0,1,0,0,1,0,2,2,1,2,1,2,1,0,0,1,0,4,0,1,1,2,0,1,0,1,2,0,2,2,0,0,0,2,0,0,1,2,0,0,2,1,1,2,2,6,1,1,0,1,0,2,2,1,1,1,4,1,2,5,0,1,0,1,2,2,1,2,2,6,1,0,2
"Gene314",0,2,0,1,1,2,2,0,0,0,1,0,1,0,1,2,0,1,0,3,2,0,3,0,0,1,0,1,0,2,0,0,3,1,0,1,0,0,2,1,3,1,2,2,2,1,1,1,2,3,1,0,0,1,2,2,1,1,1,1,2,3,0,1,0,0,2,3,1,1,1,1,2,1,0,1,1,1,0,1,2,2,1,0,1,1,0,2,1,0,1,0,1,0,0,1,1,1,4,0,2,1,1,2,0,1,1,1,1,1,0,1,0,2,1,0,2,3,1,0,0,1,0,3,0,1,0,0,0,1,2,1,2,1,2,1,1,1,0,0,1,3,1,0,2,1,1,0,0,2,2,1,1,1,1,1,4,0,2,1,2,1,0,0,5,1,0,1,1,2,0,4,2,0,0,0,2,0,1,5,0,1,0,1,0,5,1,1,1,1,0,1,2,1,2,0,1,0,1,1,4,0,1,0,0,5,0,1,5,1,1,0,0,1,0,0,1,4,1,0,4,0,0,2,4,1,1,1,1,0,1,1,1,0,0,2,0,0,1,2,0,1,0,1,1,1,2,1,2,0,0,0,1,0,1,4,0,1,0,1,2,0,4,2,2,1,1,0,0,0,2,0,1,6,0,0,0,0,2,0,4,0,2,2,1,0,0,1,4,1,1,1,2,0,0,1,2,2,1,1
"Gene315",0,2,1,1,1,2,1,0,0,0,1,2,1,0,1,1,1,0,2,0,3,1,1,0,1,1,3,0,0,2,1,1,0,0,1,3,2,1,2,1,4,2,2,1,0,1,2,0,0,2,1,1,0,0,1,0,0,0,1,0,1,4,1,1,0,3,2,1,0,0,2,0,3,0,1,2,0,0,0,0,1,0,2,2,1,2,1,1,2,1,2,1,0,2,1,2,2,2,5,0,2,0,3,0,1,2,0,2,1,1,3,0,2,1,5,2,1,1,0,1,1,1,2,1,0,0,0,2,1,0,1,2,0,1,2,1,0,3,2,0,1,3,0,1,3,3,3,2,1,2,0,2,0,0,1,0,0,1,2,0,1,0,0,0,4,0,4,1,1,4,1,1,0,0,1,0,0,0,1,0,0,0,1,1,0,1,2,0,1,1,0,2,1,0,0,1,4,0,2,2,0,1,1,4,0,4,2,4,1,1,1,0,1,2,0,2,1,1,1,1,2,1,2,0,0,0,0,0,0,1,0,1,2,0,0,1,2,2,2,1,2,2,0,2,4,2,0,4,0,0,0,2,2,2,0,2,2,0,1,1,2,1,6,2,4,0,1,1,1,1,1,1,0,0,4,1,7,1,0,1,0,1,0,1,4,0,0,1,0,6,1,1,0,4,1,2,1,1,0,1
"Gene316",2,0,0,1,2,0,0,1,2,3,0,0,1,0,1,0,2,2,0,1,0,0,1,0,2,3,2,2,1,1,1,0,0,0,1,1,1,1,1,2,0,0,1,3,1,0,3,3,0,0,1,1,2,0,1,2,1,3,1,0,2,0,0,0,2,1,1,2,1,0,1,1,2,1,0,0,1,2,1,0,0,1,0,4,1,0,2,0,1,4,1,1,1,3,2,0,0,1,0,0,0,1,1,0,2,2,2,1,2,2,0,0,1,1,0,1,1,0,2,2,2,1,2,0,2,0,1,5,1,1,2,1,1,1,0,0,2,1,1,2,1,1,1,2,1,1,1,2,1,0,2,2,4,2,1,1,1,1,2,1,4,0,0,1,4,0,1,0,0,2,1,0,1,2,1,1,1,0,4,1,0,0,2,0,1,2,1,4,2,0,0,2,4,0,1,0,0,1,1,0,1,0,0,2,0,1,1,1,1,2,2,2,5,4,0,0,2,2,2,1,1,7,0,0,0,2,4,0,1,1,1,1,0,2,0,2,1,2,1,2,0,2,2,0,1,1,1,0,1,0,4,1,1,1,0,0,0,2,2,1,1,1,5,1,0,2,1,0,0,4,4,1,1,0,1,5,0,0,0,4,1,0,0,1,0,4,0,2,1,0,2,0,2,0,2,2,0,1,0,1
"Gene317",2,0,2,1,0,0,2,0,1,1,1,0,0,0,0,2,1,1,0,0,1,1,2,1,3,0,2,2,0,4,1,2,0,0,0,1,1,2,0,2,1,2,1,1,2,2,0,0,0,1,0,0,1,0,0,2,0,2,3,1,3,0,1,3,0,1,1,0,1,0,2,1,0,3,2,1,0,0,1,0,0,2,2,1,0,1,2,0,0,2,0,0,1,2,1,0,1,0,0,0,1,2,0,1,0,1,0,4,1,1,2,0,2,0,1,3,3,0,2,0,0,2,0,0,0,1,0,1,1,1,0,2,3,2,1,0,0,2,0,0,1,1,0,3,0,1,0,2,0,1,1,0,0,1,2,0,1,1,0,0,0,1,1,2,1,0,4,1,1,2,0,0,2,0,1,0,1,0,0,1,2,1,1,1,1,2,1,2,2,2,1,1,1,1,1,1,1,1,0,0,0,4,0,0,0,2,2,1,2,0,2,1,0,0,1,2,1,4,0,0,0,0,1,0,2,1,1,2,2,0,1,0,5,1,1,1,1,1,0,1,2,0,0,1,0,0,0,0,4,0,1,1,2,2,0,0,2,1,0,1,1,2,1,1,2,0,1,0,0,2,2,0,0,2,1,0,0,2,0,1,0,0,4,1,1,1,0,0,1,0,0,0,0,0,0,1,1,1,1,1
"Gene318",0,0,0,1,1,4,0,0,1,2,1,0,1,1,2,2,0,2,1,2,4,1,2,1,1,0,0,2,0,1,2,1,1,1,0,0,1,1,2,1,0,2,1,1,2,1,0,3,4,0,0,1,0,1,3,0,0,1,2,3,3,3,0,1,1,0,1,0,3,1,1,2,2,0,3,1,1,1,0,0,1,0,0,2,3,1,0,3,1,0,0,2,0,1,3,1,1,2,0,1,0,0,0,2,1,0,1,1,3,0,1,1,3,1,2,3,0,3,0,1,2,0,0,1,1,0,2,0,1,3,1,1,1,2,2,0,0,2,2,1,4,1,1,2,0,2,1,0,1,1,2,2,2,4,0,0,1,0,1,0,2,1,4,2,0,0,4,0,2,1,4,1,1,1,1,0,0,1,1,0,1,0,1,4,0,1,2,0,4,1,1,0,1,0,0,1,0,2,0,2,0,2,2,0,0,0,0,2,0,2,1,1,2,0,2,5,2,4,1,1,1,1,1,1,1,0,1,0,1,2,4,1,2,0,1,1,2,2,5,1,1,0,0,1,0,2,1,2,1,5,1,0,0,4,0,0,2,0,0,0,2,0,0,5,2,1,2,2,1,4,1,0,1,0,1,1,0,1,0,1,1,1,0,0,1,2,0,0,0,1,5,0,1,4,0,2,2,0,0,2
"Gene319",0,1,1,1,0,1,0,3,2,1,1,0,1,1,1,1,1,4,1,0,1,2,0,1,2,0,1,1,1,0,1,0,0,1,1,2,0,0,1,0,1,1,1,1,1,0,0,2,2,0,1,2,0,0,1,1,0,1,1,2,2,1,0,0,2,1,0,1,1,1,1,0,1,2,1,3,0,1,0,3,0,0,1,2,2,1,1,1,1,0,4,2,0,0,0,0,1,2,0,0,1,0,0,0,0,2,1,1,1,1,0,1,2,1,1,1,0,2,1,1,0,4,0,0,1,1,0,1,2,1,2,1,0,1,1,2,0,0,0,1,0,1,2,0,1,1,0,0,0,0,2,1,2,2,5,4,1,0,0,0,1,0,0,0,2,1,1,1,0,0,0,4,2,5,1,0,0,1,2,1,1,1,1,2,2,4,1,5,2,1,0,1,0,5,0,2,0,2,0,2,0,0,5,1,0,4,0,4,1,2,1,1,0,1,2,4,2,0,1,0,1,1,1,0,0,4,1,0,2,1,0,4,1,2,1,2,0,1,1,4,2,1,0,2,0,1,1,1,1,0,2,1,0,2,0,2,2,1,1,0,0,0,2,1,1,0,0,1,0,0,0,2,1,2,0,1,0,2,0,1,0,0,1,4,4,1,0,0,1,0,1,1,2,2,4,1,2,0,1,0
"Gene320",2,1,0,0,1,1,1,0,0,0,0,0,0,0,0,0,0,1,0,0,2,2,0,1,1,0,1,0,0,0,2,1,0,0,1,1,0,1,2,1,0,0,2,1,1,2,0,1,0,1,0,1,2,1,0,1,1,3,1,1,0,0,1,1,0,3,2,3,1,1,1,0,1,0,1,1,0,4,2,0,1,0,1,0,1,1,0,1,2,1,0,3,1,1,2,1,2,2,0,0,3,2,1,3,1,2,4,2,2,0,0,0,2,0,0,2,0,1,2,2,1,1,0,0,2,0,1,1,1,0,1,1,1,0,1,0,0,1,0,2,0,0,0,0,1,1,0,0,0,2,0,2,1,1,1,1,0,1,1,2,0,2,1,2,0,2,2,1,0,2,4,1,0,4,0,2,1,1,5,1,0,4,1,0,2,0,1,0,4,1,0,2,1,0,1,1,1,2,2,1,0,0,0,2,1,0,1,1,0,1,0,0,4,0,4,0,1,2,1,2,0,2,2,2,0,4,1,4,0,0,2,0,0,2,1,1,1,0,2,1,0,0,1,0,1,2,1,1,1,0,4,1,2,1,1,1,0,5,0,2,0,1,0,1,0,0,1,0,0,2,0,0,1,4,1,1,0,1,0,0,2,0,1,0,5,0,0,2,1,0,0,0,4,4,2,4,1,0,1,0
"Gene321",2,1,2,4,1,1,2,4,1,0,2,2,1,2,0,0,1,0,0,0,2,0,1,0,3,1,0,1,2,1,1,2,6,1,0,0,1,1,2,1,0,2,1,0,1,0,0,3,0,0,0,0,2,1,0,1,2,0,2,2,3,0,0,2,1,2,2,1,0,1,2,0,1,0,0,0,2,0,3,1,0,3,1,1,1,2,1,0,3,0,1,0,2,1,0,0,0,2,0,1,2,0,0,0,0,0,2,0,0,2,1,2,0,2,0,0,1,0,4,1,0,3,0,1,2,1,0,0,1,2,1,1,2,1,0,0,3,0,0,0,2,6,1,1,1,0,0,1,3,0,2,1,0,2,0,0,1,1,1,5,2,4,0,1,1,0,1,0,0,2,2,0,1,0,1,1,1,0,2,2,0,2,0,1,1,2,2,0,2,2,1,0,2,4,1,0,0,0,4,1,2,2,0,2,2,1,2,1,2,1,1,0,0,1,1,1,1,0,2,0,1,1,2,0,4,0,0,1,4,0,2,2,0,0,0,0,0,0,5,2,2,0,0,1,1,5,1,1,0,0,1,1,5,1,2,2,2,2,1,4,0,1,0,2,5,1,1,1,4,1,0,0,1,2,7,0,1,1,0,1,1,1,4,1,2,4,0,0,2,1,1,1,1,0,1,1,1,0,0,2
"Gene322",0,0,0,1,1,1,1,1,0,1,2,1,2,0,1,1,1,3,0,2,0,0,0,0,1,0,0,2,0,0,2,2,1,0,1,2,1,0,1,1,1,1,2,2,0,0,2,1,1,3,3,0,4,1,1,0,1,0,0,0,1,2,2,0,0,1,2,0,2,0,1,0,0,0,0,2,1,1,0,2,0,2,0,2,0,0,1,0,1,1,2,1,1,1,0,0,0,2,0,0,2,3,0,0,4,1,1,2,1,0,1,0,1,0,0,0,1,0,1,3,1,0,0,0,0,1,0,0,2,2,0,2,0,1,1,2,0,1,0,0,0,2,1,0,2,0,0,0,2,1,1,0,0,4,4,1,0,1,1,0,0,2,0,0,1,1,2,1,1,1,4,1,1,2,1,0,2,5,2,0,0,0,2,1,0,1,1,0,1,1,0,4,1,0,1,1,1,4,0,1,0,1,1,2,0,0,1,4,1,0,4,0,1,2,1,0,1,0,1,0,0,2,0,4,4,1,0,0,1,1,4,1,2,1,4,1,0,0,1,1,0,1,0,2,2,2,0,2,1,0,4,1,0,2,2,0,0,1,2,0,0,1,1,0,1,1,1,0,2,0,2,0,2,4,1,0,0,5,0,1,0,4,1,2,0,0,2,1,1,2,0,4,1,2,1,4,0,0,1,0
"Gene323",0,1,2,0,1,1,1,0,1,0,1,1,1,1,0,2,0,1,0,0,0,0,1,2,1,2,0,4,0,0,2,3,1,0,0,0,3,1,1,1,1,1,1,1,3,0,0,1,2,3,1,2,1,1,1,2,0,1,0,0,2,0,1,0,1,1,0,0,1,1,0,0,1,1,1,1,0,0,3,0,2,1,0,0,0,0,1,1,3,0,1,0,1,0,2,2,0,1,0,0,1,0,0,1,0,1,1,2,3,1,1,0,1,1,2,2,1,1,1,0,0,1,0,1,0,1,0,0,4,2,2,1,5,0,2,0,2,0,0,0,0,1,0,0,2,0,3,2,0,2,0,0,1,0,0,2,1,1,0,1,2,1,0,1,0,0,0,1,1,1,0,1,2,0,0,4,0,2,2,2,2,2,1,0,0,0,1,1,0,1,1,2,2,2,1,2,2,0,1,0,0,2,2,0,2,0,1,0,1,2,1,0,0,2,0,2,0,2,2,2,0,2,0,5,1,4,1,2,2,0,0,0,1,2,2,1,2,0,2,4,1,2,1,0,0,1,1,4,0,4,1,2,2,1,1,2,0,5,0,1,1,1,0,0,2,2,2,2,0,0,1,0,4,1,0,1,1,2,0,1,4,1,1,4,0,0,1,0,2,1,2,0,4,2,0,1,2,2,0,0
"Gene324",1,4,0,2,1,2,0,1,1,2,1,3,2,1,0,1,1,1,1,1,0,1,0,1,3,2,0,0,1,0,0,0,0,1,1,2,1,1,0,1,0,0,2,0,0,2,2,0,1,2,0,0,1,1,1,0,1,0,2,1,1,0,2,0,2,1,0,1,0,0,0,1,0,0,1,0,1,1,1,1,1,1,0,0,0,0,0,2,1,0,2,2,1,1,1,0,1,0,0,1,3,0,1,3,2,1,1,0,2,1,1,1,0,1,0,2,1,0,1,1,1,1,1,1,2,0,0,0,0,1,0,3,0,2,0,0,1,1,2,1,4,0,0,1,2,0,0,0,0,1,2,0,1,4,0,0,0,2,2,1,4,0,1,1,1,1,4,0,1,0,4,0,1,1,1,0,0,1,0,0,2,2,0,0,0,0,1,1,1,0,1,1,2,0,1,1,2,0,1,1,0,0,1,4,0,0,0,4,2,2,4,1,1,5,0,0,0,0,4,1,0,0,1,1,0,1,0,1,1,2,0,0,5,5,0,1,0,2,1,0,1,0,0,0,1,0,0,0,2,1,1,1,0,1,4,1,4,0,1,1,0,0,1,0,2,2,1,0,1,2,0,4,0,0,0,0,0,2,2,0,1,0,0,4,0,2,1,0,0,0,2,0,5,1,1,1,0,1,1,1
"Gene325",0,2,3,1,1,0,1,2,0,1,2,0,1,2,1,3,0,0,1,2,1,1,3,1,0,0,0,1,0,0,1,0,1,1,2,2,1,0,1,1,1,1,0,1,1,1,0,2,0,2,0,0,1,0,1,1,0,3,0,1,1,0,0,1,2,0,1,0,0,0,1,0,0,1,1,0,0,0,2,0,0,3,0,1,0,0,1,0,2,1,1,3,1,3,0,1,3,1,0,3,1,1,0,1,1,1,1,1,1,1,2,0,1,2,2,3,4,1,3,2,3,0,0,0,2,1,0,0,1,2,0,1,1,2,0,2,1,0,1,0,1,0,1,0,1,0,0,2,2,0,2,0,2,1,0,1,2,1,2,0,0,0,0,0,1,0,1,2,5,1,5,0,0,0,0,0,1,1,4,2,1,2,1,0,0,1,0,0,0,2,1,0,1,1,4,2,2,1,0,1,0,2,2,0,2,0,1,1,0,0,1,1,0,2,0,2,2,0,1,4,0,0,2,1,1,0,0,4,0,1,1,1,0,0,2,5,0,2,2,4,2,1,0,2,0,0,1,0,0,1,0,1,0,2,4,6,1,1,0,1,0,1,2,0,2,1,1,2,0,1,0,2,1,1,2,0,1,2,1,2,0,0,0,0,0,1,0,0,2,1,0,1,1,2,0,0,1,0,1,1
"Gene326",0,0,1,2,0,0,1,1,0,1,1,2,1,1,0,0,0,1,1,0,2,0,0,1,2,1,1,1,4,2,1,4,0,2,1,2,0,2,0,1,2,0,0,0,0,3,2,2,2,0,0,3,0,1,2,0,1,2,2,2,0,0,1,2,2,0,2,0,0,0,0,3,0,0,0,0,1,1,1,0,0,1,0,1,1,2,1,0,0,0,3,2,2,1,1,0,0,1,1,2,1,2,0,0,0,0,1,0,0,1,1,3,0,1,1,0,2,1,0,2,2,0,1,1,4,1,1,1,1,0,0,1,0,0,0,0,1,0,0,0,2,2,0,0,1,1,0,0,1,1,0,0,0,0,2,0,0,0,0,2,1,0,2,0,0,2,1,1,0,0,1,2,1,1,1,0,0,0,0,0,0,2,2,0,0,0,1,0,0,1,1,4,1,0,0,1,0,1,4,2,1,0,1,1,1,0,0,4,2,0,2,0,2,4,0,0,0,0,1,1,2,2,1,1,1,1,0,1,0,1,4,1,0,1,1,2,2,1,0,1,0,0,5,2,4,2,0,0,0,1,0,1,1,1,1,0,1,4,1,2,0,1,6,0,1,0,2,1,1,0,0,0,0,2,1,4,1,1,0,1,2,2,1,0,1,1,2,0,0,0,2,1,1,1,0,0,0,1,1,0
"Gene327",5,1,1,0,1,2,0,1,1,3,1,1,0,0,1,0,1,3,2,2,2,0,2,1,2,2,0,0,1,2,3,1,0,0,1,1,2,0,1,1,2,1,1,0,0,1,2,2,0,1,0,1,1,0,2,2,0,1,0,1,0,2,0,0,1,0,1,0,3,1,1,1,2,1,1,0,3,0,0,0,1,1,2,1,3,2,0,2,1,1,0,1,0,2,1,0,1,0,1,0,2,0,2,1,0,1,1,0,0,1,2,2,1,2,2,3,3,1,0,3,1,3,2,0,0,0,1,0,2,0,1,0,0,2,1,0,1,1,0,2,1,1,2,0,0,1,1,0,2,1,0,1,5,2,1,1,2,4,5,2,1,4,0,1,0,2,0,1,0,5,1,1,1,0,1,1,0,4,2,6,0,1,0,1,0,1,1,0,1,2,0,0,1,0,0,0,1,1,1,1,1,0,1,0,1,4,2,1,4,0,0,0,0,0,1,0,1,1,0,1,1,0,2,0,1,0,1,4,0,0,0,1,1,0,0,1,1,0,0,0,4,1,2,2,1,0,4,0,1,0,0,0,4,1,1,2,0,0,1,2,4,0,0,4,2,0,2,0,1,1,4,1,1,1,2,0,1,2,2,0,2,0,0,2,0,1,1,0,0,0,1,1,0,2,1,1,4,0,0,1
"Gene328",0,0,1,2,0,0,2,1,1,0,1,0,2,1,1,1,1,1,4,1,2,2,0,0,2,1,1,3,0,1,1,1,2,1,0,0,2,0,0,0,1,0,1,2,0,1,0,1,0,1,0,2,1,0,1,4,1,0,1,3,0,0,1,1,0,0,1,2,1,0,0,0,3,1,1,1,1,3,2,1,0,1,1,0,0,0,2,0,2,0,2,1,0,0,1,2,2,0,1,2,3,0,0,2,2,2,0,0,2,1,2,1,1,2,3,2,1,0,3,0,1,1,1,0,1,0,1,1,2,5,0,3,0,1,0,0,2,0,1,1,2,0,1,0,4,0,1,1,0,0,0,0,0,0,2,1,1,1,0,0,2,1,1,2,0,1,1,1,1,0,1,2,0,0,0,2,1,1,2,1,1,4,2,2,2,2,1,0,1,2,0,4,1,0,1,2,4,4,0,2,1,2,0,0,0,0,0,1,2,2,2,1,0,0,2,1,1,2,2,2,1,6,0,0,0,2,0,0,0,2,1,0,0,0,1,2,1,1,0,1,2,1,0,4,1,1,2,1,1,0,1,2,0,1,2,2,0,0,4,1,1,0,0,0,2,1,2,0,1,2,0,1,0,1,2,2,0,1,1,1,1,1,2,1,1,4,0,4,0,0,0,0,5,6,0,0,1,1,0,2
"Gene329",0,0,0,1,0,1,0,1,1,0,0,0,1,1,2,1,0,1,1,1,1,2,1,1,1,2,0,0,2,1,0,0,2,2,1,3,0,2,1,0,1,2,2,0,1,1,0,0,1,0,0,1,2,0,1,0,0,2,2,1,1,1,1,0,2,2,1,3,1,2,1,1,1,2,0,0,1,2,0,3,0,0,1,0,1,3,1,0,0,2,0,0,0,1,0,2,1,1,1,0,1,0,0,1,1,1,1,0,1,0,0,0,1,1,0,1,0,1,0,2,2,1,4,2,2,1,1,1,2,1,1,1,1,3,2,0,1,0,0,0,2,3,1,1,2,0,0,2,1,1,2,0,0,1,2,4,2,2,0,0,1,1,0,2,1,2,4,1,4,2,1,1,0,2,1,4,2,1,1,2,0,2,0,2,1,4,2,0,1,0,2,0,1,1,1,1,1,0,0,1,2,1,4,0,0,0,1,1,0,4,1,1,0,0,6,2,2,1,0,0,0,0,1,0,2,0,0,0,2,1,1,1,1,1,1,2,1,1,0,4,1,0,0,1,1,0,1,4,4,4,0,0,1,0,5,1,1,0,0,0,1,2,2,2,0,2,4,0,1,2,2,1,2,1,0,1,1,1,0,2,1,1,1,1,2,1,2,0,0,0,0,1,1,0,0,2,4,1,0,2
"Gene330",2,1,1,2,1,1,1,0,0,1,1,1,0,1,0,0,0,0,1,2,0,1,0,2,0,4,0,2,2,0,0,1,3,2,2,0,1,0,1,3,1,2,1,1,2,2,0,3,3,0,3,1,0,2,1,1,0,0,0,1,0,2,0,0,1,2,1,0,2,1,0,1,1,0,0,1,0,0,0,0,2,0,1,1,1,1,3,0,2,2,0,0,1,0,0,2,1,2,5,1,1,0,1,1,2,1,1,0,1,0,1,0,1,1,0,2,0,0,2,4,0,1,1,2,1,1,0,2,0,2,0,1,0,3,0,4,2,1,0,0,2,0,2,2,0,2,0,0,0,0,0,2,0,0,2,1,0,5,2,0,0,0,1,1,1,0,0,0,0,2,0,0,0,2,0,1,0,0,0,2,4,0,1,2,1,2,0,2,1,0,1,0,1,0,1,0,0,1,0,0,1,0,0,0,0,1,2,0,4,1,2,1,2,0,1,1,1,0,0,1,1,0,1,1,1,1,0,0,1,2,1,1,1,0,1,1,0,0,2,1,1,0,1,0,1,0,1,1,0,1,0,0,0,0,2,1,1,4,1,0,1,0,2,1,1,0,5,1,0,1,1,0,0,0,1,2,0,2,0,2,1,2,0,0,1,0,2,0,0,0,0,1,1,1,1,1,1,0,0,0
"Gene331",1,0,1,2,0,1,0,2,0,0,1,0,0,1,2,2,1,0,0,3,0,0,0,0,0,0,1,0,0,1,2,0,1,1,0,2,1,3,0,2,1,0,0,1,3,0,0,1,1,1,0,0,3,0,3,1,0,2,0,1,0,0,1,1,0,3,0,3,1,2,0,1,0,0,2,0,0,1,3,3,1,1,0,1,2,0,1,1,0,0,0,0,2,0,0,0,2,2,2,0,0,0,0,1,2,1,0,0,2,0,1,1,0,1,1,0,2,1,3,2,1,1,0,1,0,0,1,2,2,0,0,1,2,1,0,0,1,0,1,2,0,1,1,1,1,0,1,0,0,2,0,2,2,2,1,1,0,0,0,0,2,1,2,0,1,2,5,2,2,1,0,1,0,0,0,0,1,4,2,0,5,1,1,4,0,2,0,2,2,2,1,2,0,0,0,0,0,0,1,0,0,0,0,4,0,1,2,4,1,5,0,0,1,0,0,0,1,1,0,1,4,1,0,2,0,1,5,1,0,2,2,1,0,0,0,1,0,0,2,0,0,0,2,1,0,2,4,2,2,0,1,1,0,0,1,2,1,1,0,0,1,1,0,0,1,0,1,2,2,0,1,1,0,0,0,0,1,1,0,1,5,1,1,0,2,1,2,2,1,2,5,1,1,0,2,4,2,0,1,2
"Gene332",0,2,0,1,0,1,0,0,3,0,1,1,2,3,3,0,0,1,2,0,3,2,1,1,1,1,1,1,0,0,2,1,0,3,0,1,1,2,2,0,1,1,0,0,1,1,3,0,0,1,0,1,0,3,1,2,0,3,1,2,1,1,1,0,4,1,1,0,0,2,0,1,3,1,0,0,1,1,0,4,1,2,0,1,1,2,2,0,0,1,1,0,2,0,0,0,2,2,0,1,0,1,0,3,1,1,2,4,1,2,0,1,2,0,1,2,3,1,2,1,1,0,2,3,0,0,1,0,2,0,0,1,2,1,0,0,1,2,1,1,0,1,1,1,2,0,0,4,0,2,2,1,6,0,2,0,2,0,0,2,0,0,0,1,1,0,1,0,0,4,0,2,0,2,0,0,1,0,1,2,1,1,0,1,1,0,1,0,0,1,0,0,1,2,2,0,0,1,1,0,0,1,2,1,2,0,0,0,1,2,0,1,0,1,1,0,0,0,2,2,0,1,2,1,0,1,5,0,1,2,4,0,0,0,1,0,1,2,1,0,0,0,1,0,1,1,2,2,0,0,2,2,0,0,0,1,0,2,0,5,1,0,1,0,0,1,1,5,2,1,0,2,0,0,1,4,5,0,0,1,1,1,0,1,0,1,0,2,0,1,2,2,0,2,1,0,2,1,0,2
"Gene333",2,1,1,3,1,1,2,1,1,0,1,1,0,0,1,0,0,1,2,3,1,0,2,1,1,2,0,2,3,0,1,2,1,1,1,0,2,2,1,1,1,0,0,0,0,1,0,1,1,0,2,3,0,0,1,3,0,0,0,1,1,3,0,2,1,1,0,1,0,1,0,0,0,1,0,0,1,2,1,0,0,0,2,2,0,2,1,1,0,0,0,1,0,1,1,1,2,1,0,1,2,2,0,1,3,0,0,0,0,1,2,2,0,0,0,0,2,1,3,2,1,2,0,0,0,0,1,1,0,1,1,1,1,0,2,0,1,1,0,0,2,1,2,1,1,3,0,2,1,4,1,0,0,0,1,0,1,0,2,0,1,2,2,1,0,0,0,0,1,1,0,1,0,0,2,0,2,1,2,1,4,2,0,2,0,0,1,1,0,1,0,1,1,1,2,1,0,0,0,1,0,0,0,1,1,1,1,2,0,0,2,1,1,5,2,1,0,0,0,0,0,4,0,0,0,1,0,5,2,4,1,0,4,1,1,0,4,0,0,0,0,0,4,0,5,1,1,1,2,0,0,2,4,0,0,1,1,0,2,1,1,0,0,0,0,1,1,0,0,1,2,0,0,0,2,0,2,2,1,0,0,5,0,1,0,4,1,0,2,1,0,0,0,2,0,0,1,0,0,2
"Gene334",2,1,1,0,1,2,1,1,1,0,1,0,1,0,3,0,0,1,0,1,0,1,0,1,2,0,0,0,0,1,1,1,1,1,1,2,1,1,0,1,0,0,1,2,5,2,2,0,3,0,0,2,0,2,0,0,0,1,1,1,0,0,2,4,1,2,0,1,0,0,4,1,1,1,0,0,0,1,3,4,3,0,3,1,1,0,0,2,0,0,1,1,3,0,1,0,4,0,2,0,2,1,2,1,0,2,0,1,1,1,2,3,0,0,1,1,0,2,1,2,1,0,0,0,0,2,0,1,2,3,1,0,0,0,3,2,1,3,1,1,0,1,1,5,0,1,0,2,1,1,0,2,1,1,0,1,1,2,0,1,0,1,0,2,1,2,0,2,1,1,0,2,2,0,0,1,0,0,4,4,0,1,0,4,0,0,0,0,2,0,2,0,2,5,1,0,0,0,1,1,0,2,2,1,2,0,0,1,0,1,1,1,1,1,1,1,0,1,4,0,0,0,1,5,1,0,1,1,0,2,0,1,1,1,2,0,0,0,2,1,2,0,4,2,1,1,0,2,2,0,5,2,1,1,1,0,0,0,0,2,1,1,1,1,1,2,1,2,1,5,5,1,1,4,1,1,0,0,2,1,1,0,2,1,4,1,2,1,0,1,2,1,0,2,1,2,0,1,1,0
"Gene335",0,1,1,0,2,1,2,0,0,1,2,1,1,1,2,0,0,0,2,2,0,1,2,0,0,1,3,0,1,1,4,0,1,4,0,2,1,0,2,1,1,0,0,0,4,1,0,2,0,2,0,1,1,1,1,1,0,0,0,2,2,1,0,1,1,2,3,0,1,2,1,3,1,0,0,2,1,0,1,2,0,2,1,3,1,2,2,0,1,2,2,0,3,1,1,0,0,0,1,1,0,2,2,1,0,0,1,0,2,0,0,2,1,1,2,2,0,0,1,2,0,1,0,2,2,1,2,0,0,3,0,2,1,2,1,2,1,1,0,1,0,0,1,2,0,3,0,0,0,1,4,2,0,0,4,0,1,0,1,1,0,4,1,1,1,1,0,7,1,1,1,0,4,0,0,1,1,1,0,1,1,0,1,2,1,0,1,1,0,1,4,1,0,0,0,0,1,1,2,1,2,1,1,0,2,0,0,0,2,1,2,1,4,1,2,0,0,0,1,1,0,4,1,2,0,5,2,4,0,0,0,1,0,0,5,1,4,2,1,2,0,1,0,0,1,2,2,1,0,1,1,2,2,1,1,0,0,0,1,0,1,1,1,2,1,1,0,0,0,1,2,1,1,4,1,0,1,1,0,0,0,2,4,0,2,0,0,0,0,2,0,2,0,2,2,0,0,1,1,4
"Gene336",1,1,0,0,0,1,0,3,1,0,1,1,1,1,3,1,2,1,1,0,0,1,3,1,1,0,1,1,2,0,0,0,0,0,0,2,3,2,1,1,0,1,2,1,0,0,1,1,1,0,1,1,0,1,0,2,0,0,0,1,0,1,1,0,1,1,3,3,1,1,2,0,1,2,3,0,2,3,0,0,0,0,2,1,1,0,1,3,1,0,0,2,1,0,3,1,1,0,1,0,0,0,0,2,0,0,2,1,0,3,3,2,0,3,3,0,0,2,1,1,1,1,2,2,0,1,0,0,4,1,1,2,1,1,2,1,0,0,0,0,0,0,0,0,0,1,1,1,0,0,0,1,0,0,1,0,0,1,1,0,1,0,0,0,0,1,2,0,1,4,1,0,4,0,0,1,1,6,1,0,1,5,1,1,1,1,2,2,1,0,0,1,2,0,4,0,2,0,1,1,0,0,0,0,0,1,2,1,1,1,1,2,1,2,0,1,1,1,0,0,0,0,1,2,5,0,1,4,1,2,0,2,1,0,0,1,4,6,0,1,1,5,1,0,6,0,2,1,0,2,0,1,0,0,1,0,0,2,1,2,1,1,1,0,1,0,0,0,1,2,2,1,2,5,2,1,2,0,1,0,0,4,0,0,1,0,0,2,2,1,1,0,1,0,0,1,0,1,1,2
"Gene337",1,1,1,1,0,2,1,0,1,1,1,0,1,1,0,0,1,1,0,0,3,4,0,2,0,1,2,2,1,0,1,1,0,2,1,0,1,0,0,0,2,0,1,1,1,1,0,0,2,1,1,1,1,2,2,1,0,1,0,2,1,1,1,0,2,0,0,0,1,0,2,1,1,2,3,0,1,1,1,2,2,2,0,3,1,3,2,0,2,3,0,1,1,2,2,1,0,1,0,1,1,3,3,1,0,2,2,0,0,2,1,1,0,0,0,1,0,1,0,3,1,0,1,2,2,1,0,0,0,1,0,0,2,0,1,1,4,0,1,4,1,2,0,1,0,1,1,1,3,0,2,2,2,4,2,1,0,4,0,0,1,0,1,0,1,0,5,1,0,1,4,1,1,0,1,6,2,0,1,0,1,1,2,0,0,1,1,0,2,1,0,4,1,2,2,1,0,0,0,1,1,1,2,0,1,2,0,0,0,1,0,2,1,1,2,2,0,0,4,1,2,1,2,0,4,0,1,0,4,0,0,2,2,1,2,4,1,0,0,0,0,0,1,0,2,2,1,1,0,2,1,2,0,2,2,2,0,1,4,1,1,0,2,1,0,1,2,1,1,1,4,2,0,0,1,2,0,1,1,1,0,1,5,0,0,0,0,5,0,1,1,0,1,1,0,1,2,2,0,1
"Gene338",1,1,2,0,3,1,1,0,0,2,0,0,3,0,2,0,2,1,2,1,1,2,1,0,0,0,1,4,1,0,1,0,1,1,1,1,3,0,0,1,0,2,1,0,3,0,1,1,2,3,1,1,2,4,1,1,3,1,0,1,0,1,0,0,0,0,0,1,1,2,1,1,0,0,2,2,1,0,2,0,3,1,1,0,1,1,0,1,1,2,2,2,1,1,0,3,1,2,3,1,0,0,1,2,1,1,2,2,2,1,1,0,0,1,2,0,1,0,0,0,1,0,1,1,2,0,1,0,1,0,0,2,3,0,2,1,0,1,3,4,1,0,3,2,1,1,0,1,2,0,1,0,1,0,1,1,1,1,1,2,2,1,0,0,1,1,0,2,2,0,2,1,1,1,5,1,2,0,0,0,1,0,4,0,0,1,1,0,1,1,0,4,1,4,1,1,1,0,0,1,1,0,0,1,0,0,1,4,1,2,1,0,0,0,1,0,1,1,0,0,2,4,5,0,1,0,1,0,4,1,0,1,1,1,4,2,1,1,4,1,0,2,1,1,4,1,2,1,1,1,0,2,2,0,0,2,4,1,1,1,1,1,0,0,1,1,0,1,0,2,0,2,0,0,2,2,2,0,1,1,1,0,1,0,0,1,0,1,0,0,0,1,1,1,1,0,0,5,2,4
"Gene339",1,0,2,3,3,2,3,2,1,1,0,2,0,2,0,2,2,0,1,3,0,0,2,4,1,3,1,1,2,1,1,0,0,0,0,1,1,3,2,2,2,2,1,4,1,0,1,0,1,0,2,2,0,1,0,0,0,0,1,1,1,0,2,0,6,1,0,0,1,2,1,0,2,3,2,0,2,1,0,0,0,3,1,0,2,2,0,3,1,2,1,0,0,1,2,3,2,1,0,1,2,0,0,2,1,2,0,1,1,0,1,2,2,1,0,0,0,4,0,2,1,2,0,0,2,1,0,0,1,1,1,0,0,0,1,0,1,1,0,1,2,0,0,1,0,0,2,0,1,0,0,1,1,2,0,1,2,1,5,1,0,1,1,0,2,0,0,2,4,1,1,2,1,1,2,0,4,2,4,1,0,0,2,0,1,1,1,2,0,2,1,2,1,0,0,1,1,2,0,1,1,0,1,0,7,1,4,1,1,0,1,1,2,2,2,0,0,1,2,2,0,0,0,2,0,1,1,1,1,5,0,0,1,0,0,4,4,0,1,1,0,2,0,0,0,1,0,1,0,0,1,5,1,0,1,4,1,1,1,1,1,0,0,2,0,1,1,2,2,0,0,2,1,0,0,2,0,1,2,1,0,2,2,2,1,1,1,0,1,0,1,4,0,1,0,1,1,0,1,1
"Gene340",3,0,1,2,3,2,1,1,0,1,0,1,1,0,0,3,5,0,2,1,0,0,0,3,3,0,0,2,1,0,0,1,0,1,1,2,1,2,2,2,0,1,1,1,2,2,1,1,1,2,0,2,0,1,2,2,2,1,1,1,4,0,0,1,1,1,1,0,1,3,0,1,0,1,0,1,0,0,0,2,0,1,1,1,0,0,4,2,0,2,1,0,0,0,2,0,1,0,1,1,1,0,2,0,2,0,0,1,1,2,2,0,0,1,1,1,0,1,1,1,0,2,3,2,2,2,1,1,1,1,0,1,0,0,2,0,2,0,2,1,0,0,2,1,0,1,1,2,2,0,2,1,1,2,4,1,0,4,1,4,1,1,1,1,1,0,0,0,4,0,0,2,1,2,0,0,1,1,4,1,0,4,0,0,0,1,0,1,0,0,0,1,1,1,0,0,2,0,0,0,0,1,1,1,1,0,1,1,1,1,1,1,2,0,0,1,0,0,0,1,1,0,2,0,2,1,2,0,0,1,1,0,0,2,2,1,5,0,0,4,1,1,2,0,0,1,0,1,4,1,0,0,5,2,0,0,4,0,1,1,1,0,0,0,1,1,2,1,5,0,2,1,0,2,5,2,0,2,1,0,0,4,0,1,0,1,2,0,4,1,0,1,1,0,1,1,0,0,0,1
"Gene341",1,3,0,0,1,1,0,0,1,0,1,2,1,2,0,0,1,1,0,1,2,0,2,1,0,2,0,0,2,0,0,1,1,2,1,1,0,2,0,3,1,1,0,0,1,3,1,2,1,0,1,2,2,2,1,0,0,0,0,2,2,0,1,0,1,0,1,0,1,0,2,1,0,0,0,2,1,1,0,0,0,1,2,0,0,0,0,2,1,0,1,1,1,1,2,0,2,1,1,2,1,0,0,1,2,1,2,1,0,0,2,2,2,0,3,1,0,0,1,3,0,0,2,1,2,0,0,3,2,2,1,0,1,0,0,1,0,1,1,1,3,2,3,0,1,2,0,1,2,2,1,1,0,1,0,1,1,0,0,0,1,1,0,1,1,1,4,0,1,2,0,0,1,0,0,1,0,1,0,0,1,2,4,0,1,2,4,1,1,1,1,0,4,1,0,2,1,2,4,2,1,0,5,1,1,5,1,1,0,2,0,1,0,0,0,0,1,2,1,1,1,0,4,2,0,1,1,2,1,1,2,1,2,2,0,0,1,0,1,1,2,1,5,1,5,1,4,2,1,2,1,2,2,1,2,0,0,4,0,0,0,2,0,2,2,2,0,1,2,1,1,2,0,2,2,1,0,2,0,0,1,2,2,0,0,2,1,2,0,0,0,1,1,4,4,0,0,1,0,1
"Gene342",0,2,1,1,0,1,3,0,3,1,1,2,2,1,2,1,0,0,0,1,2,2,1,1,2,0,3,2,0,1,4,1,3,3,0,1,1,0,1,0,0,3,1,0,1,3,0,0,1,1,0,2,2,1,0,0,1,1,0,0,2,0,1,1,0,0,0,0,2,1,1,0,1,1,1,0,1,0,1,2,1,0,1,0,0,0,0,3,2,0,4,3,0,3,2,0,2,1,0,1,0,4,1,2,1,1,1,0,0,1,1,1,0,1,0,1,2,1,0,1,2,1,1,1,0,1,0,0,1,1,2,1,0,1,1,0,3,1,0,1,1,0,0,0,2,2,2,1,1,1,0,1,0,0,0,0,1,0,5,2,1,1,1,0,0,1,0,1,1,0,4,1,0,2,0,1,0,2,0,2,1,1,0,0,1,5,0,1,0,1,0,2,1,1,2,0,1,0,0,0,1,1,0,1,1,0,1,0,4,2,1,0,1,1,2,1,4,0,1,0,1,0,0,0,0,0,1,1,0,5,1,1,1,1,0,1,1,1,2,2,1,0,1,5,0,1,0,2,1,2,0,0,0,1,1,0,1,0,2,0,4,0,2,1,1,1,1,1,0,2,2,2,1,0,4,4,2,0,2,1,0,4,1,1,1,0,0,0,1,2,2,2,0,2,0,2,1,0,1,2
"Gene343",1,1,1,1,2,2,2,2,0,0,0,0,0,0,1,1,0,3,3,1,1,1,1,2,0,0,3,0,0,1,0,0,2,0,0,0,0,2,2,3,0,1,0,2,2,2,0,0,0,0,1,1,3,1,1,1,1,3,3,0,0,0,0,1,0,1,1,2,0,1,5,1,2,0,2,0,0,0,0,0,3,2,1,0,2,2,1,0,1,0,2,1,0,3,2,2,0,5,0,1,1,4,0,0,1,2,2,0,1,4,1,1,0,0,0,0,2,0,1,0,1,1,1,0,2,1,2,2,0,1,1,2,1,1,1,0,3,1,1,2,0,1,1,2,0,0,2,3,0,1,0,1,0,2,0,0,0,0,4,0,2,1,4,0,0,2,1,4,2,4,2,0,4,1,0,2,0,1,0,2,0,0,1,0,4,0,2,1,0,1,2,4,0,1,2,0,2,2,0,0,0,1,2,1,0,4,2,0,2,0,0,1,2,1,0,2,1,1,1,2,1,0,1,1,1,1,1,1,2,0,0,4,1,1,2,0,0,2,2,2,0,0,1,2,1,1,1,2,2,2,1,0,1,0,0,1,1,0,1,1,1,0,1,1,0,0,1,1,1,1,1,0,1,1,1,1,2,2,1,2,0,2,2,1,0,1,1,1,6,2,5,1,0,0,1,2,1,1,2,1
"Gene344",0,0,0,2,3,1,1,0,1,0,0,1,0,0,2,0,0,0,0,0,2,0,3,4,2,1,2,3,0,3,0,1,1,0,3,0,1,1,0,1,1,2,1,0,0,2,2,1,0,3,0,0,2,3,2,3,3,1,1,1,0,1,0,1,2,3,1,1,3,2,2,1,2,0,1,2,2,1,0,3,1,1,2,1,0,1,0,0,2,0,1,0,2,2,0,1,2,0,2,1,1,2,0,0,1,2,0,1,0,0,0,2,1,1,0,0,1,0,1,1,1,2,1,1,2,2,0,0,2,0,2,0,2,0,0,0,0,0,1,2,0,1,3,1,2,1,1,1,2,0,1,1,0,1,1,0,1,1,1,0,0,1,0,0,2,2,4,0,1,4,2,0,1,0,0,2,1,0,0,2,0,4,1,2,0,2,0,1,1,0,1,1,1,0,0,1,0,0,2,0,1,1,2,0,1,2,1,4,2,0,2,1,1,0,1,0,1,0,1,0,0,2,1,0,0,2,4,2,1,2,1,2,1,0,0,2,1,4,0,0,2,2,1,0,0,2,0,1,1,5,4,0,0,1,4,2,2,0,1,0,2,0,1,1,5,1,2,2,1,2,0,0,0,0,2,1,0,4,0,0,0,0,1,2,1,2,0,1,1,1,0,1,2,1,2,0,1,0,2,2
"Gene345",1,1,1,1,0,1,1,0,0,0,0,1,0,1,2,2,0,2,1,1,2,2,4,1,0,0,1,0,2,0,0,1,1,5,1,0,0,3,2,0,1,2,0,0,0,1,3,0,0,1,0,1,3,1,0,1,0,1,1,0,3,1,0,1,1,0,0,0,2,0,4,2,1,1,2,2,0,1,0,0,1,0,0,0,1,1,1,1,0,0,1,0,0,1,2,3,1,3,2,0,2,0,2,0,0,1,2,2,2,0,0,1,4,2,3,2,1,1,0,1,2,1,1,0,2,0,0,4,1,1,0,3,1,0,0,0,0,1,0,2,1,1,1,0,0,0,2,0,0,0,4,1,0,0,1,0,0,0,1,1,1,0,1,1,1,2,2,0,0,1,1,0,2,1,0,0,0,0,1,2,1,1,1,0,1,0,0,0,1,2,1,1,1,5,0,1,2,0,1,1,0,1,0,0,0,2,5,1,1,2,1,1,1,0,0,2,0,0,0,2,4,0,0,1,0,0,1,1,1,1,0,0,0,2,0,4,0,0,1,0,1,2,0,2,4,1,0,0,1,1,0,0,2,0,1,0,2,2,2,0,0,1,2,0,0,5,2,0,2,0,0,0,1,2,1,0,4,1,1,1,4,0,1,1,1,2,0,0,2,1,0,0,2,2,1,2,2,4,0,0
"Gene346",1,0,3,0,0,1,2,1,1,1,0,1,0,1,2,1,1,0,1,0,0,1,1,0,1,0,2,0,0,1,0,1,3,1,1,0,1,1,2,1,1,1,0,0,0,1,3,1,1,1,0,0,1,0,0,0,1,3,1,0,0,0,1,1,0,0,1,2,1,0,0,0,2,1,1,1,3,0,1,2,1,1,4,2,1,0,1,1,1,0,4,2,0,1,0,2,1,1,2,2,1,1,1,1,0,2,0,1,1,4,0,2,3,1,1,0,1,0,0,3,1,0,1,0,0,2,2,0,0,0,0,2,1,0,1,2,1,0,2,2,0,1,3,1,0,0,1,1,2,2,4,1,2,2,1,0,0,0,4,2,0,1,0,2,1,0,2,2,1,2,0,1,2,0,0,0,0,1,1,0,0,1,1,0,1,0,0,4,1,0,0,0,0,1,0,0,1,0,0,0,0,0,0,1,1,2,1,2,1,0,1,0,1,0,1,4,1,2,1,1,1,2,5,0,1,4,1,1,0,0,2,1,1,1,2,0,1,0,0,1,1,0,1,1,1,0,0,1,0,1,1,1,1,0,1,1,0,0,2,2,1,1,1,0,1,4,1,0,0,0,0,1,0,1,0,0,1,2,0,1,1,2,0,1,1,4,2,1,1,1,0,0,2,4,1,1,0,5,0,1
"Gene347",4,2,0,1,1,2,0,1,0,1,0,2,2,2,2,1,2,1,2,1,2,1,2,2,1,1,1,1,0,1,1,1,1,3,1,1,0,0,0,1,0,2,2,0,3,1,0,2,0,0,2,2,1,0,1,3,1,1,1,0,0,0,0,1,0,0,0,1,4,0,1,0,0,3,0,0,1,2,1,0,0,1,1,1,0,1,0,2,2,0,0,1,2,0,1,2,1,1,2,1,2,0,0,0,1,0,2,2,0,1,0,1,0,0,0,2,0,0,1,1,0,2,1,1,2,1,2,1,0,1,1,1,3,1,0,1,0,1,0,2,1,0,1,0,2,0,2,0,0,1,0,2,1,1,1,0,0,1,2,0,0,1,1,0,0,0,0,0,0,0,1,0,1,1,1,2,1,2,2,1,1,1,1,4,0,1,1,2,1,0,0,4,4,1,0,2,2,2,0,1,1,0,1,0,2,0,0,5,2,1,1,2,1,1,2,2,2,1,1,1,1,1,0,2,1,1,2,1,1,2,1,0,0,0,1,1,0,2,4,2,0,0,2,1,0,1,1,1,1,1,1,1,0,0,4,2,1,2,1,1,1,4,0,4,0,5,5,2,0,1,1,1,0,2,1,1,2,1,1,1,2,2,5,2,1,1,0,2,0,2,0,2,6,2,0,1,1,0,0,0
"Gene348",1,0,1,0,0,0,2,1,1,1,1,3,1,0,2,1,1,1,1,1,2,2,1,1,0,1,1,1,0,0,0,2,1,1,0,2,1,3,0,0,0,1,0,4,0,1,0,1,2,0,0,1,2,0,2,2,1,0,2,1,1,1,1,1,2,0,2,2,5,2,0,1,1,2,0,0,2,0,1,1,1,0,0,2,1,0,1,1,1,0,0,2,2,1,1,0,3,3,2,1,1,0,0,2,0,0,1,1,3,1,1,1,2,0,1,1,0,3,2,3,0,0,1,1,1,2,0,1,1,1,0,1,1,1,0,1,3,0,0,1,2,1,1,1,1,2,0,0,1,1,1,2,2,0,0,1,2,0,1,1,2,1,0,1,0,0,0,4,0,0,0,0,1,0,2,1,0,4,1,0,1,4,2,2,0,1,2,2,2,1,0,1,0,1,0,1,1,4,1,0,1,2,1,1,0,4,2,1,1,2,1,2,1,0,2,0,0,0,2,1,1,1,5,1,0,4,1,0,1,0,0,1,2,1,0,2,0,0,0,0,2,1,0,4,1,5,1,0,1,1,0,0,1,2,1,1,0,1,0,0,0,0,1,1,4,4,1,0,2,4,1,2,0,1,0,1,1,1,0,0,4,4,2,0,2,0,2,0,4,4,1,2,1,2,0,1,4,1,0,1
"Gene349",0,0,1,2,1,0,2,1,0,3,0,2,0,1,3,1,1,1,1,0,0,1,0,0,1,1,0,0,2,0,1,1,0,0,0,1,2,0,0,0,3,0,0,0,3,0,0,0,0,0,2,1,3,0,0,0,0,3,2,0,0,0,0,3,2,1,0,1,0,1,0,1,1,1,1,2,1,1,2,3,0,2,1,0,0,0,2,0,1,0,0,1,2,1,0,2,0,1,2,0,0,1,1,3,1,0,2,3,0,2,0,1,2,2,0,2,0,0,2,1,1,1,1,2,1,2,2,0,0,1,1,0,3,2,2,1,0,2,2,1,2,2,0,2,1,0,1,0,1,1,0,0,1,2,1,1,0,1,1,2,0,1,0,2,0,0,1,4,0,1,2,0,1,2,1,4,0,0,1,0,1,0,1,2,1,0,0,0,2,4,1,2,1,1,1,0,1,2,0,4,1,1,2,1,1,2,0,0,4,1,0,1,0,2,0,1,0,2,4,1,4,1,2,4,4,0,1,2,1,1,1,2,0,1,2,0,1,4,0,0,0,0,0,0,0,4,1,0,0,0,1,0,1,2,1,2,1,0,2,0,2,0,2,2,0,0,0,2,1,1,1,1,0,1,2,1,1,2,0,1,0,1,4,0,0,0,0,0,0,2,1,0,1,4,1,4,0,2,1,1
"Gene350",1,0,1,0,1,0,1,2,0,1,0,3,0,2,1,2,0,1,0,2,1,1,0,2,1,1,0,0,1,0,1,0,2,0,1,1,2,1,1,1,2,2,1,1,0,0,1,0,1,2,1,0,1,1,1,1,0,2,0,0,1,0,2,2,2,0,2,0,0,2,0,0,1,1,4,1,0,0,3,0,2,2,1,0,1,0,1,1,1,1,1,1,0,0,1,0,3,2,3,2,2,0,0,1,1,0,0,1,1,1,3,0,1,0,1,2,1,0,0,1,0,1,3,1,2,1,0,2,2,0,2,0,0,1,4,1,2,0,0,3,1,0,0,1,0,1,1,1,1,0,4,0,1,1,2,1,4,2,0,0,2,0,1,4,4,1,1,0,1,0,0,1,1,1,2,1,1,1,0,1,0,1,2,1,0,1,0,2,1,0,0,0,0,0,1,0,1,0,1,0,1,1,1,1,0,2,0,2,0,1,0,2,1,0,0,0,1,1,0,0,4,2,0,0,1,0,1,1,0,2,0,0,2,1,2,2,1,2,2,1,1,1,0,2,1,0,1,0,6,4,1,1,1,0,1,2,1,1,4,5,2,0,0,0,1,1,0,4,4,1,4,2,0,0,0,2,1,0,1,2,1,2,2,0,0,2,0,0,1,1,1,1,2,0,1,1,2,2,0,1
"Gene351",0,0,0,2,2,3,2,2,0,0,2,0,0,1,1,3,2,1,1,2,1,2,2,0,1,2,2,0,0,0,0,1,2,0,0,0,0,0,1,1,1,1,1,1,3,1,0,1,1,1,1,2,1,1,0,1,1,2,0,2,1,0,1,2,1,0,1,0,1,2,1,1,1,1,0,0,0,1,0,1,0,0,1,3,1,2,0,1,1,0,0,0,1,4,2,0,0,1,1,1,2,4,1,0,1,0,1,3,2,2,1,3,2,0,2,4,2,3,0,1,0,1,1,3,0,1,0,2,1,2,0,0,0,1,1,0,1,1,0,0,0,0,0,2,1,0,1,0,1,0,1,4,1,1,5,0,1,2,0,2,1,1,0,1,1,0,1,0,1,2,4,0,1,1,1,2,1,2,2,0,4,0,0,1,0,0,1,2,2,1,1,1,0,0,1,0,0,1,6,2,1,1,1,1,0,0,1,1,1,0,0,0,0,0,1,2,1,1,1,1,0,0,1,0,0,0,0,0,0,2,0,4,1,0,1,2,1,1,1,1,2,1,5,0,4,1,4,0,2,1,1,1,0,1,0,2,1,0,0,4,1,2,0,0,1,1,1,2,1,0,1,0,1,5,0,0,4,0,1,2,0,1,4,1,0,2,0,2,1,1,1,0,0,1,1,0,1,0,1,1
"Gene352",3,1,0,2,2,0,0,0,1,2,0,0,2,0,0,2,1,2,0,0,1,1,1,3,1,1,2,1,0,0,0,2,2,1,1,0,1,2,0,0,0,0,0,0,2,2,2,1,0,0,2,0,1,0,1,0,1,3,0,1,2,0,0,0,0,0,2,1,1,2,1,1,0,2,0,1,1,1,2,0,3,0,0,1,1,1,0,2,0,2,2,2,1,0,3,1,3,1,0,1,0,3,2,1,2,0,2,0,0,4,1,3,4,0,2,1,1,0,1,3,1,0,0,1,1,0,1,0,0,3,2,3,1,2,1,0,1,2,4,0,0,0,1,1,1,0,0,0,0,0,0,2,1,2,2,0,1,1,0,1,1,0,4,0,2,2,2,1,2,0,4,4,0,1,0,0,0,1,1,2,0,1,0,0,1,1,2,1,1,0,0,0,4,1,2,1,2,5,1,1,2,4,4,2,1,1,1,1,0,1,0,0,2,0,1,1,2,0,0,1,0,0,0,1,1,1,5,1,0,0,4,1,0,0,5,0,2,0,1,0,0,0,0,2,1,0,0,0,2,0,1,1,1,4,1,2,1,2,1,0,0,1,1,1,0,2,1,0,1,1,4,2,2,2,1,1,4,0,0,2,1,0,5,0,2,1,0,0,0,2,1,0,0,0,1,0,2,1,2,1
"Gene353",1,4,0,1,0,1,2,1,1,1,0,0,1,0,1,2,2,2,2,0,1,0,1,1,2,3,1,1,0,1,1,2,2,3,1,3,1,0,1,1,0,1,1,1,1,0,0,0,0,1,0,0,1,1,0,1,0,0,1,2,2,2,2,0,1,0,2,1,0,0,0,1,3,0,1,0,1,2,0,1,2,1,2,0,1,1,1,1,2,1,0,1,2,1,1,0,0,0,2,1,0,1,1,1,0,0,0,0,2,2,1,0,0,2,1,2,1,1,1,2,0,1,0,1,2,1,1,2,0,1,1,1,0,1,0,0,1,0,0,3,0,1,0,1,1,2,0,0,1,2,2,2,0,0,0,1,2,4,0,2,1,4,1,1,2,1,0,2,2,1,0,0,1,0,2,0,1,2,0,1,0,0,4,1,1,2,0,0,2,0,2,2,0,1,0,0,0,5,0,0,4,1,1,4,1,2,1,0,1,0,2,0,2,0,1,2,1,0,2,4,0,0,0,0,1,1,0,0,2,0,2,1,2,0,1,1,2,1,0,2,1,0,0,1,0,1,0,1,0,0,1,1,2,0,2,1,1,1,2,1,1,1,0,4,1,2,0,2,0,1,1,0,4,4,1,0,0,2,4,2,2,0,2,1,1,2,0,0,0,1,2,1,0,0,1,4,1,0,1,0
"Gene354",0,1,0,0,1,0,1,0,4,0,0,2,3,1,2,0,0,1,3,3,1,1,0,0,3,2,1,0,2,2,1,0,0,1,0,2,0,1,2,2,2,0,2,0,0,0,0,0,1,2,1,1,2,1,0,0,0,1,0,0,1,0,3,1,2,1,1,1,0,1,2,0,3,0,1,1,2,1,1,2,0,2,0,0,1,2,1,1,0,1,0,0,0,0,0,0,0,0,0,0,2,0,0,1,0,0,2,1,1,0,1,3,1,2,3,0,1,1,2,2,0,2,0,1,0,0,0,1,0,2,0,2,0,0,2,0,2,1,0,2,1,1,0,0,1,1,0,0,0,0,0,2,0,1,1,1,1,0,2,4,0,2,0,1,0,0,0,6,2,1,1,0,4,1,0,1,1,1,2,1,2,0,0,1,4,1,1,4,1,0,1,4,4,1,0,0,0,1,2,2,1,1,1,2,0,1,2,2,1,0,1,1,1,0,0,1,1,0,1,1,2,1,2,1,1,1,2,1,0,0,1,0,0,0,1,0,0,0,1,1,2,1,2,1,4,1,4,0,1,0,0,1,1,0,2,0,1,1,1,1,2,4,1,0,1,4,1,1,1,0,1,1,2,0,4,2,1,0,0,0,0,2,0,0,0,0,0,4,2,0,1,1,1,0,0,1,1,0,0,0
"Gene355",1,1,0,1,1,2,0,1,1,0,0,1,1,1,0,1,1,1,0,0,1,1,1,1,0,1,0,0,2,2,2,0,1,0,0,2,2,0,0,3,3,2,1,1,0,1,1,1,2,1,2,4,1,1,1,2,1,1,1,1,2,1,2,0,2,2,3,1,2,2,1,2,1,0,2,1,1,2,0,1,0,0,1,0,0,1,0,1,1,3,0,1,1,1,0,2,3,1,0,2,0,2,2,1,1,1,0,4,1,0,2,0,2,3,1,3,1,0,2,0,1,0,1,0,0,2,0,2,0,1,2,3,1,0,0,1,1,0,2,0,2,0,0,1,0,1,2,2,1,0,2,0,1,0,0,1,1,4,0,0,2,2,0,1,1,1,2,0,1,2,4,1,1,1,5,1,1,2,0,0,0,5,2,0,0,1,1,0,1,0,1,2,4,1,2,1,1,0,2,0,1,1,6,2,1,1,1,2,2,4,0,4,1,0,1,2,2,4,2,0,0,0,0,0,2,1,4,2,0,2,5,0,0,1,0,1,1,4,2,0,0,1,0,0,1,0,1,0,0,1,1,1,0,0,0,0,0,1,5,1,1,1,0,1,1,1,1,0,2,0,2,1,2,1,0,2,0,4,0,1,1,0,1,0,4,2,1,2,0,0,0,2,1,1,2,0,0,0,0,2
"Gene356",4,1,1,1,0,1,1,0,0,0,2,1,0,0,2,1,1,0,2,2,1,0,3,0,1,1,0,2,0,1,0,2,2,0,0,3,0,2,3,3,0,0,0,1,0,0,3,1,2,0,0,0,2,2,1,2,3,0,1,1,1,2,0,0,3,0,1,1,0,2,1,2,0,4,0,3,2,1,0,0,2,1,0,0,1,1,1,0,1,0,1,2,0,1,2,0,1,1,0,0,0,0,0,0,0,0,3,4,1,0,1,1,0,0,2,0,2,1,1,3,1,0,1,0,0,2,0,0,1,1,1,1,3,0,0,0,1,0,0,2,1,1,2,1,1,0,3,0,2,2,0,2,2,2,4,2,0,2,0,2,1,0,1,5,0,1,0,1,2,1,1,2,1,2,2,1,0,2,0,0,2,4,4,0,2,1,2,0,1,1,4,1,0,2,0,2,1,0,0,2,1,2,0,0,0,1,2,0,1,0,1,1,0,2,0,5,0,4,0,1,0,2,1,1,1,0,0,2,1,1,1,0,0,1,5,1,2,0,2,4,0,2,1,0,1,0,0,1,1,1,4,1,0,0,0,2,1,2,2,0,1,0,2,1,0,1,2,2,5,0,0,1,1,0,1,1,0,0,2,2,0,0,2,0,5,1,2,0,1,2,1,2,1,0,0,0,2,4,1,0
"Gene357",1,3,0,4,0,1,0,2,2,0,1,0,2,0,1,1,2,1,0,1,1,0,0,0,1,1,1,2,1,3,3,1,2,4,1,1,0,1,1,0,3,0,0,0,1,0,1,2,1,0,0,3,2,0,0,0,2,0,1,2,1,1,1,1,1,0,2,0,0,0,1,2,0,0,2,1,3,1,0,0,0,3,1,1,2,0,0,3,0,0,0,0,1,2,1,2,0,0,0,3,0,1,1,3,1,2,1,0,0,1,1,1,1,0,2,0,2,0,1,1,1,2,1,0,2,1,0,0,2,1,1,0,1,2,1,0,0,0,1,0,1,1,0,0,0,1,2,0,2,1,5,2,0,1,4,1,1,1,1,2,0,1,1,4,0,1,2,1,5,0,4,0,1,0,0,0,1,0,0,1,0,0,0,1,0,1,0,1,1,0,2,0,1,0,1,1,0,0,0,4,0,0,2,0,2,1,4,1,1,1,1,1,0,0,0,0,0,0,2,2,0,2,1,4,2,1,1,0,0,0,4,1,2,2,4,0,2,1,0,0,0,0,2,0,2,2,2,2,1,7,1,1,0,0,4,1,4,0,0,2,0,1,0,1,0,1,1,1,0,0,0,1,1,1,2,2,0,0,2,1,4,1,0,1,0,1,1,2,1,0,4,1,1,1,0,0,0,0,2,0
"Gene358",1,0,2,0,0,3,1,0,0,1,0,0,1,0,0,0,0,0,2,1,0,1,2,0,0,0,2,1,0,2,1,1,1,1,0,1,1,2,2,1,1,0,1,4,2,0,1,0,2,0,3,1,1,1,0,1,0,2,1,0,2,0,0,2,2,1,0,2,0,0,1,1,1,0,0,1,0,1,0,0,0,2,1,0,1,0,1,1,2,0,0,0,1,1,1,0,1,1,3,1,1,1,2,0,0,0,1,3,0,2,1,2,2,3,2,3,0,4,2,0,2,1,0,0,2,0,1,3,1,0,1,0,1,1,1,0,1,0,0,0,2,2,0,1,0,0,1,3,1,0,2,1,1,1,0,1,4,2,2,1,1,0,1,1,2,0,1,1,1,0,1,1,2,2,0,0,0,0,0,0,2,0,4,1,1,2,2,1,2,0,1,1,0,4,1,0,0,2,0,0,1,5,1,1,0,1,0,0,1,0,1,2,2,1,5,0,2,1,1,4,0,1,0,0,0,1,2,4,0,2,5,1,0,0,0,1,0,1,1,0,1,0,1,1,2,0,0,4,0,0,1,1,2,1,0,0,1,2,0,0,4,2,0,1,2,0,1,1,0,2,0,0,0,1,1,2,0,0,0,0,0,0,0,2,0,1,0,1,1,2,0,0,0,1,4,1,0,1,0,0
"Gene359",0,0,0,1,0,1,2,0,1,2,2,0,4,1,1,0,0,2,0,0,1,1,0,0,0,1,2,0,0,0,0,0,1,2,3,0,0,1,0,0,1,1,2,1,1,0,1,2,1,1,0,0,2,0,0,1,2,0,0,1,1,3,0,1,0,2,0,0,1,0,0,3,2,0,1,0,1,0,1,0,1,0,0,0,0,1,3,1,3,0,2,0,1,0,1,0,1,1,0,1,2,1,2,1,0,0,3,0,1,0,1,0,0,3,2,1,1,2,4,2,3,0,1,2,0,0,2,0,2,1,2,1,1,1,0,0,1,0,3,1,0,0,1,2,1,1,0,2,0,0,0,0,0,1,1,0,1,0,0,1,0,1,0,4,1,1,1,1,1,1,0,1,2,4,0,0,0,1,0,2,0,2,1,0,0,0,2,5,2,0,1,0,1,2,0,2,0,1,1,0,4,1,1,2,1,2,4,0,1,0,2,1,0,1,2,1,0,1,1,1,1,1,1,2,0,1,1,4,2,1,0,0,4,0,0,0,1,2,1,1,0,4,2,2,1,1,1,1,1,0,0,2,0,0,0,0,1,1,0,0,5,4,0,1,1,1,1,2,0,1,1,1,1,0,1,0,1,1,0,1,0,0,4,0,1,1,2,5,4,0,4,1,4,1,1,0,1,0,0,1
"Gene360",2,2,1,3,1,2,1,2,2,1,3,4,0,1,2,1,0,0,1,3,3,2,1,2,0,2,1,0,1,2,2,1,2,1,1,0,4,2,0,0,0,3,1,2,0,2,1,3,1,0,1,0,2,0,0,0,1,1,0,0,0,0,1,0,3,1,0,0,1,1,1,0,1,1,2,1,1,0,1,6,2,1,0,0,0,3,2,1,0,1,1,1,1,1,0,2,1,1,2,3,0,0,2,0,0,1,0,0,3,1,0,1,0,2,2,3,2,1,0,0,1,0,1,0,0,0,0,1,0,2,1,3,0,1,0,1,2,0,1,1,1,0,1,0,0,1,0,0,0,2,0,0,0,0,4,0,4,0,1,1,1,1,2,0,0,1,2,2,0,0,1,1,1,2,0,1,1,1,0,0,0,1,0,1,1,1,0,2,0,0,1,2,0,1,2,1,1,0,2,2,0,4,1,1,1,1,1,1,1,2,2,1,1,0,1,0,2,2,5,1,1,0,1,4,1,2,0,2,1,2,0,1,0,1,1,2,2,1,0,1,1,1,1,1,2,1,0,1,2,0,1,0,1,0,0,1,1,4,2,1,6,0,1,2,1,1,0,1,0,1,1,2,1,2,1,4,0,1,0,0,0,1,1,1,0,2,1,1,0,0,0,1,1,2,4,1,1,0,1,0
"Gene361",0,1,1,1,1,2,1,1,2,0,0,2,2,3,1,2,1,1,1,1,1,4,1,0,1,2,1,1,2,3,2,1,1,2,0,2,1,0,0,1,1,2,1,0,2,3,2,1,1,2,1,1,0,0,2,2,2,2,2,2,2,0,5,1,2,0,2,1,0,1,1,0,1,1,1,1,0,2,0,3,1,1,1,0,4,4,1,4,0,2,2,3,0,1,1,0,1,0,1,0,0,0,1,1,1,1,1,1,3,1,0,0,2,1,0,0,0,1,1,1,2,1,0,0,1,0,0,1,0,1,1,1,1,0,1,1,1,0,2,2,0,3,1,0,2,2,1,0,3,2,1,0,0,0,1,4,2,0,0,0,0,2,1,0,1,1,1,2,0,0,4,1,2,0,0,1,0,1,0,2,1,1,1,0,0,4,0,0,4,4,1,0,0,0,0,0,1,1,0,1,1,0,2,1,0,0,4,1,0,0,1,0,1,0,1,1,0,1,1,0,4,0,1,0,1,1,2,4,0,0,0,0,2,1,2,1,1,2,0,1,1,4,1,1,0,0,1,2,1,0,2,0,0,1,1,1,0,1,0,4,0,1,4,0,1,2,2,0,2,1,1,1,4,0,2,0,0,0,4,1,2,4,0,1,0,2,4,1,1,2,0,0,2,0,1,1,2,1,0,4
"Gene362",0,0,0,1,1,0,1,1,0,2,2,1,3,1,0,2,0,0,2,2,0,2,1,1,0,0,0,0,1,3,2,0,1,0,0,1,0,1,0,0,0,1,1,1,2,2,0,1,0,1,0,0,1,2,0,2,0,0,0,0,1,2,0,1,2,0,1,0,0,2,0,1,1,0,1,0,1,1,0,1,0,2,0,1,0,3,0,1,0,3,1,0,2,1,4,0,2,2,0,0,2,1,0,3,1,0,0,0,0,4,1,1,2,0,1,0,0,1,2,0,0,2,1,1,1,0,1,2,1,1,0,2,4,3,2,3,0,0,0,1,0,1,1,0,0,1,1,0,0,1,0,1,2,0,1,2,1,0,2,0,2,0,2,6,2,1,0,1,4,5,2,1,2,2,2,1,1,0,1,2,2,0,1,0,0,1,0,1,0,2,1,2,2,0,0,1,2,0,2,2,1,0,1,0,5,1,0,0,1,1,0,5,1,1,0,1,1,0,0,1,0,0,0,1,0,1,2,1,0,4,0,2,1,1,1,1,0,2,0,1,0,1,1,2,0,5,0,1,0,2,2,2,1,1,0,0,1,1,1,4,0,2,0,2,0,1,1,2,1,2,1,0,0,2,2,0,2,0,0,1,2,1,0,0,0,4,0,1,0,0,1,1,1,0,1,1,2,1,0,1
"Gene363",2,1,2,0,0,0,2,2,0,5,0,0,2,3,0,1,0,2,0,1,2,1,2,3,1,1,1,0,1,0,2,1,2,0,1,3,1,3,3,1,0,3,1,2,1,1,1,1,1,1,3,0,1,0,2,2,0,1,2,2,1,0,0,0,1,1,1,0,1,0,2,0,0,1,1,1,2,2,1,1,1,0,1,1,1,0,0,0,0,1,0,0,1,0,3,2,4,0,0,0,0,1,0,1,2,2,1,0,0,0,2,0,1,1,1,1,0,1,0,0,1,1,3,0,1,1,2,0,1,2,0,0,0,0,2,2,0,0,0,0,1,0,1,1,1,2,0,3,2,0,0,1,0,1,1,0,1,1,0,0,0,1,1,2,4,1,1,1,2,1,1,0,0,1,0,4,1,0,2,5,4,0,0,2,0,0,2,1,4,0,0,1,1,1,1,1,2,1,1,0,1,1,1,1,0,0,0,1,1,1,1,1,1,2,1,0,0,1,0,0,4,0,2,1,1,1,0,0,0,2,0,0,0,0,0,0,0,0,1,0,0,0,2,1,4,0,0,2,0,0,2,1,4,0,2,1,4,4,1,0,0,4,1,2,2,2,2,1,1,1,0,0,1,1,0,1,0,1,2,0,2,0,4,1,1,2,0,2,2,1,1,1,4,0,0,0,0,1,0,2
"Gene364",0,1,1,2,2,0,2,1,1,0,2,0,2,1,0,2,1,4,1,1,0,1,0,0,1,1,0,0,2,0,1,0,1,0,2,0,1,3,0,1,0,3,1,1,2,2,2,3,1,1,2,1,0,1,1,2,1,3,2,0,0,1,2,2,1,2,0,2,0,0,1,1,1,1,0,1,1,0,1,0,1,1,1,0,1,0,0,1,0,1,2,1,2,0,1,2,1,0,2,2,0,0,0,0,1,5,0,1,0,1,0,1,0,1,0,0,1,0,0,0,1,0,1,2,2,0,0,2,0,3,0,1,1,1,2,2,3,0,1,2,0,1,0,0,0,0,1,0,0,1,2,0,2,2,1,0,0,0,1,0,1,4,0,4,0,2,0,2,0,1,1,0,4,2,2,0,2,1,6,1,4,1,0,0,0,0,1,2,0,1,0,1,0,1,1,1,0,1,0,2,1,0,2,0,0,0,1,0,2,1,0,2,1,1,1,0,2,0,2,0,0,1,0,2,1,4,2,1,1,1,0,0,0,1,1,1,2,1,0,0,0,1,1,2,1,1,1,2,1,2,4,1,1,0,1,1,2,2,0,0,0,0,0,0,0,0,1,0,0,1,2,2,0,0,2,1,0,0,1,4,0,0,0,0,1,0,4,1,1,4,2,1,0,2,1,2,0,0,1,1
"Gene365",0,1,0,1,1,1,0,2,1,1,0,0,3,0,0,1,1,1,0,1,1,2,1,4,0,0,2,1,1,1,2,2,1,3,0,0,1,1,2,2,1,2,1,2,3,1,0,0,1,0,0,2,0,1,1,2,0,1,4,0,1,2,1,2,0,0,1,0,0,0,1,1,2,1,2,3,1,1,0,1,1,1,0,1,1,3,0,1,1,0,0,2,1,1,1,0,1,0,1,0,3,1,0,1,1,0,0,1,3,1,3,0,2,1,0,1,1,1,1,3,1,0,2,2,2,2,0,0,2,1,2,2,0,3,2,3,0,1,0,0,3,0,1,0,1,1,3,0,0,3,1,1,1,0,0,2,2,1,1,1,0,1,2,0,1,0,0,0,1,1,0,0,1,0,0,0,2,2,1,4,2,1,1,2,2,0,0,1,2,1,1,0,1,1,0,0,0,0,2,1,2,2,1,0,0,2,5,1,4,1,0,4,0,1,4,2,0,0,0,1,2,0,0,0,0,0,0,1,2,0,2,0,0,1,4,4,0,4,1,0,0,1,4,2,1,0,0,1,2,1,4,1,2,2,5,2,1,0,1,2,0,1,2,1,1,1,0,1,2,1,0,1,2,0,2,4,0,1,1,1,0,0,2,4,1,0,0,1,5,1,1,2,0,0,0,0,0,1,0,1
"Gene366",2,0,0,0,0,2,1,1,2,2,2,1,0,0,1,0,2,2,1,1,0,0,0,0,0,0,1,0,0,0,0,3,0,2,0,1,0,4,3,1,1,0,2,0,2,1,2,0,1,1,2,0,2,1,1,2,1,0,2,2,2,0,1,0,0,2,2,0,1,2,2,1,0,0,0,1,1,2,2,1,0,2,0,2,1,3,1,2,1,1,1,0,2,0,0,1,4,2,1,1,0,0,1,2,2,0,1,1,1,1,1,1,2,3,3,2,0,0,2,2,2,0,3,1,2,2,1,0,2,1,0,0,2,2,0,1,0,1,0,0,0,1,1,1,2,0,0,0,2,0,0,0,1,0,1,2,5,0,2,1,1,0,2,2,2,1,2,1,0,1,1,1,0,2,1,0,0,1,1,2,0,1,0,0,2,1,2,0,0,2,4,0,1,0,0,1,0,1,0,0,2,0,0,2,2,2,4,2,1,0,0,1,0,4,0,0,1,2,1,0,0,0,1,0,0,0,0,0,0,1,0,2,0,0,1,1,1,1,1,2,0,2,2,1,4,7,0,1,1,0,0,1,0,0,2,0,0,1,0,1,0,4,0,0,1,0,0,1,0,4,2,2,2,0,1,0,0,0,0,0,1,2,1,1,4,0,5,2,1,0,1,0,2,4,2,0,1,0,0,0
"Gene367",0,0,0,1,0,1,2,0,2,1,0,1,1,1,0,1,2,2,2,1,0,0,1,2,0,0,0,1,1,0,2,0,0,1,1,1,0,0,1,1,0,1,2,2,2,1,1,1,2,2,0,1,1,0,1,0,1,0,1,2,0,3,0,0,1,1,0,1,1,0,0,1,1,2,0,2,0,0,1,0,1,0,3,2,2,0,1,0,0,0,1,3,0,2,0,4,1,0,1,1,1,0,0,2,0,1,2,2,2,5,1,1,1,0,2,1,1,1,1,1,1,1,3,1,0,0,2,1,0,0,2,1,0,2,1,1,0,1,2,1,1,0,1,2,1,1,0,2,1,2,2,4,0,1,0,0,1,0,1,1,1,1,0,0,5,2,0,1,1,0,1,1,2,0,2,1,5,1,4,1,1,5,2,1,1,0,0,5,0,2,0,2,0,1,2,0,1,2,0,1,1,2,0,1,0,0,1,2,1,0,1,2,0,1,2,1,2,0,1,0,1,0,2,0,1,0,0,4,2,0,1,0,1,1,0,0,0,0,2,2,1,1,0,1,0,1,0,1,1,1,1,1,0,0,1,1,0,4,0,1,1,2,0,0,2,1,1,0,0,4,5,1,0,2,1,1,1,4,1,1,2,1,0,0,1,0,0,0,1,1,1,1,1,2,1,1,5,4,1,0
"Gene368",0,0,1,2,1,3,1,2,1,0,2,2,0,3,3,0,0,0,0,2,1,0,3,1,3,2,0,2,0,1,0,1,0,1,0,3,0,2,1,0,0,1,1,1,2,2,1,0,1,1,2,3,1,1,2,2,0,1,2,4,1,2,0,1,0,0,0,1,0,0,0,1,2,2,1,0,0,0,0,1,1,1,2,0,1,1,1,2,4,2,1,1,3,1,4,0,1,0,0,0,0,2,1,2,2,1,3,1,3,1,2,1,3,1,1,0,2,3,1,1,1,1,1,0,2,2,1,4,2,1,0,1,2,0,1,1,0,1,1,1,1,0,2,0,1,2,0,1,1,1,1,1,0,0,0,1,0,0,1,5,1,1,0,0,2,1,0,1,2,0,2,0,2,2,0,2,0,2,1,4,0,1,2,1,0,1,1,0,0,1,1,1,2,1,2,1,0,1,0,0,0,0,1,1,2,0,0,2,0,0,0,1,0,0,1,2,0,2,1,1,0,2,0,4,1,1,1,0,0,0,1,2,1,2,0,0,4,0,0,1,0,1,1,2,4,0,2,0,0,2,2,2,0,1,1,0,0,1,1,4,0,1,0,1,1,1,0,4,2,1,1,1,0,1,1,2,0,2,0,4,0,2,0,1,1,1,1,0,1,5,1,0,1,1,1,1,0,2,1,1
"Gene369",1,1,0,1,1,0,0,2,1,1,2,1,1,0,3,0,1,0,0,0,1,1,3,0,2,1,1,0,0,3,1,0,1,2,1,0,0,1,0,0,1,1,1,0,1,0,0,2,1,0,0,1,0,2,2,1,1,0,1,1,1,1,0,1,0,1,1,0,4,0,2,2,2,1,0,0,2,0,2,2,2,0,1,1,0,1,0,0,2,1,1,0,0,3,2,0,0,1,1,2,1,3,2,0,0,0,2,2,1,1,2,2,1,1,0,2,0,0,0,3,0,0,2,2,1,2,0,2,1,1,3,1,2,2,0,2,1,0,2,0,2,0,1,1,3,1,0,0,1,2,1,2,2,0,1,2,0,1,0,0,1,2,1,1,0,0,0,1,0,0,1,1,0,1,0,1,0,0,2,1,0,0,2,0,0,1,1,0,2,1,4,5,4,2,0,1,1,5,0,4,1,1,1,4,4,0,2,4,0,0,2,1,0,2,0,1,0,0,1,0,4,1,0,0,2,0,2,0,1,1,1,1,1,1,0,1,5,1,1,0,1,0,2,1,2,0,1,0,2,1,0,1,4,1,0,5,1,1,2,1,2,1,1,0,4,1,2,1,1,1,0,0,0,1,0,1,4,0,2,4,2,0,1,0,1,0,2,1,1,0,0,4,1,0,0,0,1,1,0,0
"Gene370",1,1,0,1,1,1,1,2,2,0,2,1,1,1,1,0,0,0,0,0,0,0,0,1,0,2,0,0,2,0,0,0,0,0,1,1,1,0,2,3,1,0,2,3,1,2,0,0,0,1,0,0,1,0,1,1,1,1,1,0,0,2,1,0,0,1,1,0,1,1,1,1,0,0,0,2,0,0,1,0,2,1,0,1,0,0,1,1,2,0,2,1,1,1,1,1,1,1,1,2,1,1,3,0,2,2,2,2,2,0,0,2,1,0,1,1,0,0,0,1,0,3,1,1,0,0,0,1,1,4,0,1,0,0,4,0,0,0,1,1,0,1,0,0,0,0,1,1,0,2,4,0,0,2,1,0,2,0,2,1,4,0,1,1,0,0,1,0,1,0,0,0,0,0,1,2,1,1,1,2,2,0,0,0,1,0,1,1,0,0,5,1,0,2,0,1,0,1,1,0,0,4,1,0,4,1,0,1,0,1,1,0,0,1,1,0,2,0,1,0,1,0,0,2,0,2,0,2,2,4,1,1,2,1,1,0,1,2,1,0,4,1,0,1,1,1,1,1,1,1,0,0,2,0,0,1,0,0,1,4,0,1,5,1,1,0,1,2,1,1,1,0,1,1,0,0,0,0,0,1,1,0,2,2,1,0,1,1,1,2,0,2,4,2,0,2,0,1,2,2
"Gene371",1,0,0,0,2,1,1,0,0,3,0,0,1,1,1,1,0,1,2,1,1,1,1,2,0,1,2,0,1,1,1,0,0,0,2,0,1,0,1,0,0,0,1,1,0,2,5,3,0,2,0,0,0,1,0,0,1,1,1,0,0,2,3,2,2,2,1,0,1,2,0,0,1,2,0,1,2,0,2,0,1,2,0,1,2,0,1,1,1,0,3,1,1,1,0,0,0,0,1,0,1,0,4,1,1,2,2,0,0,3,0,0,2,0,2,2,0,0,2,0,3,2,0,0,0,2,2,3,0,2,0,0,2,3,0,4,1,1,1,3,0,2,2,2,1,1,2,1,5,1,1,0,1,1,1,2,0,0,1,1,0,2,2,2,1,0,1,1,2,2,5,2,0,0,1,2,1,0,0,0,1,0,1,2,1,1,1,1,0,1,5,0,1,4,2,1,4,0,2,2,2,1,0,1,1,1,1,1,2,0,0,1,0,1,1,1,1,1,1,0,1,0,1,2,0,4,2,0,1,0,5,4,1,0,1,1,1,2,2,2,2,0,4,0,0,1,1,1,0,1,0,0,2,1,1,0,4,0,0,1,0,1,2,2,0,1,1,0,1,1,1,0,0,1,1,0,1,1,0,2,1,1,1,1,0,1,0,2,1,0,0,2,2,1,0,0,1,2,2,1
"Gene372",0,0,0,2,1,0,1,2,0,1,0,1,1,3,1,2,1,0,1,1,0,1,1,2,0,2,1,1,2,2,1,2,1,0,0,1,0,2,1,1,0,0,0,1,2,1,0,3,0,0,2,1,0,1,0,1,0,1,0,1,2,3,1,1,0,1,0,0,1,1,0,3,2,4,2,1,1,2,1,0,2,1,0,0,1,1,3,0,0,0,1,0,1,1,1,2,2,2,1,0,2,0,2,1,0,4,2,0,1,1,0,2,0,1,0,1,1,0,1,1,1,0,2,1,0,3,4,0,0,0,1,1,0,0,1,0,3,1,1,2,0,0,1,0,1,1,0,1,0,1,1,1,0,0,2,1,0,1,0,2,1,0,1,0,2,0,1,0,1,1,4,1,0,2,4,1,4,2,1,4,0,2,5,0,2,1,0,0,2,1,1,0,2,1,1,6,0,1,0,0,1,1,1,0,1,0,0,1,0,0,0,1,1,2,1,1,1,1,1,0,1,1,2,0,1,2,2,0,4,0,1,0,1,0,2,0,2,0,1,1,4,1,1,0,0,0,0,2,1,2,2,2,1,0,2,0,2,2,1,0,0,0,0,0,0,2,0,1,2,0,1,2,1,2,1,0,1,1,1,0,0,0,1,0,2,2,1,0,2,1,2,2,1,0,1,0,1,1,1,0
"Gene373",2,2,1,0,0,0,0,0,0,2,0,1,0,0,0,2,0,1,0,2,2,1,0,0,0,1,0,1,1,1,2,1,1,2,1,1,0,1,0,0,0,0,0,1,0,1,0,1,4,3,1,3,1,0,0,1,1,1,3,2,3,2,3,0,3,0,2,2,0,1,1,1,1,0,1,2,2,1,0,1,2,1,0,2,0,1,0,1,1,1,0,2,1,0,0,0,0,1,2,1,3,3,0,1,0,0,2,2,2,0,0,0,2,4,2,2,0,1,3,0,2,2,0,0,3,1,1,1,1,2,1,0,4,0,1,1,0,1,0,0,1,0,0,1,3,0,1,0,1,2,0,0,0,1,1,0,0,0,1,0,2,1,0,0,2,1,2,1,1,1,0,4,1,0,0,1,0,0,0,1,1,2,0,2,2,1,0,2,1,1,1,1,2,2,1,1,0,2,1,0,2,0,1,0,0,4,1,1,1,2,1,0,0,2,0,2,0,1,0,4,0,2,2,1,0,1,2,0,0,1,2,2,1,1,2,0,0,1,0,2,0,1,0,0,0,1,1,0,0,2,2,1,1,1,2,1,1,1,0,4,0,0,2,0,0,2,1,0,1,0,0,1,0,1,0,0,2,1,1,0,2,0,1,0,1,0,1,0,0,2,0,1,1,0,0,0,2,2,0,1
"Gene374",1,1,1,1,1,0,3,0,2,0,0,2,1,0,1,2,0,1,2,1,1,1,0,0,0,1,3,0,2,1,2,0,0,2,1,1,0,0,2,1,0,1,0,0,2,0,0,0,0,2,0,3,0,0,0,0,2,1,3,0,0,1,0,0,3,0,2,3,2,1,1,1,0,1,1,1,0,0,1,0,2,0,1,0,1,0,1,1,0,1,1,2,0,0,0,0,2,1,2,1,1,0,1,3,0,1,2,0,1,2,3,0,0,1,2,0,0,0,0,0,1,1,1,1,1,1,1,0,2,1,0,1,2,0,0,1,1,1,2,0,2,3,0,1,0,1,2,0,1,0,2,0,1,1,1,1,4,0,0,1,0,1,1,1,1,1,4,1,0,1,0,0,1,1,0,0,0,1,0,2,0,4,2,1,1,2,1,1,1,0,0,4,1,1,0,2,2,1,0,4,2,0,0,0,0,4,0,1,0,1,0,2,1,0,2,0,0,0,0,1,1,0,1,1,0,0,2,1,0,4,0,1,0,2,0,1,2,5,0,2,0,2,0,0,0,1,0,0,2,0,0,1,0,4,2,1,0,2,0,0,1,1,1,0,1,2,2,1,0,0,2,2,0,1,0,1,0,1,0,1,1,0,1,0,0,1,0,2,0,1,0,1,1,1,2,0,0,0,1,4
"Gene375",1,2,1,0,1,2,0,2,2,1,0,0,0,1,0,0,0,0,1,2,0,1,0,1,2,0,2,1,0,1,0,0,0,0,1,0,2,1,1,2,0,0,0,1,3,2,0,0,2,1,1,2,0,0,1,1,2,2,0,4,1,1,0,0,0,0,2,1,4,1,1,1,0,1,0,0,1,1,1,1,0,2,0,4,2,0,0,1,0,0,0,2,3,3,0,0,1,1,0,0,0,0,1,0,0,0,1,1,0,0,1,0,2,2,0,1,1,0,1,0,0,1,0,2,0,1,3,0,0,0,0,1,0,2,0,0,0,1,0,0,1,0,3,0,1,0,1,0,1,0,1,1,1,2,0,1,4,2,1,1,1,2,1,1,1,2,0,1,0,1,2,1,0,0,0,0,4,2,1,0,4,4,0,1,0,0,0,2,4,0,0,2,0,2,1,0,1,2,0,1,1,1,0,2,2,1,0,1,0,2,1,1,0,0,1,1,1,0,0,0,2,2,1,1,1,1,2,1,2,2,2,1,0,0,4,4,2,0,0,2,2,2,1,2,0,0,2,1,1,2,1,2,1,2,0,0,0,0,0,1,1,0,2,1,0,0,0,1,1,1,0,2,0,2,0,2,2,2,1,1,1,1,0,0,1,0,4,4,0,0,1,1,0,0,1,0,1,0,5,0
"Gene376",3,1,2,3,0,2,2,0,2,1,1,1,0,0,0,1,1,1,1,0,0,4,1,1,2,0,2,1,0,1,1,1,0,0,0,0,1,0,1,0,1,2,2,0,0,3,0,1,3,0,1,0,2,1,0,0,0,1,3,0,1,0,0,1,2,1,2,1,0,1,2,1,0,3,3,0,1,0,1,2,1,0,1,2,1,1,1,1,1,3,2,0,0,2,1,0,2,0,1,1,2,1,1,0,1,3,1,2,1,0,3,3,1,1,0,1,1,1,2,0,1,2,0,0,2,1,0,0,0,1,1,1,0,0,0,1,0,2,2,1,1,0,0,0,0,2,1,4,2,1,1,2,1,0,1,2,0,0,0,1,1,1,1,5,2,2,4,1,1,1,1,0,2,0,0,0,2,2,1,0,2,1,0,0,0,0,0,1,0,1,1,2,1,0,2,0,0,1,0,0,2,1,1,2,2,1,1,2,0,0,0,1,2,0,1,4,0,0,4,1,1,1,1,2,2,1,0,2,1,1,1,4,0,0,1,1,1,0,1,4,0,2,0,1,1,0,1,0,1,1,1,0,0,0,4,0,0,0,1,2,0,0,0,0,1,1,0,1,0,1,1,1,0,0,1,1,0,2,1,0,0,1,4,0,0,0,1,0,0,1,0,0,0,1,1,1,2,1,1,0
"Gene377",2,0,1,1,3,0,0,0,0,0,0,1,3,0,1,0,1,2,0,4,0,0,1,2,2,0,0,1,0,5,2,1,1,0,0,0,1,0,1,1,2,2,2,0,1,3,3,0,1,1,0,1,0,2,3,1,3,2,0,3,1,1,0,1,0,0,2,1,2,1,1,0,1,1,0,0,0,1,0,0,0,2,1,0,1,0,0,2,1,1,0,0,1,1,1,2,0,3,1,0,1,2,1,0,3,2,1,1,0,0,2,0,1,1,1,1,0,2,1,0,1,0,0,3,1,2,3,2,1,1,1,2,1,0,3,0,1,3,1,0,2,0,2,1,1,1,1,1,1,2,1,5,0,0,1,1,1,2,2,2,2,0,1,1,0,5,0,1,0,1,4,0,1,1,2,1,2,1,2,1,1,0,0,0,0,4,2,5,0,2,0,1,0,2,0,0,0,1,2,0,0,0,2,2,0,2,2,0,1,4,0,4,0,0,2,0,0,1,1,1,1,0,5,1,1,1,1,0,1,4,0,4,0,0,0,4,0,2,2,1,1,1,0,2,1,4,1,2,2,0,1,0,1,2,0,1,2,0,1,2,1,0,0,1,1,1,1,1,1,0,1,1,0,2,1,1,1,1,0,1,1,2,0,0,0,1,1,1,0,2,0,2,2,0,0,0,1,5,0,1
"Gene378",0,1,3,0,1,0,2,1,0,0,2,1,1,2,0,1,0,0,0,3,1,0,2,2,2,2,0,0,0,1,0,0,2,1,1,1,0,0,1,1,0,1,2,1,0,0,3,1,1,1,0,0,0,0,1,1,0,1,0,0,0,0,0,2,0,2,1,0,2,0,1,1,0,1,2,0,0,0,1,1,1,1,2,0,0,1,2,0,1,1,2,0,1,1,1,0,1,1,0,0,2,1,1,2,1,2,0,0,3,0,1,2,1,1,2,3,2,0,2,2,2,1,3,0,0,1,1,3,0,2,3,1,1,0,3,2,1,0,1,0,1,0,0,0,3,1,0,3,1,0,0,2,1,1,0,1,1,4,1,1,2,1,0,4,1,1,0,2,1,0,1,2,0,1,0,0,2,0,0,0,4,0,4,1,0,1,0,0,4,0,4,1,1,1,0,2,2,0,0,2,2,1,1,0,1,0,4,0,1,1,0,0,2,2,0,0,2,1,0,1,2,1,2,0,2,0,1,0,4,5,4,2,0,2,1,0,1,1,1,0,0,0,0,0,0,1,1,1,2,4,1,0,0,4,1,0,4,0,0,2,1,1,0,0,1,4,1,1,2,0,1,0,2,0,2,4,0,2,1,1,1,1,1,2,2,1,1,0,4,0,2,0,0,0,1,0,2,1,0,0
"Gene379",0,2,0,2,0,0,1,0,1,0,1,1,0,1,0,3,0,0,0,0,1,2,0,3,0,2,1,2,0,0,0,2,2,1,1,0,0,1,1,1,0,2,1,0,2,3,1,1,1,3,1,3,0,0,1,2,0,3,1,0,2,0,0,0,0,0,0,0,1,2,0,0,1,0,0,1,2,1,1,2,2,0,2,1,1,0,0,1,0,2,1,2,0,0,0,3,1,0,0,0,0,2,1,4,0,3,1,1,3,1,1,3,1,0,2,0,1,1,0,1,1,0,2,2,0,2,0,1,1,0,0,0,4,0,0,1,1,1,1,3,1,0,2,0,0,1,0,1,0,3,2,0,2,1,1,0,0,0,0,1,1,0,1,2,0,4,1,2,0,1,0,1,2,0,2,2,2,0,1,1,1,0,2,0,1,4,1,1,0,0,2,0,1,0,0,2,0,1,0,0,0,0,0,1,0,1,0,1,1,1,0,0,1,1,1,0,1,0,0,1,4,1,0,1,2,1,6,0,0,1,0,2,2,2,1,0,1,0,2,0,0,1,2,5,1,0,0,1,0,0,0,2,2,0,0,1,1,0,0,0,0,1,0,0,1,1,0,2,2,0,2,0,1,1,2,5,1,1,2,0,0,1,2,1,0,0,0,1,2,0,0,2,0,0,4,1,0,4,2,0
"Gene380",3,1,1,0,3,3,1,2,2,1,2,1,0,0,0,1,0,0,2,1,1,0,1,1,0,1,0,1,1,2,1,0,2,0,2,1,1,0,0,0,0,1,1,0,1,2,1,1,0,0,2,2,1,1,0,0,0,3,1,1,0,4,1,0,1,1,0,4,0,0,3,2,0,0,1,0,1,3,0,0,2,0,2,1,1,3,0,0,0,0,0,0,2,1,1,0,0,0,0,1,3,2,0,0,0,2,1,1,3,0,1,3,0,1,3,0,2,0,3,0,2,2,0,2,1,1,1,0,1,0,0,4,1,0,0,0,0,0,0,2,1,0,1,3,1,0,1,1,1,1,2,2,0,0,1,1,0,2,1,2,0,1,1,2,0,1,1,0,0,1,1,1,1,0,0,2,0,1,1,1,2,1,2,2,1,1,0,1,1,1,2,5,0,0,1,0,0,2,2,0,0,2,0,1,0,1,1,1,0,4,0,0,2,1,1,1,0,1,1,4,4,2,0,4,0,0,1,0,1,0,0,4,1,1,1,0,2,2,0,0,0,1,1,1,2,0,0,1,1,2,2,0,2,1,0,4,1,2,1,2,1,2,2,2,1,0,5,4,1,1,2,1,1,0,0,2,2,0,2,2,1,2,1,2,0,2,1,0,0,0,1,2,2,1,1,0,4,1,1,1
"Gene381",1,0,1,2,1,1,2,2,1,0,3,2,0,1,1,0,2,2,0,0,2,4,0,1,3,1,1,0,1,1,0,3,1,2,1,0,0,1,1,1,0,2,0,0,0,0,0,3,2,0,1,1,1,1,2,2,2,1,0,1,3,0,1,0,0,1,0,2,0,1,1,0,0,2,1,0,1,0,1,2,1,0,0,2,1,3,0,0,2,2,1,0,2,2,0,1,3,2,1,0,1,0,0,1,0,2,3,1,1,2,2,1,2,1,2,0,0,1,1,0,1,0,0,1,0,1,1,2,1,0,2,0,1,0,0,0,3,1,2,2,1,0,0,0,2,1,3,0,0,0,0,0,0,1,1,1,1,1,0,0,0,2,1,2,0,1,1,1,0,0,2,0,1,1,1,4,0,1,0,0,0,0,1,1,1,1,1,1,2,0,1,1,0,2,0,1,0,0,1,1,0,0,1,0,1,1,0,2,2,1,1,1,4,0,0,4,1,2,0,2,2,4,4,0,1,0,1,1,1,0,0,1,0,2,4,0,0,0,1,0,4,0,1,2,0,2,1,1,1,1,0,1,1,0,0,1,0,1,1,0,1,1,0,2,1,2,0,2,0,2,0,1,0,2,1,0,2,0,1,0,2,1,1,1,0,0,0,1,4,1,1,0,2,4,2,1,2,1,1,0
"Gene382",2,3,0,0,0,1,0,0,0,1,1,0,2,1,1,0,0,1,0,0,2,4,3,0,0,2,0,2,1,2,1,0,1,3,1,0,3,1,2,2,1,0,0,0,0,2,1,0,2,1,1,0,1,1,0,1,4,5,0,0,1,3,1,1,2,0,0,1,3,0,1,0,1,2,1,2,1,1,2,0,2,1,1,3,2,1,3,0,1,0,0,2,1,0,3,1,1,2,0,0,1,0,0,1,1,4,2,1,1,1,2,3,1,0,1,2,1,2,2,1,0,0,1,2,3,1,1,3,2,1,0,1,2,1,1,2,0,2,0,1,0,1,1,0,0,2,0,1,2,0,1,0,1,0,2,0,1,0,0,2,0,1,1,0,0,1,1,0,0,1,2,1,2,2,2,0,2,2,2,1,1,1,1,0,0,1,0,1,1,1,0,0,0,0,2,4,2,0,0,0,2,1,2,2,1,1,1,1,0,0,0,4,2,0,2,0,0,0,1,1,0,0,0,2,2,1,1,2,4,0,0,1,1,1,0,0,0,0,0,2,1,2,0,1,1,1,0,2,0,0,1,0,0,1,1,1,2,4,1,0,0,0,1,0,0,1,1,5,1,1,4,1,2,1,2,0,0,1,0,0,0,1,0,2,1,0,0,1,0,0,4,2,0,2,1,4,0,0,2,0
"Gene383",1,1,2,0,3,2,0,0,0,2,3,1,0,0,1,2,0,0,1,1,1,0,1,0,1,3,0,0,2,1,0,0,2,1,0,1,0,0,1,0,0,2,0,0,0,1,1,0,1,2,0,0,3,1,4,2,2,1,1,1,1,1,1,0,0,2,0,1,0,0,1,1,1,0,0,1,0,0,1,0,1,2,1,1,1,2,2,1,0,1,1,0,3,0,1,0,1,1,0,1,3,0,0,0,1,1,1,2,1,0,1,0,2,2,0,0,0,0,0,0,2,0,0,2,1,1,1,0,1,0,2,1,3,1,2,0,0,2,0,1,2,1,1,0,1,0,1,0,1,4,4,1,0,2,0,2,1,1,1,0,1,2,2,1,2,0,0,2,0,1,0,1,1,1,0,2,1,4,1,2,0,2,0,2,0,0,1,1,0,4,1,1,2,2,0,0,1,0,2,1,4,1,1,1,1,1,1,1,2,0,0,0,1,1,1,1,0,1,2,0,1,0,1,0,0,1,1,4,0,0,2,0,0,1,1,0,0,2,0,0,1,1,4,0,2,1,0,1,2,1,1,0,1,4,2,1,0,0,0,6,4,1,4,2,0,1,0,0,0,1,2,1,0,1,2,1,0,1,0,1,1,2,0,1,0,2,1,2,1,1,0,1,1,2,2,2,0,1,1,0
"Gene384",2,0,0,0,1,1,0,2,0,1,0,0,1,1,1,0,1,1,1,2,3,2,2,0,2,2,0,0,0,2,1,0,2,1,2,4,3,1,3,2,1,0,2,2,1,0,0,3,0,1,0,1,3,0,0,2,1,1,0,2,1,1,1,0,2,2,1,3,0,0,0,0,0,0,1,1,0,3,0,2,3,1,3,0,1,2,1,2,3,1,3,0,1,1,3,1,2,3,0,2,2,0,0,0,0,0,1,1,1,0,0,2,1,2,1,2,3,0,1,1,2,2,1,1,2,0,1,0,1,1,2,1,0,3,2,2,2,1,3,1,1,2,1,1,2,1,0,1,2,0,1,1,1,4,2,2,0,1,2,2,1,1,1,1,4,1,2,4,1,4,2,0,1,0,2,0,4,0,4,5,1,1,1,2,1,2,0,0,1,0,1,0,0,4,1,6,1,0,2,0,0,2,0,1,2,1,2,0,0,1,0,2,1,1,1,6,0,1,0,1,1,1,4,0,1,1,1,4,1,2,0,2,0,1,1,1,0,0,0,1,1,1,0,0,0,1,0,0,0,1,0,4,1,0,1,2,0,4,2,1,5,4,1,0,2,1,1,1,1,2,0,0,0,1,1,0,0,0,1,1,5,0,0,0,1,1,5,0,1,2,0,1,4,1,0,0,2,2,4,1
"Gene385",1,2,2,0,4,0,0,2,0,1,0,1,1,1,2,1,2,0,2,0,2,1,2,2,0,0,1,0,2,1,2,0,1,0,2,1,2,2,0,2,1,1,1,2,0,2,0,0,2,1,0,0,0,0,0,0,2,1,1,4,4,1,1,0,0,2,0,0,2,1,1,2,0,4,1,4,0,2,1,1,1,2,1,1,1,0,2,0,0,0,0,0,3,0,0,2,1,1,0,1,3,1,0,2,2,0,0,0,0,4,2,1,1,2,0,1,0,0,2,3,2,1,1,2,2,0,0,0,0,2,1,2,1,1,1,2,1,1,3,1,0,0,0,1,1,0,4,2,2,1,0,0,4,4,0,1,1,2,1,0,1,1,0,1,0,1,4,0,0,1,2,0,2,2,0,1,0,1,1,1,2,2,4,1,0,1,0,0,1,0,0,1,2,0,2,1,1,1,0,5,0,0,0,4,0,0,2,1,0,1,1,2,1,0,0,1,1,0,5,1,0,1,4,1,0,1,0,0,1,1,0,0,1,0,0,0,0,0,2,1,1,1,4,1,0,1,1,2,0,2,1,1,0,0,1,0,2,2,1,1,0,1,0,1,1,1,1,0,0,4,1,2,1,0,2,1,4,0,2,2,0,2,0,2,0,0,0,1,1,2,1,2,0,0,1,0,0,0,0,1
"Gene386",2,3,0,2,0,2,0,0,1,0,3,2,1,1,1,1,1,5,1,2,0,1,1,2,3,0,2,1,1,1,2,3,1,1,1,1,1,0,0,0,2,1,1,1,1,2,1,2,1,1,0,0,1,2,2,0,3,0,2,0,1,3,3,1,1,1,0,1,1,0,0,1,0,2,1,1,0,0,1,1,1,1,0,1,1,0,1,0,0,1,2,3,1,0,2,2,1,0,1,0,3,1,2,0,0,0,1,3,0,0,0,1,1,2,1,3,2,0,1,1,2,2,0,0,1,1,0,2,1,0,0,2,0,2,1,0,5,2,1,1,1,1,0,3,3,1,0,3,1,1,0,0,0,2,0,2,0,1,4,2,5,5,1,4,1,4,4,0,1,1,2,5,0,0,2,1,4,0,0,1,1,0,1,0,0,1,2,0,0,1,1,1,1,4,2,2,0,4,1,0,2,0,2,2,1,0,0,0,1,1,0,1,0,0,4,4,4,2,1,0,1,1,0,0,1,2,1,2,0,0,2,2,2,2,1,0,2,1,0,1,2,0,0,1,1,2,0,4,2,1,2,0,1,1,4,1,1,1,0,1,1,1,0,1,1,0,0,1,4,0,0,1,2,0,4,0,1,0,1,0,1,1,0,0,4,4,0,0,2,1,4,0,0,1,2,2,1,0,1,2
"Gene387",0,1,0,0,1,1,3,1,1,0,0,3,1,1,1,3,2,2,1,2,2,3,0,2,1,0,1,2,2,2,1,2,1,0,1,0,1,3,1,4,1,1,0,0,1,0,1,1,2,1,1,0,1,2,1,0,1,1,2,0,0,1,1,1,1,2,0,0,0,0,0,0,0,0,1,2,2,1,0,0,0,1,0,3,2,1,1,0,0,2,1,0,2,0,4,3,0,0,0,1,0,3,1,2,3,0,0,1,2,1,1,1,0,1,0,0,1,2,1,3,2,1,0,1,3,4,1,0,1,0,0,0,0,1,2,1,0,2,0,1,4,1,1,1,2,1,1,2,2,2,1,2,0,0,0,2,0,0,1,1,2,0,1,0,0,1,0,2,4,2,0,1,2,4,1,0,1,1,0,1,1,4,0,0,2,1,1,0,0,4,2,0,0,0,0,0,2,2,0,0,0,0,1,0,0,0,1,0,0,1,1,4,0,2,0,4,0,0,2,1,0,1,0,1,1,0,2,1,4,1,1,2,0,1,1,1,1,2,1,1,1,0,1,2,1,1,1,0,1,0,0,1,1,2,0,0,0,2,1,2,4,1,0,1,0,1,1,1,4,1,1,0,1,4,1,1,2,1,0,2,0,1,1,2,1,0,1,1,0,1,4,5,2,0,2,1,1,4,1,2
"Gene388",0,0,2,1,2,0,0,1,1,0,2,1,2,3,2,4,2,1,2,2,2,2,0,3,0,0,0,0,2,0,3,1,1,1,0,0,1,0,0,0,2,0,2,0,0,1,1,2,0,0,0,1,1,1,0,1,0,2,0,2,0,1,1,1,1,0,1,0,2,2,2,0,0,0,1,1,0,1,0,1,2,0,2,0,0,0,2,1,0,1,2,0,0,0,2,0,2,1,2,1,2,0,1,1,0,1,0,1,1,1,0,2,2,1,2,2,2,1,3,0,2,0,0,1,0,0,3,1,2,0,0,0,0,3,0,1,0,1,0,1,0,2,2,2,0,1,4,0,1,1,1,0,1,2,1,1,2,1,1,0,0,1,1,1,1,4,0,1,1,1,2,1,1,0,2,1,1,1,2,1,0,1,2,0,0,2,1,0,2,0,0,1,2,4,0,1,0,0,2,2,0,0,1,1,1,2,0,2,1,1,1,1,0,1,1,0,0,0,0,0,1,0,2,0,0,1,0,1,1,0,4,0,0,2,0,1,0,2,2,1,2,1,0,0,2,4,1,2,1,0,0,0,4,1,1,0,0,1,1,2,1,0,1,1,0,2,0,0,0,1,1,2,0,1,2,4,2,1,0,0,4,0,1,0,1,0,0,0,1,2,0,1,0,1,1,2,1,4,0,0
"Gene389",0,0,0,0,0,1,0,1,1,2,0,1,1,1,1,1,0,1,3,0,0,0,1,2,1,1,2,0,1,1,1,1,0,0,0,0,1,2,0,1,0,2,2,2,2,0,2,0,0,0,1,0,0,0,0,1,0,2,2,1,1,0,1,0,1,1,1,1,4,2,0,2,0,1,0,2,0,0,1,2,2,1,0,3,3,2,1,0,1,4,0,0,0,0,1,2,2,2,0,0,3,0,5,1,1,0,1,3,1,1,2,1,0,1,0,1,1,0,2,0,2,1,3,1,1,0,1,0,1,1,1,2,1,0,3,0,2,2,0,0,0,2,1,1,0,1,2,2,3,0,1,2,0,1,1,1,2,4,2,0,2,0,0,0,0,1,0,0,4,0,0,4,1,1,2,1,1,1,0,2,6,0,1,0,0,2,1,1,1,1,0,1,0,1,1,0,4,1,1,1,1,0,0,2,0,1,1,1,1,0,1,1,4,1,1,1,2,0,0,1,2,1,4,0,0,2,0,1,1,0,1,1,0,0,4,1,0,1,2,2,0,2,4,1,1,1,0,0,2,2,0,1,1,1,0,1,0,1,2,0,0,0,0,4,1,0,0,0,0,2,0,1,5,1,0,0,1,1,0,1,0,0,2,2,1,0,2,1,1,1,0,0,0,2,1,2,2,1,1,1
"Gene390",0,0,0,1,1,2,1,0,1,3,1,3,0,1,1,1,1,1,0,2,2,2,1,0,0,0,0,1,2,1,1,0,1,0,2,1,1,2,1,1,0,3,0,3,3,1,0,1,1,2,3,1,3,3,1,1,0,1,0,2,0,1,3,2,4,0,1,0,3,1,0,2,3,0,0,6,2,1,0,1,0,1,2,0,0,0,2,0,1,1,1,2,3,1,0,2,2,3,1,0,1,1,1,0,2,2,0,0,0,0,1,0,0,1,1,1,0,0,1,0,2,1,1,2,1,1,2,1,1,1,0,0,1,2,2,3,0,1,1,2,0,3,1,0,3,2,0,0,2,1,1,1,0,4,0,1,0,5,1,1,0,4,1,1,1,2,0,0,1,0,2,2,1,0,0,0,0,1,2,4,2,1,0,1,0,2,1,0,0,0,1,1,1,4,0,0,0,4,1,0,1,0,0,2,1,1,1,4,4,0,0,1,0,1,0,1,0,0,1,0,1,2,0,4,0,2,2,0,0,0,2,0,0,1,1,0,1,4,1,1,2,5,4,1,7,0,0,1,2,1,1,0,1,0,1,1,1,0,0,1,0,2,1,2,0,0,0,0,1,0,0,2,2,2,1,2,2,4,2,1,0,0,1,0,0,0,0,2,1,1,0,0,1,1,2,0,1,2,1,0
"Gene391",3,1,4,1,1,0,1,2,2,2,2,1,1,1,4,1,3,0,0,1,2,1,1,2,1,2,0,0,0,1,4,0,2,1,0,1,1,2,1,0,0,2,1,1,0,1,0,2,0,2,1,0,1,1,0,2,0,1,0,2,1,1,0,1,1,1,4,0,1,1,1,1,0,1,1,1,1,1,0,2,0,0,3,1,0,0,3,1,0,0,0,1,0,1,0,0,1,1,3,0,1,2,2,0,0,2,1,3,2,1,0,0,0,0,1,1,3,2,1,1,0,2,0,0,1,0,0,1,0,0,2,0,2,0,2,1,1,0,0,2,1,1,1,2,0,1,1,0,1,2,0,0,1,1,1,0,2,0,1,4,0,0,0,2,1,0,5,1,0,4,1,0,0,0,4,1,0,2,0,1,1,1,1,0,2,1,1,0,1,1,2,1,2,1,1,0,0,0,2,0,0,1,0,0,4,0,4,4,2,2,1,0,1,1,1,2,2,0,2,1,0,0,0,1,0,0,2,0,1,1,0,0,2,0,2,1,0,1,1,0,1,1,0,4,1,1,0,1,0,6,1,2,0,0,0,0,1,2,4,1,2,0,1,1,1,0,0,1,1,0,0,5,2,0,2,2,0,0,2,1,0,1,2,1,2,1,0,1,0,0,0,1,1,1,0,0,4,1,0,1
"Gene392",0,2,1,4,0,3,0,0,3,0,0,3,0,0,1,1,1,1,1,0,0,1,2,1,1,0,0,2,1,2,0,0,0,2,1,2,0,0,1,0,1,1,0,1,3,2,2,0,0,2,1,0,0,0,1,0,0,1,0,3,1,0,0,1,1,2,1,0,4,0,1,4,1,2,2,1,1,0,2,0,0,1,0,3,0,0,1,1,2,0,0,0,0,2,1,2,2,5,0,0,1,1,1,1,2,1,0,0,2,2,1,1,1,0,0,2,1,3,1,0,0,1,0,0,1,3,1,1,0,1,3,0,1,0,2,0,1,1,2,0,1,0,0,3,0,2,1,1,3,2,1,1,1,4,1,2,1,5,0,1,0,1,2,0,1,1,1,1,0,1,0,2,0,1,0,0,1,1,0,1,0,0,5,0,0,1,1,1,0,2,0,2,0,0,0,1,1,1,0,0,2,1,0,1,0,0,2,1,2,1,2,2,0,0,1,0,1,0,1,1,4,1,0,1,2,1,2,0,1,0,0,0,2,2,1,1,1,2,1,1,2,1,0,1,1,0,4,0,4,1,1,0,2,0,1,4,2,1,0,2,1,2,0,2,1,0,2,0,5,2,1,1,1,0,0,0,0,1,1,0,1,0,1,2,1,1,1,0,1,1,1,0,0,0,0,0,1,5,1,0
"Gene393",1,1,1,0,0,0,0,0,1,0,0,1,2,0,2,3,1,3,0,0,0,4,1,1,1,1,2,1,0,1,0,2,0,1,0,1,2,4,0,0,1,0,1,2,2,2,0,1,2,2,3,0,1,0,0,0,2,2,3,2,4,2,0,3,1,3,0,0,1,0,0,2,2,0,0,3,0,1,1,0,1,2,0,2,1,2,0,1,0,3,1,1,0,0,0,0,1,0,2,1,0,0,0,0,0,0,0,0,3,4,0,1,0,0,1,0,0,0,1,1,1,2,1,0,4,1,1,2,2,0,1,2,0,1,1,4,2,0,1,4,1,1,0,1,1,0,1,0,1,1,0,0,0,0,2,1,0,2,0,0,0,1,1,4,0,4,0,1,2,0,2,0,2,1,0,1,0,1,0,0,0,1,0,1,1,1,2,1,1,2,0,0,0,0,1,1,0,1,2,2,1,1,2,1,1,2,2,2,1,0,2,2,0,1,0,1,0,1,0,2,0,1,1,0,1,0,0,2,0,1,2,1,1,1,0,1,1,1,0,1,0,1,0,1,0,2,1,0,0,0,1,0,1,0,2,0,1,0,1,1,1,0,2,1,0,2,0,0,2,0,2,1,0,2,0,0,1,4,1,1,1,1,1,0,0,2,1,0,2,1,0,2,0,5,1,5,1,1,1,4
"Gene394",2,1,1,1,1,0,1,0,1,0,1,0,0,0,2,1,0,0,0,1,1,2,1,0,2,3,2,2,0,1,2,1,1,1,1,1,0,0,0,1,1,0,0,0,0,1,0,2,1,0,1,2,2,1,0,2,1,1,2,3,1,1,0,0,0,1,0,1,0,1,0,1,0,0,0,0,1,1,1,1,0,0,1,2,0,0,0,0,2,2,2,0,0,2,1,1,3,1,1,1,3,1,1,2,1,0,3,1,1,3,1,0,4,1,1,0,1,2,1,2,1,1,1,2,1,0,0,2,0,0,1,0,0,1,1,1,1,1,1,1,2,2,0,1,2,3,3,1,0,4,1,2,0,4,2,0,0,0,1,1,1,0,1,1,1,0,1,1,4,0,2,1,1,2,0,2,0,0,1,1,1,4,0,1,2,0,4,0,1,2,0,0,1,1,1,4,2,1,1,1,1,4,0,1,2,4,0,0,0,0,1,0,1,4,2,2,0,1,1,1,5,2,2,0,4,4,1,0,1,0,1,0,0,1,2,0,0,2,1,0,1,0,1,2,1,0,1,1,0,0,0,0,0,1,1,1,1,0,0,1,2,5,1,0,0,2,0,5,1,0,1,0,1,1,1,1,0,1,5,0,1,1,2,1,1,6,0,0,1,2,4,0,1,0,0,0,1,2,2,2
"Gene395",0,2,1,3,3,0,1,1,0,0,1,1,1,2,1,4,0,0,1,0,2,0,1,0,2,0,1,1,2,0,2,0,0,1,0,3,1,1,0,1,1,1,1,0,2,1,1,1,5,1,2,0,1,0,2,1,0,2,0,4,1,1,0,3,2,1,1,0,0,1,0,1,1,3,1,0,2,2,0,0,1,2,0,1,1,1,2,0,2,0,0,3,1,1,1,0,1,3,1,1,0,0,0,0,1,1,1,1,0,1,3,2,1,1,0,0,0,1,0,1,0,0,1,1,0,2,0,0,1,0,2,0,1,1,2,0,2,1,1,0,4,1,1,0,0,2,0,2,0,2,1,0,0,1,0,0,0,0,2,0,1,0,0,1,4,1,0,1,2,1,0,0,0,1,1,2,0,1,1,0,2,1,0,0,4,2,0,0,2,0,2,1,1,0,0,2,1,0,1,0,1,1,2,2,0,2,1,1,0,0,1,1,0,1,0,1,0,1,0,1,4,2,1,0,0,2,1,0,0,2,0,4,1,2,0,0,0,1,0,1,2,2,1,0,1,0,0,1,0,1,0,5,0,1,1,1,2,1,2,2,2,1,1,1,0,2,1,2,0,2,2,0,0,0,1,1,0,4,0,2,0,0,4,0,1,0,4,1,0,1,2,0,5,1,0,1,1,5,0,1
"Gene396",0,2,2,1,4,1,2,1,0,1,1,1,0,3,1,0,1,2,0,1,1,1,2,0,0,0,1,1,2,0,1,0,0,1,3,2,0,2,1,2,1,3,0,0,0,0,1,1,2,1,1,0,0,1,2,1,0,0,1,3,2,2,0,1,3,1,1,2,3,0,2,1,2,0,1,1,3,1,0,2,0,1,1,0,0,0,0,1,0,0,1,1,2,1,4,3,1,2,0,0,1,0,1,1,2,1,1,1,0,0,0,1,2,0,1,1,0,3,3,1,0,1,0,2,0,0,1,2,1,0,1,2,2,2,1,0,1,0,0,1,0,0,2,0,2,2,1,7,2,0,2,5,1,0,1,1,0,2,0,1,0,0,0,0,2,1,1,4,2,1,2,0,1,0,0,2,2,0,2,0,1,1,0,0,0,1,1,2,0,1,2,1,2,1,4,1,1,1,0,2,2,1,2,1,1,0,0,1,1,1,0,0,1,1,1,0,0,2,1,0,0,0,1,0,2,1,4,1,2,1,2,2,4,0,0,1,0,1,0,4,0,0,0,0,1,0,1,1,4,2,4,2,0,1,2,1,1,0,1,1,1,0,4,1,2,0,2,0,1,2,2,2,0,4,0,1,1,1,0,1,0,1,1,0,4,0,0,0,0,2,0,1,1,0,0,1,0,2,2,0
"Gene397",0,0,1,1,0,1,1,0,1,1,0,2,0,0,0,1,1,0,2,1,2,2,1,1,1,0,0,0,0,3,1,1,1,0,0,1,1,1,1,0,3,0,0,0,2,1,0,1,3,1,1,1,1,3,0,0,2,2,2,1,5,0,0,0,0,1,1,2,0,4,3,4,1,1,0,2,3,0,1,0,2,1,0,1,1,2,1,0,0,2,0,0,1,2,1,0,2,4,3,2,0,1,0,0,1,3,2,1,1,0,0,0,0,2,0,2,1,1,1,1,1,2,0,1,0,2,1,0,0,2,1,0,0,0,0,2,1,1,0,2,1,0,0,1,0,0,0,0,0,0,2,0,0,2,4,1,4,2,0,1,0,0,2,0,1,2,5,1,0,0,1,0,0,0,0,4,0,4,1,2,1,0,2,2,2,0,0,1,1,1,1,1,0,2,0,0,0,2,1,0,2,2,1,4,1,1,0,2,1,0,2,0,4,4,2,0,0,0,0,0,4,4,2,4,0,0,1,4,0,1,0,2,2,1,2,0,2,1,4,0,4,2,2,2,1,2,0,1,0,1,1,0,1,1,1,1,1,1,1,2,1,0,1,2,0,0,1,0,0,1,0,2,2,2,0,1,2,0,7,2,1,0,1,2,0,0,1,1,2,1,0,0,0,1,4,0,1,0,2,1
"Gene398",0,1,1,2,1,1,1,0,2,0,1,3,2,1,1,2,1,0,1,0,3,1,1,2,0,3,1,4,1,1,0,0,0,1,2,1,0,1,3,1,0,2,0,1,1,0,0,7,2,1,1,1,5,0,0,2,0,2,0,2,1,2,1,0,1,2,2,1,1,3,1,1,1,5,1,0,1,0,2,2,0,2,0,0,0,0,0,1,2,2,0,0,1,0,0,3,2,2,0,1,3,2,0,0,1,1,1,5,2,4,0,1,1,2,0,0,2,1,2,4,1,1,1,1,1,0,0,0,4,1,1,2,1,2,0,3,0,1,2,0,1,0,1,1,1,4,3,0,2,0,0,1,2,1,2,1,2,1,4,2,0,2,0,4,1,1,2,0,1,1,1,0,0,0,2,2,0,1,0,0,2,5,2,0,0,2,1,0,1,4,0,1,2,2,0,2,1,1,0,0,1,2,1,1,0,4,2,0,2,0,4,0,4,1,4,0,1,2,2,1,1,2,2,0,2,2,1,0,0,0,1,1,4,0,2,0,2,1,1,2,6,2,0,0,0,0,1,0,0,0,2,0,2,0,2,0,1,0,1,0,1,2,4,2,1,4,1,0,1,0,1,2,1,0,1,4,0,1,1,1,1,0,1,0,1,0,2,0,0,0,0,1,1,1,1,1,1,0,4,0
"Gene399",0,0,0,0,1,1,1,5,2,1,0,1,1,0,2,1,0,0,1,0,1,1,0,0,1,1,0,3,1,3,1,1,1,0,0,1,0,0,0,1,1,0,3,2,0,0,1,5,1,0,0,0,2,0,0,1,1,0,0,0,1,0,1,0,2,2,1,1,1,1,2,1,1,1,1,2,1,0,2,1,2,4,0,0,1,0,1,0,1,0,0,0,3,0,1,0,1,0,1,1,1,0,2,0,3,1,0,2,0,0,2,0,0,0,2,0,0,2,2,0,1,0,1,0,2,1,1,3,1,0,1,1,2,2,0,1,1,1,0,3,0,1,1,0,3,1,2,1,1,0,2,0,1,1,6,1,4,1,2,0,5,0,0,2,0,1,1,1,1,2,4,2,0,0,0,1,2,1,0,0,1,5,1,0,0,1,2,2,5,4,0,1,1,1,0,1,1,1,1,2,1,0,0,1,2,0,2,0,0,0,1,1,5,5,1,1,0,0,2,1,0,0,0,1,0,0,0,1,1,5,1,4,4,5,1,5,0,2,2,0,1,2,0,5,1,0,4,1,1,1,0,0,1,0,1,2,0,1,1,0,1,1,0,0,0,1,2,0,2,0,2,0,0,1,0,1,1,1,4,0,0,2,0,2,1,1,1,0,2,1,0,0,2,4,4,1,0,0,1,1
"Gene400",4,2,0,1,2,0,1,0,1,0,0,1,1,0,1,2,0,1,1,2,0,2,1,0,3,2,1,1,1,1,0,2,3,2,0,1,1,2,1,0,2,1,0,1,1,1,2,1,2,1,1,0,0,0,1,1,0,3,3,1,1,1,1,0,0,2,1,0,0,0,1,2,0,0,4,2,0,0,1,1,0,2,0,0,1,1,0,0,1,0,1,2,0,1,0,1,1,0,1,0,1,0,1,2,1,1,1,1,2,2,0,1,1,0,0,3,2,1,1,1,0,1,0,2,2,2,1,0,4,2,0,1,0,1,0,2,0,4,1,1,1,1,2,0,2,2,0,0,2,4,2,2,1,1,1,1,1,0,1,0,2,2,2,2,0,2,1,1,2,0,1,1,0,1,2,1,4,2,0,2,0,1,0,4,4,0,4,1,0,0,2,2,0,2,0,1,0,1,0,1,0,1,0,2,0,2,2,2,1,0,1,0,2,2,0,0,1,1,0,2,1,2,5,5,0,0,0,2,0,0,0,0,0,4,0,1,0,0,1,2,4,4,2,0,2,1,4,0,2,1,1,1,0,1,0,1,0,0,0,0,2,0,2,1,1,1,0,0,1,0,1,0,1,1,2,0,0,2,1,1,0,0,0,0,1,0,0,2,0,0,1,0,1,1,1,2,2,0,0,0
"Gene401",4,3,0,1,1,3,1,1,4,1,0,1,0,2,0,2,2,0,3,2,2,0,0,2,2,2,2,0,2,0,0,2,0,1,0,1,1,1,1,0,2,0,3,1,1,2,0,0,1,1,0,1,0,3,1,2,0,1,1,0,1,0,0,1,1,0,0,2,0,3,1,2,0,0,1,0,2,1,0,0,1,0,0,0,0,1,1,0,1,0,1,1,0,0,0,0,0,1,0,2,0,0,1,4,0,1,0,2,1,1,0,1,0,1,1,0,1,1,0,1,1,3,1,1,0,1,0,2,1,0,1,0,2,0,0,0,0,1,2,0,2,0,0,1,4,2,1,1,1,2,1,1,4,2,0,1,1,1,1,1,2,2,0,1,0,2,2,1,0,1,1,1,5,1,0,1,0,1,1,0,2,1,0,2,2,0,1,2,2,1,1,1,1,1,1,0,0,1,0,1,2,2,0,0,1,1,1,0,2,0,1,0,1,1,1,2,4,1,4,0,2,1,5,0,1,2,1,1,1,0,0,0,1,0,1,0,1,1,0,1,0,0,0,0,0,0,4,2,0,2,1,1,4,0,0,1,1,0,1,0,1,1,1,1,0,2,1,0,0,1,0,0,0,1,0,0,1,4,1,0,1,1,1,1,1,0,0,1,0,2,0,1,0,0,0,1,1,0,0,0
"Gene402",0,1,0,0,1,1,0,0,4,3,1,1,0,1,0,0,0,0,1,0,1,0,0,0,0,0,1,1,2,0,0,2,1,1,0,3,0,0,2,1,0,2,0,0,0,1,1,1,1,1,0,2,0,1,0,3,1,1,2,0,0,4,2,1,1,2,0,2,1,0,1,0,0,1,1,1,1,0,1,1,1,1,1,1,0,0,0,1,1,0,3,2,2,1,0,2,1,1,0,0,1,1,2,1,0,2,0,1,3,0,0,0,1,0,0,0,1,0,1,0,2,1,2,1,3,0,4,0,0,2,1,1,0,0,1,2,2,0,4,2,2,2,1,1,0,2,1,1,1,0,1,0,0,0,0,0,1,1,1,1,4,0,2,1,0,2,0,0,2,1,0,0,4,1,2,1,0,1,0,2,0,2,2,1,1,0,0,1,2,1,1,0,1,1,2,0,0,4,0,2,2,1,2,1,4,1,2,1,0,1,4,1,1,0,4,1,0,2,0,2,4,2,0,1,0,0,1,0,0,0,1,0,2,0,0,1,0,0,4,2,0,1,0,1,4,1,2,2,0,0,1,2,0,0,1,2,2,2,1,1,0,1,4,2,0,0,0,0,0,1,1,0,0,2,4,2,0,1,1,1,0,0,4,2,0,0,0,0,1,0,0,0,1,1,0,0,1,0,0,0
"Gene403",2,2,0,0,0,1,0,1,0,3,1,3,1,2,1,0,0,1,3,0,1,1,1,1,1,2,0,2,1,0,5,2,0,0,1,0,0,0,0,2,0,0,0,1,2,0,0,0,5,0,3,0,1,1,2,1,1,0,1,1,0,2,1,3,1,0,0,1,1,0,2,0,0,0,0,0,0,2,0,2,0,0,0,1,0,1,3,2,3,1,0,3,1,1,0,0,1,1,2,1,0,2,0,0,3,1,2,2,1,2,0,2,1,0,1,2,0,1,1,3,1,2,0,1,4,0,3,0,1,0,1,0,1,3,2,1,0,2,1,1,2,1,1,0,3,0,0,1,1,1,2,0,0,0,2,2,0,0,0,2,0,0,1,0,4,0,1,0,0,0,2,1,0,2,1,0,2,1,0,1,4,1,0,0,0,2,4,0,0,2,1,2,5,0,2,1,1,1,0,0,1,0,1,0,2,1,0,0,1,2,1,0,0,1,0,5,0,0,5,2,1,1,4,1,1,2,2,0,4,0,2,0,1,1,0,0,1,2,1,0,2,2,1,4,1,0,1,0,1,0,0,0,4,1,1,0,6,0,1,6,0,0,4,1,0,2,0,0,0,1,2,0,1,0,1,1,0,0,1,2,1,1,2,0,0,0,1,4,2,1,2,2,2,0,0,2,2,2,0,1
"Gene404",1,1,1,2,2,0,0,1,0,2,3,1,1,1,0,0,0,1,0,0,0,0,0,2,0,0,2,0,1,0,2,1,0,3,1,0,2,0,0,1,0,0,4,0,1,0,0,1,2,1,1,2,1,1,0,1,0,0,0,2,0,2,0,2,2,1,0,0,0,0,1,1,3,0,1,0,2,1,0,2,0,0,0,2,0,1,0,0,1,0,0,0,1,1,1,0,2,3,1,2,0,1,0,1,0,0,0,1,1,4,1,0,1,1,0,1,0,1,3,1,0,1,0,1,1,2,2,2,0,4,1,2,0,0,2,1,2,1,1,0,0,1,2,1,2,0,0,3,1,2,1,1,5,1,2,0,1,1,1,2,0,1,4,2,2,1,1,0,0,2,2,1,0,0,1,1,1,1,2,0,0,1,2,1,1,0,2,1,0,2,1,1,0,0,2,2,2,1,0,0,2,1,1,1,5,0,0,0,2,1,1,2,1,2,1,2,1,0,1,0,2,1,0,1,0,2,1,1,0,0,0,1,6,1,0,1,1,4,0,1,4,0,0,0,0,2,1,2,1,1,1,1,1,1,0,1,0,0,2,1,2,2,2,5,0,0,0,1,4,1,0,2,1,1,0,0,0,0,1,2,2,4,1,2,1,1,1,1,4,2,1,1,2,0,1,1,0,2,0,1
"Gene405",1,1,0,1,2,2,0,0,1,1,0,0,0,2,2,1,2,1,0,1,2,1,0,2,0,2,1,1,1,3,0,1,0,1,0,0,1,1,1,2,2,0,0,3,1,1,3,1,3,1,2,2,1,0,3,0,0,0,1,0,0,0,0,1,2,0,2,4,0,0,0,2,3,0,0,0,1,1,0,1,1,1,4,2,3,2,1,1,1,0,1,1,2,0,0,0,0,0,4,0,0,1,2,0,0,1,2,2,0,1,0,0,1,4,0,0,0,1,2,3,2,1,3,1,0,1,0,1,1,1,0,1,0,0,4,2,0,3,2,0,1,1,0,1,0,1,0,0,0,1,1,1,1,0,0,0,0,2,5,1,0,4,4,1,4,0,1,1,1,0,1,1,4,1,2,2,1,2,4,2,1,2,0,0,1,0,0,4,1,0,1,0,2,2,5,5,1,0,1,0,0,1,2,1,0,0,0,1,1,5,0,2,2,1,2,2,2,1,0,0,2,0,2,1,0,1,0,0,1,0,1,4,0,2,2,2,1,2,1,2,0,0,1,2,1,1,2,1,0,1,1,0,0,2,0,1,0,4,0,1,2,2,0,2,2,2,1,0,1,1,2,0,0,1,4,4,2,0,2,2,2,0,1,2,1,2,1,0,1,0,2,2,2,1,0,0,2,0,1,1
"Gene406",1,1,2,1,0,1,0,1,1,1,1,2,0,0,0,0,1,1,1,1,1,2,0,0,1,3,4,1,3,1,1,1,3,0,1,0,0,1,2,2,1,1,0,3,0,1,1,0,0,2,1,3,0,1,1,0,3,2,0,1,0,4,1,3,1,0,3,1,1,0,0,2,2,1,0,1,4,2,4,1,2,3,1,3,1,3,1,0,2,1,1,5,2,1,0,2,1,1,0,0,1,1,0,0,0,0,0,1,1,1,0,1,0,1,2,1,0,1,2,2,1,4,1,0,2,1,0,2,0,1,2,0,1,1,2,1,1,2,1,1,4,0,2,2,1,1,1,2,0,0,0,0,1,1,2,0,1,2,2,1,0,1,0,1,1,1,0,0,1,0,0,0,2,4,1,1,0,1,0,1,2,1,1,0,1,0,0,4,0,0,0,1,1,1,5,1,0,1,1,1,0,1,0,4,2,1,1,2,2,2,0,1,2,0,1,1,0,2,0,0,2,5,0,1,1,0,2,2,0,1,2,0,2,0,1,0,1,1,1,1,1,2,1,1,1,1,2,1,1,0,1,0,2,0,2,0,2,0,0,1,0,4,2,2,1,2,0,0,2,1,1,1,2,0,0,2,5,1,2,0,0,0,2,0,2,2,4,4,0,6,1,4,0,0,0,1,0,1,2,1
"Gene407",1,2,1,1,0,2,3,1,2,1,1,2,2,1,0,0,0,0,0,0,0,2,0,1,1,1,0,3,0,1,0,1,0,1,0,1,4,1,2,0,1,0,1,0,3,0,1,0,1,1,0,0,0,1,0,0,1,3,0,0,1,1,1,1,2,1,1,2,0,0,1,1,3,0,1,1,1,0,0,1,2,0,0,0,0,0,1,1,3,1,0,2,2,2,0,0,0,0,0,0,3,1,1,2,1,0,0,2,2,1,0,0,0,2,2,1,0,2,2,1,0,1,1,2,2,0,4,1,3,0,1,0,1,0,1,0,0,1,0,2,0,2,2,0,0,3,1,1,2,0,4,4,1,0,0,1,1,0,1,0,0,1,2,0,1,0,0,0,1,1,0,1,4,0,0,4,1,1,1,2,4,1,0,0,2,1,0,0,1,0,1,1,0,2,1,2,1,0,1,2,0,0,2,0,1,2,2,1,1,2,0,1,4,0,2,0,4,0,0,7,1,1,2,2,5,1,1,0,1,1,0,0,2,1,0,1,1,0,0,4,2,0,0,2,0,1,0,0,4,1,1,0,2,0,5,2,0,0,0,1,4,2,1,0,1,1,0,0,1,1,0,2,0,1,1,4,1,1,0,1,1,0,0,0,0,1,0,0,1,2,0,2,1,1,2,2,0,1,0,0
"Gene408",0,2,3,1,1,1,1,2,1,3,0,1,0,0,1,1,0,3,1,1,2,2,2,1,1,1,1,1,0,2,1,1,0,0,3,1,0,0,0,0,0,2,3,3,1,0,2,2,2,1,0,0,2,2,3,1,0,0,1,2,1,0,0,2,1,0,0,0,1,2,0,4,0,0,0,1,2,0,1,1,1,1,0,2,2,1,0,0,0,1,1,3,0,1,1,0,1,1,0,0,1,0,0,0,1,0,1,1,1,1,2,1,2,0,1,1,1,0,0,2,2,3,0,1,1,2,0,2,2,0,1,4,0,1,1,1,0,0,1,3,1,3,1,2,1,1,0,1,2,2,0,1,0,4,1,2,1,2,0,0,0,0,0,2,0,1,1,1,0,4,1,0,0,1,0,2,2,0,0,0,1,1,4,2,1,0,1,4,1,0,1,0,0,0,0,0,2,0,1,1,1,0,0,0,4,2,0,1,1,2,1,0,1,2,1,4,2,1,0,0,2,0,2,2,2,1,4,1,0,0,1,5,0,1,0,0,1,1,1,2,1,0,1,0,1,1,1,2,1,1,5,0,2,1,5,0,0,2,1,0,1,1,0,1,2,2,0,2,1,1,2,0,1,4,1,5,1,2,0,2,0,2,4,1,1,2,1,0,1,0,0,0,1,0,0,1,0,0,2,1
"Gene409",0,2,0,1,1,0,3,2,2,1,0,0,0,3,0,1,0,1,0,2,0,0,2,0,0,0,0,1,0,0,2,2,2,0,2,1,1,1,0,1,0,3,2,4,2,0,1,1,1,0,2,2,1,0,1,3,0,0,1,0,0,1,1,0,0,2,2,1,3,1,1,1,1,2,1,2,0,2,0,0,1,0,1,1,0,2,1,1,0,0,2,2,1,0,1,2,2,1,0,3,1,0,1,1,0,0,0,0,1,0,0,1,0,2,1,0,1,0,0,1,2,0,0,2,0,1,2,0,0,1,0,3,1,2,1,1,1,1,3,1,1,1,3,0,4,3,0,1,2,5,0,0,1,1,2,2,1,1,0,0,1,1,1,2,1,0,0,2,1,4,2,2,0,0,2,1,0,1,0,1,1,2,1,0,0,2,1,4,4,0,4,1,0,2,0,1,1,2,1,1,1,0,0,0,1,2,0,0,1,1,1,4,1,1,1,0,1,0,0,1,1,0,1,1,0,0,1,2,5,0,4,2,2,0,1,0,1,1,4,1,1,0,0,1,4,1,1,0,0,2,1,0,0,2,0,1,1,0,0,2,1,0,2,1,1,1,0,0,4,0,2,1,4,0,0,0,0,0,1,0,2,2,0,2,2,1,1,2,2,5,0,1,0,1,0,1,1,0,0,1
"Gene410",1,0,3,1,1,1,0,2,1,1,1,1,0,1,1,1,2,0,0,3,1,1,2,1,1,0,0,1,0,2,2,3,0,0,1,1,2,0,1,0,1,2,0,1,0,2,1,2,2,2,1,1,1,1,1,3,2,0,0,0,1,0,2,2,0,2,0,1,0,1,2,2,0,1,2,1,3,2,0,3,1,1,0,1,2,3,0,3,1,0,2,1,1,0,1,1,1,0,0,0,2,3,2,1,1,1,0,0,0,3,0,0,1,0,1,1,0,0,0,2,0,2,0,1,1,0,1,0,1,3,2,0,1,1,1,1,2,0,1,0,1,0,2,0,1,0,2,0,0,0,1,1,0,1,0,1,0,1,0,0,1,2,0,0,1,0,2,2,0,0,7,1,1,1,1,0,0,4,1,4,1,0,2,0,1,1,0,5,1,0,0,0,1,0,0,0,1,0,0,2,1,2,4,1,1,1,1,0,0,0,1,1,1,2,0,0,0,1,0,0,0,1,1,1,1,2,1,1,1,2,1,0,4,0,2,0,0,0,0,1,0,1,0,1,2,0,2,0,0,0,1,0,5,1,1,1,1,2,2,5,1,0,2,0,2,1,1,0,2,0,0,1,0,0,4,1,1,1,1,0,0,2,2,0,0,2,2,0,0,0,0,1,1,0,0,1,0,0,1,1
"Gene411",0,0,1,0,2,1,0,0,0,1,1,3,1,0,1,2,0,1,0,0,1,0,1,0,1,2,1,1,1,0,0,0,1,1,0,0,2,1,2,2,1,2,0,1,2,4,0,1,2,1,0,1,1,0,0,0,1,2,2,0,1,1,0,3,2,0,0,1,1,1,1,1,1,0,0,0,0,6,0,1,0,0,2,0,2,2,1,1,2,0,0,2,0,1,2,1,1,0,2,1,0,0,0,0,1,0,1,2,0,1,2,1,1,3,1,2,2,1,1,0,0,1,2,1,0,2,1,1,1,1,0,2,0,0,1,1,0,2,1,0,0,0,0,0,2,0,0,2,2,1,1,1,0,0,0,1,0,2,4,1,1,1,4,5,1,2,1,0,2,0,1,0,1,1,4,0,5,4,0,1,2,6,1,2,0,0,4,2,4,1,0,5,1,1,0,4,1,1,0,1,2,2,0,1,2,2,2,2,1,4,1,0,2,6,1,4,2,2,1,0,2,0,1,4,1,0,2,1,0,1,5,1,0,1,4,4,2,4,0,2,0,0,0,0,1,0,1,0,4,1,1,0,1,1,1,0,0,2,0,0,1,2,0,1,1,6,1,5,2,2,1,1,2,0,1,2,1,2,1,0,1,0,2,0,4,1,2,1,1,2,1,0,1,1,0,1,0,0,1,1
"Gene412",2,0,3,1,1,1,1,1,0,2,2,1,1,1,0,2,1,0,1,0,2,1,2,0,2,1,1,1,0,0,1,0,1,1,2,1,1,0,1,0,1,1,1,3,1,2,1,1,0,0,0,0,1,1,2,0,1,1,1,0,0,1,0,2,1,1,1,1,0,1,2,1,2,1,1,0,0,1,0,2,0,0,0,1,1,2,1,2,2,0,0,1,0,1,1,0,0,1,0,1,2,1,0,1,2,0,0,0,1,0,0,2,0,1,0,0,2,1,1,1,1,0,0,1,0,0,2,1,1,1,2,4,1,2,0,1,2,1,2,1,1,0,2,1,0,1,2,0,0,0,0,4,1,0,0,2,2,0,2,2,1,2,0,0,2,0,1,0,2,1,4,2,1,0,0,1,0,1,4,0,1,1,5,0,1,2,0,1,0,2,0,1,2,1,0,0,1,2,0,4,2,4,2,0,1,2,2,0,0,0,0,4,1,2,1,0,1,1,2,0,1,2,0,2,4,4,0,1,0,0,0,0,1,2,1,2,0,1,0,1,2,1,1,0,1,0,0,0,0,1,1,0,1,1,2,2,2,0,1,0,1,0,1,2,2,0,1,2,1,1,1,0,0,1,2,2,1,1,1,1,2,0,0,1,1,1,2,0,0,2,2,4,2,1,1,0,4,0,4,1
"Gene413",0,2,1,1,0,2,1,1,2,1,1,0,0,2,1,0,0,0,1,2,0,2,0,2,1,2,1,0,0,0,1,0,1,3,1,0,0,0,2,0,1,1,4,0,0,3,2,1,2,0,3,0,1,2,0,0,1,1,1,0,2,4,1,0,0,1,1,1,0,2,1,0,1,1,3,2,1,0,0,1,1,3,2,0,1,1,0,0,0,2,1,3,0,1,0,0,1,3,1,1,0,1,2,0,2,2,0,1,0,3,2,2,3,2,0,1,1,0,0,1,0,1,0,0,2,2,1,2,2,0,2,2,2,1,1,2,1,0,1,2,1,1,0,0,1,2,0,0,3,0,0,0,2,0,0,1,0,5,0,1,0,0,0,4,0,1,2,2,1,1,0,1,2,1,2,4,4,1,1,2,0,1,0,1,1,2,0,1,2,1,0,2,4,1,4,1,1,1,0,1,0,0,1,0,1,0,0,1,4,2,2,2,2,1,4,2,0,0,2,1,2,1,2,2,2,2,1,1,1,1,1,1,1,5,0,0,1,1,0,1,0,2,0,1,0,0,0,0,1,0,1,1,2,0,2,1,0,1,0,1,1,1,1,0,2,0,0,1,2,0,1,0,0,7,1,0,0,0,0,1,0,2,0,1,0,0,1,2,0,0,2,2,0,2,2,1,1,0,2,0
"Gene414",1,1,0,1,0,0,2,0,0,1,1,1,0,0,1,0,1,2,3,2,0,2,0,1,0,2,1,0,3,0,2,0,1,3,4,2,1,3,0,0,0,0,1,1,0,3,0,0,1,0,2,3,2,1,2,0,0,2,3,1,0,0,2,1,0,0,1,2,0,0,1,2,1,0,1,1,1,1,1,2,3,0,0,0,0,0,0,0,3,0,0,0,2,2,1,0,1,3,1,0,0,2,1,2,4,1,1,2,2,2,1,0,2,1,0,2,1,2,2,0,1,1,1,1,1,0,1,1,1,3,1,1,2,1,1,0,0,0,1,0,0,1,2,0,1,0,4,0,0,2,1,0,1,0,1,2,1,1,2,4,2,0,0,1,2,0,0,0,0,2,0,1,1,0,0,0,4,0,1,0,1,0,1,2,0,2,1,0,1,0,1,0,1,1,2,4,2,0,1,2,0,0,0,0,1,4,0,0,1,1,1,1,2,0,4,0,1,1,1,1,2,2,1,0,0,2,1,1,0,2,1,1,1,2,1,0,0,0,0,1,1,0,1,1,0,0,1,0,1,0,1,0,0,0,1,0,0,0,1,0,2,1,0,1,0,1,1,0,1,1,2,1,0,1,0,0,2,0,1,0,2,1,2,1,0,1,0,0,0,0,0,1,4,2,1,1,0,0,2,1
"Gene415",0,0,0,1,2,2,2,1,0,1,0,0,3,3,1,2,2,0,1,0,0,2,0,1,0,2,0,0,1,1,0,1,0,3,2,0,3,2,1,0,3,0,0,1,2,0,0,1,1,2,1,1,0,0,1,0,2,0,0,1,1,1,1,0,0,1,0,2,0,0,1,1,2,1,0,0,3,1,2,1,0,0,1,0,0,0,0,3,2,1,2,0,2,0,1,2,2,0,1,0,1,1,1,0,1,0,0,0,1,1,0,0,2,1,1,0,1,2,0,2,0,0,0,0,1,0,0,0,2,1,1,1,1,1,0,0,0,2,0,1,0,1,0,1,0,2,2,1,1,1,4,1,2,2,1,0,0,1,0,2,0,4,0,0,1,2,0,1,1,0,0,4,1,1,2,1,1,1,1,1,0,1,1,0,0,0,1,2,2,0,4,2,0,2,2,2,2,1,0,0,1,0,1,0,1,1,1,1,2,1,0,1,0,1,0,1,1,1,0,1,1,2,2,0,1,0,1,1,1,0,0,1,1,1,0,4,0,2,0,2,2,6,1,2,0,1,2,0,2,4,0,1,1,0,1,1,0,0,1,1,0,0,0,2,1,2,2,0,1,2,0,1,0,0,1,0,0,0,5,1,1,1,2,1,2,2,5,2,1,0,0,2,1,2,1,1,1,2,0,0
"Gene416",0,3,1,0,0,1,1,1,2,1,1,1,2,2,1,0,1,1,1,1,2,0,1,1,0,2,1,1,0,0,0,0,0,1,1,1,0,1,0,1,2,0,0,2,1,2,1,1,0,2,0,1,2,0,0,3,1,0,0,1,0,0,1,1,1,2,1,0,0,1,0,2,0,1,1,0,1,0,2,0,0,0,0,1,0,1,1,1,1,0,3,1,1,1,2,0,2,1,2,1,0,1,1,1,0,3,1,2,2,3,0,0,2,1,1,0,2,1,1,2,1,0,1,1,1,0,2,1,0,1,1,1,1,1,0,1,0,1,0,1,1,5,0,2,1,0,2,1,3,1,0,2,0,1,2,1,4,1,5,0,1,0,1,2,0,0,1,0,1,2,2,0,1,2,4,2,0,1,0,2,0,0,0,0,2,2,0,2,1,0,4,0,1,2,0,0,1,1,1,0,4,1,1,0,4,4,2,0,0,0,4,0,1,2,0,1,0,1,1,0,0,1,0,2,2,1,0,2,0,0,4,4,1,2,1,2,2,1,1,1,1,0,0,1,1,4,1,0,4,0,2,2,0,2,2,2,0,0,0,2,2,2,4,2,1,1,0,2,0,2,0,0,2,2,0,1,1,1,0,0,1,1,0,0,1,2,0,2,0,0,0,1,0,1,2,1,1,2,1,1
"Gene417",3,1,1,0,0,2,2,0,0,1,0,2,1,1,1,1,1,0,0,1,0,1,2,2,0,2,0,1,1,1,1,1,2,0,1,3,2,2,0,0,2,3,1,2,1,2,0,2,0,3,1,3,3,1,0,1,4,1,1,0,1,0,2,0,0,1,1,3,0,0,1,0,0,1,0,0,2,1,0,1,1,1,0,1,0,0,0,0,0,1,0,0,0,0,0,0,5,0,2,1,1,1,4,4,3,0,2,3,0,0,3,1,1,1,1,2,2,1,2,1,0,0,0,1,0,0,1,0,1,0,2,2,2,0,1,1,3,0,2,2,1,2,1,1,0,1,0,1,2,1,0,2,0,1,1,4,1,2,0,2,1,2,1,1,0,2,1,0,0,0,1,1,1,1,0,2,2,0,1,0,0,0,1,1,1,2,0,0,0,1,2,5,1,1,4,1,1,0,1,1,5,0,1,0,0,1,0,0,1,0,2,5,0,1,1,0,2,0,0,1,0,0,0,0,2,1,0,1,1,0,0,0,5,0,4,1,1,0,0,5,1,4,2,0,1,0,1,1,0,2,1,0,2,2,2,5,2,2,1,1,1,1,0,2,1,2,1,0,1,0,4,1,0,0,0,0,1,1,0,1,0,0,0,1,1,4,0,2,4,0,1,0,1,1,4,2,1,1,1,2
"Gene418",0,1,0,1,1,1,0,0,0,1,1,0,0,2,0,1,1,0,2,0,1,0,0,1,2,0,2,2,1,0,1,1,0,0,1,2,1,1,0,1,0,1,0,3,0,5,2,1,1,0,2,1,3,2,1,0,2,0,1,1,2,0,0,0,1,0,0,1,1,2,0,0,0,0,0,1,4,1,0,0,0,1,1,3,2,1,2,2,1,3,1,0,2,0,0,2,1,2,1,0,0,1,1,4,0,0,1,2,0,1,2,1,3,0,1,0,0,1,1,1,2,0,0,1,1,0,1,1,2,1,0,0,0,2,0,2,1,4,1,2,1,0,0,0,1,1,1,2,1,1,0,1,4,0,1,2,1,0,0,1,1,0,2,0,0,0,1,0,1,1,4,2,1,0,2,2,1,0,1,0,1,1,2,2,0,2,0,1,2,1,1,0,4,0,1,1,1,0,0,1,1,2,2,0,0,2,0,0,1,1,2,2,0,1,0,0,0,0,1,0,1,0,1,2,0,0,1,4,1,1,0,0,1,0,1,0,0,0,1,0,1,1,0,1,0,4,4,1,2,4,0,0,1,1,0,1,1,2,2,0,1,0,1,2,2,0,0,0,1,0,1,1,0,1,0,0,1,0,2,0,1,2,1,0,0,4,0,1,0,0,0,0,2,1,0,1,4,0,2,0
"Gene419",1,1,2,2,1,1,2,3,1,0,0,2,1,1,1,3,1,0,1,3,3,0,0,0,0,1,2,0,1,2,4,2,1,1,2,0,1,0,1,2,0,1,1,2,2,0,0,0,1,1,2,1,2,0,2,1,1,0,1,0,1,2,1,1,2,0,0,3,2,0,0,0,1,2,1,0,2,0,0,0,1,3,1,1,0,0,1,0,1,0,3,1,2,2,1,0,0,1,1,0,0,0,0,2,0,1,2,0,1,0,1,1,1,0,0,1,1,2,0,3,2,1,2,1,0,0,1,1,4,3,1,3,0,1,0,0,2,2,0,5,1,0,0,2,1,1,1,2,1,0,1,1,1,4,4,0,1,0,0,2,0,1,0,2,1,2,1,0,2,1,1,2,0,1,0,2,0,2,1,0,1,1,1,1,0,1,0,1,0,2,1,0,1,0,2,5,0,0,1,1,2,1,0,0,2,2,0,1,4,1,1,4,0,1,2,0,0,1,0,1,0,2,4,0,1,0,1,1,0,4,0,1,2,1,0,0,1,5,1,2,1,0,1,0,2,0,1,0,1,1,0,0,1,0,4,0,1,1,1,0,2,0,1,2,4,1,0,0,0,2,4,4,0,1,1,2,0,4,0,1,1,1,0,0,1,0,0,1,0,0,2,1,0,1,1,0,0,0,1,1
"Gene420",0,0,0,0,0,1,0,4,1,1,3,0,1,5,0,0,0,2,1,2,1,0,2,2,4,1,1,0,0,0,3,0,1,1,1,1,1,1,0,0,0,1,1,0,1,0,1,2,0,2,0,2,1,1,2,0,1,1,3,3,0,0,0,1,2,0,1,1,1,0,1,2,2,0,2,1,1,2,1,0,1,1,1,0,1,1,0,3,0,1,0,0,1,1,0,1,2,0,0,2,0,1,1,2,0,0,2,1,1,2,0,2,0,2,1,1,0,2,1,0,0,0,2,0,2,1,0,1,1,1,0,1,0,1,2,2,1,0,1,0,1,1,1,0,0,0,1,1,1,2,2,1,0,2,0,2,1,0,0,1,0,1,5,1,0,4,1,0,1,1,1,1,0,0,1,0,0,1,4,0,1,1,0,1,1,5,0,1,1,0,0,0,0,4,1,0,1,0,4,2,1,0,0,1,1,0,2,1,0,4,0,0,0,0,1,0,1,0,1,0,1,5,1,0,0,4,2,0,0,1,1,0,1,1,2,1,0,0,2,1,0,0,0,0,1,0,1,1,2,2,1,1,0,2,1,1,2,1,0,1,4,0,1,0,1,0,0,1,1,0,1,0,0,0,0,1,0,1,0,0,0,0,1,0,0,5,0,0,1,1,2,0,4,1,2,1,0,0,1,1
"Gene421",1,2,2,2,1,0,0,0,1,1,0,1,1,1,1,4,2,2,0,0,0,0,1,1,1,2,2,0,1,3,1,0,0,0,2,1,0,1,1,4,1,0,0,2,0,0,0,1,0,1,2,1,0,1,1,0,2,1,0,0,0,1,0,4,2,0,2,1,3,3,1,1,1,2,0,2,0,3,0,0,2,1,3,0,2,1,1,2,1,1,0,0,0,0,1,2,0,3,1,1,0,1,2,1,0,2,3,0,1,1,1,2,0,1,1,1,0,1,4,0,0,1,2,1,3,2,1,0,0,0,2,1,0,0,0,2,2,3,0,2,0,1,0,1,0,0,2,1,0,2,1,2,1,4,0,0,0,0,1,2,1,1,0,1,0,0,2,0,0,1,0,2,2,0,0,5,2,0,2,2,1,1,2,4,1,2,4,1,0,1,0,1,0,0,0,1,2,0,1,0,5,5,0,1,1,1,0,2,0,1,2,1,0,0,1,0,0,1,1,2,0,0,1,0,1,0,4,1,1,0,0,1,4,0,0,1,0,0,2,2,2,2,2,2,1,4,1,4,0,0,0,1,1,0,1,0,2,0,2,0,2,1,5,0,1,1,0,1,0,1,1,2,2,4,1,1,0,5,0,1,0,0,1,0,1,1,1,2,0,0,1,2,2,1,0,0,1,1,0,1
"Gene422",1,0,1,1,2,1,1,1,1,0,1,1,2,1,0,2,1,0,2,1,1,4,2,1,1,2,2,1,0,2,0,2,0,3,2,0,1,2,3,1,1,0,4,0,2,0,0,1,2,0,0,1,0,1,2,1,1,2,0,1,2,2,3,1,1,0,1,0,1,1,1,0,0,2,2,0,1,3,0,3,1,1,0,0,1,0,3,1,1,1,4,0,0,1,2,0,2,0,2,1,2,3,0,1,0,0,0,1,0,1,2,0,3,0,3,3,2,1,1,0,1,2,2,1,0,1,3,1,3,1,1,1,2,3,1,0,1,2,0,0,1,1,4,0,0,4,0,0,0,2,0,2,2,0,2,4,0,0,0,1,1,0,2,2,1,0,4,2,1,2,1,0,0,1,1,1,0,0,1,1,2,2,0,1,2,2,1,1,1,0,0,5,0,1,6,0,0,2,1,1,1,2,1,1,0,1,0,2,1,0,1,4,5,2,1,0,0,4,1,1,0,0,1,0,2,2,0,1,0,0,1,2,0,1,1,0,1,0,0,1,1,0,4,1,0,4,0,4,1,1,1,4,0,1,0,4,0,1,0,4,1,5,1,0,0,1,1,0,0,1,1,0,2,1,0,2,0,0,2,2,2,0,1,0,0,0,0,2,4,0,1,0,1,0,2,1,2,0,2,4
"Gene423",1,0,1,4,0,2,4,3,1,0,0,1,1,2,2,0,1,3,1,3,1,0,2,0,3,3,3,1,3,2,1,1,0,0,3,0,0,3,0,1,2,1,0,0,1,2,2,2,0,1,1,1,1,0,1,2,1,2,2,3,1,1,1,2,1,0,1,0,1,1,0,1,0,2,2,1,1,0,1,0,0,0,1,0,1,1,1,2,1,2,0,1,0,0,1,0,0,0,2,0,1,1,1,1,0,1,0,2,3,0,3,2,0,1,0,0,0,0,1,2,1,0,1,1,1,1,2,0,1,0,1,0,3,1,0,2,0,1,1,1,1,2,0,1,3,2,1,1,1,0,1,0,1,0,1,1,1,0,1,2,1,5,0,1,1,1,1,1,2,2,0,0,2,0,2,1,1,0,1,0,0,1,0,1,2,1,2,1,0,1,2,2,0,1,2,0,4,1,0,2,1,0,1,0,0,0,0,1,1,1,1,2,1,0,0,2,2,0,1,0,0,0,2,2,0,1,1,1,0,1,0,1,0,1,1,1,1,1,0,0,1,0,0,5,1,1,2,0,2,1,2,0,0,1,0,1,1,0,1,0,0,1,1,1,0,1,0,0,1,0,0,0,0,0,2,1,1,2,1,1,4,1,0,0,4,1,2,0,0,2,0,5,2,0,1,2,0,1,0,0
"Gene424",0,2,3,1,1,0,1,0,2,0,1,1,0,0,2,0,1,1,1,2,1,0,1,1,2,0,4,0,1,0,1,0,2,1,1,1,1,1,1,3,1,4,0,0,0,1,2,0,1,0,3,1,1,3,0,1,0,1,1,0,0,0,0,3,1,1,0,0,1,0,1,1,3,1,1,0,1,0,0,1,2,0,1,2,3,2,1,2,1,1,0,0,0,1,1,1,0,1,2,1,0,1,3,2,0,2,1,1,0,1,0,0,0,2,0,0,0,1,2,1,0,1,3,0,0,0,0,0,1,1,2,0,0,2,1,2,0,2,1,1,1,0,2,1,5,3,0,1,0,2,0,2,1,2,0,4,1,1,0,0,5,0,1,2,1,0,0,2,0,4,1,0,0,1,1,1,1,1,1,1,2,2,1,4,1,0,1,2,2,1,1,1,0,2,4,4,1,0,1,1,4,1,0,2,2,2,0,0,2,0,0,1,2,1,1,1,1,0,0,0,2,0,0,1,1,0,1,1,1,0,2,0,0,1,0,1,1,2,1,1,0,5,0,0,4,2,0,4,4,0,1,2,1,2,1,1,1,4,4,4,0,0,0,1,1,1,0,1,1,0,1,1,0,0,1,1,1,1,1,1,0,0,0,1,1,0,0,0,1,2,0,0,0,0,0,1,0,1,1,2
"Gene425",2,1,1,1,1,1,0,0,0,0,0,1,1,0,0,1,2,0,1,2,0,0,1,0,0,0,0,0,1,1,2,0,1,3,2,3,0,3,0,2,0,1,1,0,1,1,0,1,0,2,2,1,1,2,1,2,0,1,0,1,1,0,1,1,0,1,2,0,1,0,1,0,0,2,0,1,0,0,1,0,0,2,3,0,1,1,1,1,1,1,1,1,2,0,0,2,1,0,0,1,1,0,0,1,0,1,1,2,0,0,1,1,0,2,4,2,0,0,0,1,0,1,1,1,2,1,2,0,0,0,1,0,0,0,3,0,0,3,1,0,2,2,1,2,2,1,0,1,1,0,1,2,2,0,0,0,2,0,4,1,0,0,0,0,2,2,2,1,0,4,1,0,0,4,0,1,2,0,1,1,1,1,1,1,1,1,1,1,0,4,2,2,2,0,0,0,0,1,0,0,1,0,1,2,0,2,1,0,1,4,1,2,2,2,0,1,1,1,1,2,0,0,0,2,1,0,1,2,1,1,1,1,1,0,1,1,0,1,0,1,2,0,0,1,0,0,0,0,0,0,0,0,0,0,1,1,0,1,0,1,1,1,1,0,4,0,0,0,1,1,0,0,1,1,1,2,0,1,1,0,1,4,5,0,0,0,0,1,2,2,0,2,2,1,1,0,0,0,1,1
"Gene426",1,1,0,1,1,0,0,1,4,2,2,1,0,0,3,0,0,2,1,2,1,0,0,0,1,1,0,1,2,0,1,1,2,1,0,1,3,0,1,1,1,2,1,0,2,1,0,2,1,0,1,2,1,0,1,0,2,4,1,0,1,0,2,1,0,2,0,1,0,0,1,0,0,4,1,1,0,1,1,0,3,0,1,2,1,2,2,1,0,0,2,3,1,1,0,1,1,0,0,3,3,1,1,1,0,1,1,0,0,2,1,0,0,2,0,2,1,1,4,0,3,0,0,1,0,0,1,4,1,2,0,1,2,1,0,0,1,0,0,0,2,1,1,2,0,1,2,0,1,3,2,1,0,1,1,2,1,1,0,0,1,0,1,2,1,2,0,0,2,1,4,6,1,1,0,0,1,0,1,1,0,1,4,0,4,2,1,0,0,1,0,1,1,0,2,1,1,2,1,1,1,4,0,1,0,4,0,0,0,1,0,2,2,0,1,1,1,4,4,4,0,1,2,2,0,2,2,4,0,1,1,2,0,0,0,0,1,1,0,1,0,1,0,2,0,1,4,0,0,0,2,4,0,1,0,1,0,1,0,2,2,2,1,0,0,0,1,1,1,2,2,0,0,2,1,4,1,0,1,2,1,4,2,0,1,5,0,0,2,1,1,0,1,0,0,2,2,1,0,0
"Gene427",0,0,1,1,0,2,2,2,3,0,1,3,3,2,2,3,1,0,1,2,1,2,2,1,0,3,0,0,1,2,0,2,1,2,3,1,1,4,1,2,1,1,3,1,1,3,3,1,1,1,0,1,1,2,1,0,0,1,0,2,2,1,0,1,2,1,3,0,0,2,1,0,0,2,1,1,1,0,2,1,1,1,1,2,1,2,1,1,1,1,0,3,1,0,0,2,1,1,1,0,1,0,2,0,0,0,2,1,0,0,0,0,1,1,1,0,1,1,2,1,2,0,1,0,2,1,1,1,1,1,3,0,1,0,1,1,1,0,1,1,0,0,1,1,0,1,2,2,1,2,1,2,4,2,1,2,1,2,1,5,1,0,2,0,1,0,6,2,1,1,0,0,5,4,1,1,2,1,0,0,0,2,0,1,0,1,5,0,2,0,1,2,1,2,0,0,0,1,0,0,1,0,0,0,0,0,0,1,0,1,1,2,0,1,0,2,1,0,4,1,0,0,2,2,1,0,0,0,1,0,1,0,0,0,0,0,6,1,5,0,2,1,0,1,0,1,2,0,0,1,2,1,2,1,0,1,2,0,1,1,2,1,1,1,1,1,0,0,1,1,1,4,1,2,2,0,0,0,1,0,0,1,0,1,2,0,5,0,0,0,1,2,0,1,1,1,1,1,1,0
"Gene428",1,1,4,0,2,3,1,1,0,0,0,2,3,1,0,0,2,1,1,2,2,0,5,1,0,0,1,0,3,0,1,1,0,1,0,0,0,0,1,1,1,0,2,1,1,0,2,1,0,0,2,0,0,2,3,1,2,0,1,2,1,1,3,1,1,2,2,3,1,3,1,3,1,2,1,1,1,1,0,0,1,1,2,0,0,2,0,0,2,0,1,1,3,2,0,0,3,0,0,2,0,1,0,0,0,0,1,1,0,0,1,0,0,3,0,1,1,2,0,2,1,3,1,0,0,2,1,0,0,2,1,0,1,1,1,0,1,1,1,0,1,1,0,2,0,0,3,2,0,1,0,1,2,0,1,4,0,2,2,0,1,0,1,0,1,0,1,0,1,1,1,0,1,0,2,0,2,2,1,1,2,0,0,0,1,1,1,1,4,2,4,1,1,0,0,1,2,1,1,0,1,0,0,0,2,2,4,1,1,2,1,0,1,0,0,0,1,2,1,0,0,4,2,2,2,0,2,0,2,2,1,1,2,1,0,2,1,4,1,1,0,1,1,0,2,2,0,0,0,2,0,1,0,2,2,2,1,0,1,1,2,1,0,0,1,0,0,2,1,0,0,2,0,2,0,0,0,1,1,1,1,2,1,0,1,1,1,1,0,0,2,4,5,1,2,0,1,0,2,2
"Gene429",0,0,3,1,1,1,1,0,2,1,1,0,2,0,0,1,2,0,0,0,1,0,0,3,1,2,0,1,0,0,0,2,1,0,1,3,1,0,2,1,1,4,2,1,0,2,1,1,0,1,1,0,1,1,0,2,0,3,1,0,1,0,0,0,1,1,2,1,3,1,0,0,0,0,0,0,0,0,2,2,0,0,0,1,0,2,0,0,1,1,1,0,1,1,3,2,0,2,1,1,1,2,1,2,0,1,0,1,0,1,0,0,0,1,0,1,1,2,2,1,1,3,0,0,1,1,1,2,0,1,0,1,1,2,3,1,0,0,1,2,0,1,1,0,1,4,0,1,1,1,0,1,5,1,1,1,0,0,0,4,2,2,1,1,1,2,1,1,1,2,1,0,1,0,1,2,1,2,2,0,1,1,0,2,0,2,2,0,0,4,1,2,0,4,1,1,0,1,2,2,0,2,1,1,1,0,5,0,2,1,1,0,1,0,1,0,2,2,1,0,2,0,1,0,2,0,2,0,1,1,1,0,4,0,0,0,2,2,2,0,0,0,1,1,1,1,0,1,1,1,0,1,1,2,4,0,2,0,0,4,0,0,1,2,0,1,0,5,1,1,0,1,1,0,2,0,1,2,2,0,0,1,0,2,2,1,0,1,1,1,1,1,0,4,2,0,0,5,2,0
"Gene430",2,2,1,3,2,1,2,2,0,2,0,1,0,2,1,2,0,1,2,2,2,0,1,1,1,0,0,1,0,1,2,0,1,0,1,0,1,0,0,3,0,0,1,2,0,1,1,0,2,0,3,0,0,0,0,0,0,2,0,4,0,1,1,2,0,2,0,0,0,1,2,0,0,3,2,0,1,1,1,0,0,0,1,1,1,2,1,3,3,0,0,0,0,1,1,1,1,2,1,1,0,0,0,2,1,0,1,0,1,1,0,0,0,0,3,1,2,1,0,3,2,0,1,2,1,1,0,1,0,2,0,0,1,0,0,1,0,0,2,0,1,1,0,0,2,1,2,2,2,0,2,1,0,1,1,0,0,1,2,4,1,0,1,2,1,0,1,1,0,2,0,0,1,1,0,1,4,1,0,2,0,0,4,1,1,2,0,1,0,1,2,0,2,0,1,2,0,0,1,1,0,0,2,1,0,1,1,1,0,1,0,2,0,0,1,4,1,1,0,0,1,2,1,4,0,1,1,2,1,6,0,1,2,1,0,1,4,0,1,0,1,1,1,0,4,0,0,0,1,2,1,1,1,0,1,0,1,1,1,0,1,0,2,1,0,1,2,0,0,1,0,2,4,2,0,2,1,0,1,1,1,2,0,1,2,4,1,1,0,0,0,0,2,0,1,0,1,0,0,2
"Gene431",3,2,2,1,2,1,0,2,0,1,1,0,1,4,0,0,0,2,0,1,1,1,0,1,0,2,0,1,1,0,0,2,1,0,0,2,2,2,1,1,2,2,0,3,3,0,1,4,0,0,0,0,1,1,0,1,1,0,0,1,0,2,2,1,0,0,1,0,0,3,0,2,0,0,0,2,2,2,2,0,1,0,1,0,1,2,1,1,0,1,0,3,0,1,2,1,1,0,1,0,1,1,1,0,0,1,0,1,2,0,1,0,1,1,2,1,1,0,1,3,3,3,2,0,1,0,0,1,0,1,1,1,1,3,1,1,0,2,4,0,1,1,0,1,0,1,0,1,1,1,2,1,1,2,2,0,2,2,0,2,1,2,0,0,1,2,1,1,0,4,0,4,5,1,1,1,0,0,1,0,0,0,1,1,0,2,4,0,2,1,1,1,0,1,0,0,0,1,2,0,4,2,1,0,0,1,2,0,1,2,0,1,2,1,1,1,0,2,4,2,4,4,0,0,0,1,0,1,2,6,2,0,0,0,0,2,0,2,0,1,0,0,1,1,4,1,1,1,0,0,5,1,1,1,1,1,1,0,0,0,1,1,1,1,2,1,0,4,1,1,0,0,0,0,2,0,0,1,1,0,0,0,0,2,2,0,1,1,0,2,0,0,0,1,0,1,0,1,0,1
"Gene432",1,0,0,1,1,0,1,2,0,1,2,1,0,2,0,2,0,3,0,0,3,1,1,1,2,0,0,1,1,0,2,0,1,1,3,2,0,1,1,1,0,0,2,0,0,0,0,1,0,0,1,0,3,0,0,1,1,0,0,1,1,2,1,1,0,1,0,1,0,2,0,0,3,0,1,2,0,2,1,1,3,3,2,3,2,1,0,1,1,0,1,2,1,0,0,0,1,2,1,0,1,1,1,1,0,1,0,2,0,2,2,1,3,2,2,0,2,1,2,2,2,2,1,2,0,1,3,0,2,0,1,2,1,0,1,2,0,2,0,1,2,1,2,0,0,4,1,2,0,1,4,0,1,1,2,2,0,1,2,0,1,0,4,1,4,1,1,0,2,1,0,2,1,0,0,0,4,1,0,1,0,1,1,1,2,0,0,1,1,0,0,0,2,2,4,5,0,2,2,1,1,0,1,0,0,1,0,2,4,1,2,1,2,0,1,2,1,1,2,0,6,2,0,1,0,2,2,0,0,0,1,2,2,1,1,1,2,1,0,1,5,0,0,1,1,0,0,0,0,0,0,0,5,4,5,0,1,1,1,0,0,1,2,1,0,1,0,2,1,4,2,2,0,2,0,0,2,2,1,1,0,0,0,0,0,0,1,0,1,0,0,0,4,0,2,1,1,1,2,0
"Gene433",0,2,2,0,0,1,0,2,2,2,2,0,3,0,0,0,0,1,1,0,1,0,1,1,2,1,3,1,1,1,1,0,2,1,2,0,0,3,0,3,2,1,0,1,1,0,0,1,2,1,1,1,1,0,2,0,1,1,2,0,2,1,1,2,2,0,1,0,2,0,1,0,1,0,0,0,1,0,0,2,0,3,1,0,1,2,1,1,4,1,1,1,0,0,0,1,1,1,0,1,2,0,2,0,1,2,2,1,0,1,1,0,1,2,1,1,1,0,1,3,0,0,0,0,0,1,3,0,0,0,0,3,1,0,2,3,1,2,2,1,1,0,1,0,0,1,1,0,0,1,0,0,0,1,2,1,1,4,2,0,4,2,2,0,1,0,5,1,2,1,1,2,0,0,2,0,1,4,1,2,2,1,1,0,0,2,2,0,1,0,4,0,2,1,1,1,0,1,4,0,0,0,1,1,1,1,2,0,0,0,1,2,1,0,5,2,2,1,1,1,6,1,0,0,0,2,1,1,5,2,2,2,0,5,1,4,1,2,0,4,0,0,0,0,0,2,1,0,0,0,0,4,1,1,1,1,2,5,0,2,0,4,0,4,1,1,0,0,1,2,4,1,0,1,1,1,2,0,1,1,0,2,0,2,4,1,0,2,1,0,1,0,0,0,1,0,4,0,1,2
"Gene434",5,1,2,0,2,0,1,0,0,2,1,0,2,1,2,2,0,0,1,0,2,2,0,1,2,0,0,0,2,2,1,0,1,1,1,0,0,1,1,1,0,2,0,1,0,3,2,0,1,2,0,2,0,1,2,2,0,1,0,1,3,0,1,2,1,2,1,1,2,1,1,0,3,0,1,4,0,2,2,1,0,2,2,2,4,0,0,2,0,0,2,1,0,1,0,2,1,0,1,2,0,0,2,0,2,2,0,0,1,3,2,0,0,0,2,0,0,2,1,1,1,0,2,1,1,1,1,0,0,2,1,1,0,0,1,0,0,3,0,4,0,2,2,2,1,3,1,0,4,1,0,1,1,1,1,0,0,0,0,1,0,0,1,0,1,1,1,0,1,2,1,2,2,1,2,1,1,0,1,1,1,1,2,1,1,2,1,1,2,0,0,0,1,1,2,1,2,2,0,0,1,1,0,2,4,1,0,2,2,1,2,0,1,2,1,0,2,5,1,0,1,1,2,0,1,4,0,2,0,0,0,0,1,0,0,1,1,0,0,0,0,2,0,1,0,0,1,1,2,0,2,0,0,1,1,1,0,4,4,1,0,0,0,0,2,1,4,1,2,0,1,0,0,1,1,0,1,2,0,1,2,1,5,0,1,2,0,0,1,1,4,1,0,2,1,1,1,1,0,2
"Gene435",0,3,1,0,0,2,0,0,0,2,1,2,1,1,1,2,0,1,0,2,0,0,2,3,1,0,0,1,1,1,0,0,1,0,1,1,0,0,0,0,2,0,3,3,0,0,1,1,0,1,0,0,2,3,1,0,1,2,0,3,0,3,3,1,2,0,0,1,0,3,1,2,0,0,3,0,0,1,0,0,0,0,1,1,1,0,2,0,0,2,0,2,1,0,0,1,1,0,1,0,1,0,0,2,1,0,1,1,4,2,0,1,1,0,1,0,0,1,2,2,1,2,2,0,4,1,0,1,1,2,2,2,0,2,2,0,2,1,1,0,0,1,0,1,1,2,2,2,0,0,1,1,1,4,1,0,2,0,2,0,0,2,2,1,2,1,1,1,0,0,1,0,1,0,5,0,0,4,1,1,0,1,0,0,0,1,1,2,1,0,0,1,1,2,2,1,1,1,4,2,5,4,1,2,1,0,0,4,0,0,0,0,1,0,2,1,0,0,5,2,0,1,0,1,1,0,4,0,0,2,0,1,0,1,2,1,0,1,0,2,0,0,0,0,0,4,0,1,0,0,0,1,2,2,2,0,0,1,0,2,1,5,2,0,1,0,1,1,1,2,0,1,1,1,2,1,1,2,0,1,2,1,1,1,5,1,1,0,1,0,0,0,2,1,1,4,2,4,2,1
"Gene436",1,0,1,0,1,0,0,2,1,1,1,3,2,0,0,1,0,0,2,1,1,1,2,1,1,1,1,2,0,0,2,2,3,2,2,1,2,2,0,1,0,1,0,3,1,2,1,1,3,1,0,2,0,1,0,0,2,1,4,1,1,2,1,3,0,0,1,0,1,0,2,0,1,0,1,0,0,0,2,1,0,0,1,1,3,1,1,0,1,2,2,1,1,0,3,0,2,0,1,0,0,1,0,0,1,0,0,2,2,0,0,1,0,0,2,1,1,0,0,0,0,5,2,0,3,2,1,1,1,1,0,0,1,1,1,1,3,1,2,1,2,0,3,1,1,1,1,3,0,1,0,0,0,2,4,2,2,1,0,2,0,0,0,0,5,0,0,0,0,0,0,0,0,1,1,1,2,4,1,2,1,4,2,0,1,0,2,2,2,0,2,0,4,4,2,0,4,1,2,1,0,1,2,1,1,0,1,2,1,1,1,0,0,1,2,0,0,0,2,2,0,1,2,0,0,0,1,1,0,0,2,2,0,0,0,1,2,1,0,0,1,0,1,1,0,2,6,0,2,1,1,0,0,1,4,1,2,0,0,1,1,2,0,0,0,1,1,1,1,1,4,0,0,1,0,1,0,0,0,1,2,1,0,0,1,0,1,1,1,2,2,2,1,2,4,1,1,2,1,1
"Gene437",0,1,1,1,0,1,3,0,1,2,3,1,2,1,1,4,1,2,1,2,1,1,0,1,2,0,0,0,1,0,1,0,0,1,1,1,0,1,3,0,1,3,3,1,0,2,1,1,1,0,1,1,2,1,0,0,1,1,2,1,0,2,3,1,1,0,1,0,2,1,1,1,3,0,0,0,0,2,1,1,1,1,3,0,2,1,1,0,0,3,0,3,0,1,3,1,0,1,0,1,1,2,0,0,1,1,2,1,0,2,1,0,0,0,0,0,1,0,1,2,0,1,2,0,0,1,1,0,1,2,3,4,0,3,0,1,0,1,1,1,1,0,2,0,0,0,3,1,2,2,1,0,0,0,2,0,2,0,2,1,0,1,1,0,0,0,1,2,2,0,2,1,0,0,1,1,2,0,2,2,1,1,0,0,2,1,1,2,1,2,0,2,1,0,1,1,0,4,4,1,1,0,1,0,0,0,0,2,1,2,2,0,1,1,0,0,0,1,0,0,0,1,4,2,1,1,4,0,0,0,2,2,1,1,0,2,0,0,5,1,4,5,1,0,1,4,4,2,0,0,1,0,1,0,4,4,1,0,2,1,0,2,1,5,4,1,1,1,1,0,1,0,2,0,1,0,1,1,0,0,0,2,1,1,1,4,0,1,1,1,1,0,1,1,0,1,0,0,0,0
"Gene438",1,2,2,2,1,1,4,0,0,0,4,1,0,0,1,1,2,1,0,0,0,4,1,1,1,0,0,2,1,2,0,1,2,1,0,0,1,2,1,0,1,1,0,3,1,1,0,2,0,0,2,0,0,0,1,0,0,0,1,1,3,1,3,2,2,4,1,1,1,0,0,0,2,3,0,2,0,1,1,3,2,0,1,1,2,0,2,2,1,1,0,1,1,1,2,3,0,2,1,1,2,0,0,1,1,2,1,1,0,0,0,0,0,1,2,0,1,1,2,0,1,1,1,1,1,0,0,2,0,0,1,1,0,0,0,0,1,1,0,0,0,0,1,0,1,1,1,1,1,0,0,1,0,1,1,1,1,4,0,1,2,0,5,0,0,1,0,0,0,2,1,1,1,1,1,0,1,1,1,0,1,1,1,4,1,2,2,1,2,2,2,2,2,0,0,2,0,1,0,1,4,2,1,1,1,1,1,0,1,2,0,1,0,0,4,2,0,0,2,2,0,0,1,0,0,0,0,2,1,2,0,1,4,4,1,2,0,1,1,0,0,0,2,1,2,0,0,1,0,1,1,2,2,0,1,0,0,2,0,0,2,1,4,0,1,0,0,1,0,0,1,0,2,0,2,1,2,0,0,4,0,1,2,0,2,2,2,1,0,1,1,1,0,1,1,1,1,0,0,1
"Gene439",0,2,1,0,0,0,1,1,3,1,0,1,2,0,0,0,3,1,0,0,1,1,1,1,2,1,0,2,1,1,2,1,0,0,3,0,0,1,0,2,2,2,0,1,1,0,2,2,2,0,2,1,0,2,0,0,2,1,0,0,0,1,0,2,2,1,1,0,1,0,1,3,2,1,0,0,2,3,0,0,0,1,0,0,0,0,0,2,0,0,0,2,1,1,2,2,1,1,0,1,2,1,2,2,0,2,2,2,1,3,1,2,1,0,0,0,1,0,0,2,1,0,0,1,0,1,1,1,1,2,0,1,1,4,1,3,0,2,3,0,2,0,0,1,2,2,3,0,4,1,0,1,1,4,2,1,2,0,1,0,1,0,0,2,1,0,0,4,0,1,0,1,2,2,1,2,1,1,2,2,1,1,2,0,1,1,2,2,2,2,0,0,1,0,2,0,0,0,0,1,0,1,0,0,0,1,1,0,0,2,0,1,0,0,2,0,0,0,0,0,0,0,2,1,2,4,4,5,5,1,1,1,2,0,0,0,1,2,1,1,0,1,2,1,1,2,4,1,0,0,1,4,1,1,0,0,0,0,1,0,0,2,1,2,1,2,0,1,1,1,2,1,0,0,1,0,1,0,0,2,1,2,2,0,2,2,1,1,0,1,1,0,1,1,2,0,1,2,4,0
"Gene440",0,0,1,2,2,1,0,2,2,1,0,1,0,0,0,1,1,1,1,1,1,0,2,0,1,0,0,2,1,0,1,1,2,2,1,0,0,2,0,2,2,1,0,2,1,0,0,0,0,1,0,1,1,0,0,1,1,0,0,1,3,0,0,1,0,4,1,3,1,3,0,0,2,0,2,0,1,0,3,2,1,0,1,1,3,2,1,1,0,0,1,1,1,0,0,0,0,2,1,2,1,2,0,0,1,1,0,0,1,2,0,1,0,0,0,3,1,0,1,3,1,0,1,1,0,1,1,0,2,2,0,0,2,1,1,3,1,0,1,1,0,0,3,0,1,1,3,1,0,2,5,1,0,1,0,6,2,0,2,0,0,1,0,0,1,1,0,0,0,2,1,0,5,0,0,0,0,2,1,1,4,1,0,0,0,0,0,0,0,2,2,2,1,0,0,1,4,1,2,0,0,0,1,2,0,0,2,1,5,0,2,1,4,0,0,0,1,0,2,1,1,2,1,0,1,0,0,0,1,4,0,0,4,1,0,0,2,2,1,2,1,2,0,0,0,1,1,0,1,2,2,2,0,2,2,0,0,1,1,1,0,0,2,2,4,5,4,1,0,2,2,2,0,2,1,2,0,0,1,1,2,4,0,1,0,1,0,1,1,0,1,1,2,1,4,2,5,1,1,0
"Gene441",0,3,0,1,1,1,1,2,1,0,2,3,1,1,1,1,0,1,0,0,1,2,2,0,2,1,1,0,1,0,0,0,1,0,2,0,2,2,2,0,4,0,3,1,2,0,0,1,3,1,2,0,3,3,2,3,2,0,0,3,2,2,2,1,3,1,1,4,2,0,2,1,4,1,1,2,1,0,0,0,0,0,3,1,0,0,0,0,3,1,2,1,0,1,0,2,1,1,0,1,2,0,0,1,2,0,0,2,3,1,3,1,3,0,0,0,2,2,0,1,0,0,0,1,2,1,2,1,1,1,1,0,0,2,1,0,2,4,0,1,0,0,1,0,0,4,0,0,1,2,0,2,0,1,1,1,1,2,0,1,2,2,1,1,0,1,1,1,0,4,0,0,2,1,0,1,0,0,0,6,0,0,4,0,0,1,5,4,2,1,0,2,2,2,0,1,0,4,2,1,1,0,1,2,0,1,2,0,0,0,1,1,1,0,4,1,2,1,0,2,2,2,2,1,2,5,0,2,0,0,1,1,1,2,0,1,1,0,2,0,2,1,1,1,0,1,2,1,2,2,5,2,0,1,1,1,0,2,1,0,0,2,4,1,0,0,0,1,0,5,1,0,1,2,4,0,1,4,2,2,1,0,0,1,1,4,1,4,2,0,1,0,1,0,1,0,2,0,2,1
"Gene442",1,1,1,0,0,2,1,0,0,0,1,2,0,0,3,3,1,1,1,2,0,1,1,2,1,1,1,0,4,1,0,1,1,0,4,0,1,0,0,2,0,1,0,2,1,1,0,0,0,3,0,0,0,3,0,2,0,1,0,2,0,1,1,0,2,0,2,0,1,3,3,0,2,1,0,0,4,1,1,0,1,0,1,1,0,3,1,2,4,2,2,4,1,2,1,0,2,2,2,3,1,2,4,1,1,0,1,2,2,1,1,1,1,2,0,1,0,1,1,1,1,0,0,1,1,2,1,0,0,0,3,0,0,2,0,3,1,2,2,1,0,1,0,2,0,2,2,1,0,0,1,1,0,2,1,0,1,1,2,0,1,0,0,0,0,0,2,1,1,1,1,1,1,2,2,0,0,1,1,1,1,2,0,0,1,0,0,0,2,2,0,1,1,0,1,0,1,1,1,0,1,2,1,2,0,0,2,1,1,2,0,4,0,1,0,0,2,1,2,0,1,0,0,2,1,1,1,0,1,1,1,4,0,1,1,0,4,0,1,5,1,1,2,1,1,2,0,0,2,1,2,1,0,1,1,1,0,1,2,2,0,0,1,0,1,1,0,1,0,0,4,4,2,1,4,0,2,0,2,0,1,4,0,2,2,1,0,1,1,1,1,0,2,1,2,0,0,1,1,1
"Gene443",1,1,0,0,0,0,1,0,2,1,1,0,2,1,0,0,1,0,1,0,2,4,0,2,0,2,1,0,0,2,1,1,0,0,0,1,1,1,0,0,1,0,0,3,2,1,3,1,0,0,1,0,0,0,1,0,0,0,1,3,1,2,1,1,3,3,0,0,0,4,1,0,1,2,3,2,1,3,0,1,1,2,1,1,1,2,1,1,0,3,1,1,2,1,0,2,0,2,2,1,1,2,0,1,0,0,2,1,2,0,2,0,1,2,0,1,1,0,2,1,0,0,0,2,2,0,0,2,1,0,1,1,1,2,0,1,0,1,0,1,1,2,2,0,0,0,4,1,0,1,1,1,0,0,1,1,1,4,4,1,1,0,1,0,1,0,2,0,0,1,2,0,2,0,0,1,1,0,0,1,0,0,1,1,1,4,2,1,0,1,2,1,0,0,0,1,2,1,5,6,0,1,1,1,1,4,1,1,1,1,0,1,2,1,0,1,0,1,0,1,1,0,1,1,1,1,1,0,0,2,2,1,2,0,1,1,1,0,2,1,2,1,4,1,0,0,0,4,0,1,1,0,1,0,2,1,1,2,2,0,2,0,1,2,0,0,0,2,0,0,1,1,1,1,1,0,4,4,1,1,0,0,0,1,1,1,0,1,1,1,1,1,1,1,1,1,1,4,1,1
"Gene444",0,1,1,1,0,0,1,1,1,0,2,1,1,1,1,0,2,1,2,3,2,1,0,1,0,1,0,0,1,0,0,1,0,1,0,0,0,1,1,1,3,0,2,2,0,0,3,1,0,1,0,0,0,1,1,0,1,0,1,1,1,0,1,0,0,0,1,3,0,0,1,0,1,0,0,0,0,3,2,1,1,1,0,0,3,4,1,0,0,1,0,1,4,2,0,1,1,2,0,0,3,0,2,1,1,3,1,0,0,0,1,0,1,0,0,1,0,1,1,1,1,0,0,1,1,0,0,1,1,2,1,0,2,2,2,0,2,4,0,1,0,0,0,1,0,2,1,0,1,1,2,1,4,2,1,0,0,1,0,2,0,1,0,2,1,2,0,1,0,1,1,0,1,5,2,1,2,0,2,0,0,0,2,1,1,0,0,1,0,1,2,4,5,1,0,0,0,1,0,2,0,1,1,2,0,0,1,1,1,0,2,1,1,2,1,4,2,1,0,0,2,0,1,4,1,1,0,1,0,2,0,0,1,0,1,0,0,1,2,0,0,2,1,0,0,1,2,0,1,0,2,0,2,2,0,0,1,2,1,2,0,1,1,1,1,1,4,0,0,0,0,0,1,0,0,0,0,1,1,0,1,2,0,0,1,1,0,0,2,1,1,1,1,0,2,5,1,0,2,2
"Gene445",2,0,2,0,0,0,0,1,1,2,0,3,1,0,1,1,1,1,0,2,1,3,0,0,0,1,2,2,1,0,1,2,1,2,3,0,2,1,0,1,2,3,0,2,1,0,1,0,1,0,4,0,0,0,3,0,0,0,0,1,2,1,3,1,2,1,0,0,0,0,2,1,0,1,0,1,0,3,1,1,0,1,2,1,1,0,2,0,0,1,2,0,1,1,0,0,0,1,2,3,0,3,1,1,1,0,1,0,1,1,0,1,0,1,3,2,0,1,0,1,0,2,0,0,1,1,2,0,1,2,2,1,1,0,2,3,1,0,2,4,0,0,6,2,2,0,0,1,1,2,2,0,0,0,1,0,1,0,1,1,1,0,1,0,0,2,2,0,1,0,0,0,2,0,1,5,1,0,0,4,1,1,0,1,2,0,1,2,0,1,0,0,1,2,0,0,0,2,1,0,2,2,1,0,4,0,0,1,0,0,1,2,4,4,0,0,0,0,1,1,1,1,1,4,4,1,1,1,0,0,0,1,4,6,0,0,0,4,0,0,0,1,0,0,6,1,1,2,1,0,0,1,0,0,0,1,0,1,1,4,1,0,0,4,2,0,1,0,4,1,2,1,1,1,1,1,0,1,2,1,1,2,0,0,2,1,1,2,1,1,0,1,0,0,0,4,1,2,1,1
"Gene446",1,0,2,2,2,3,0,1,0,1,2,1,2,0,0,1,2,1,0,1,0,3,0,1,2,1,0,2,1,1,1,2,2,1,1,1,3,0,2,0,1,0,3,1,0,1,1,0,1,1,1,1,2,2,0,2,3,0,1,0,2,0,0,1,2,2,2,0,2,2,1,1,2,0,0,1,1,0,2,2,1,1,0,2,1,1,1,0,0,3,2,1,0,2,0,2,2,0,2,0,2,3,1,4,4,1,0,0,0,0,2,1,2,1,1,1,0,1,2,1,1,0,0,1,2,2,1,0,3,2,0,0,0,4,1,0,2,3,3,2,1,1,1,6,1,1,1,2,1,0,1,0,1,1,0,1,1,0,2,1,1,0,1,0,1,2,1,4,5,0,0,4,1,2,2,1,0,0,1,0,1,2,4,1,2,0,0,0,2,1,1,4,1,1,2,0,1,0,0,4,1,2,1,0,1,1,1,1,0,2,1,2,2,2,1,0,1,0,1,2,2,1,2,0,4,0,2,1,0,1,0,2,4,1,1,4,2,4,0,0,0,4,0,0,2,2,1,1,2,0,1,5,2,0,2,0,0,2,1,1,1,1,0,4,2,0,2,0,1,2,0,0,0,0,2,1,1,0,0,1,1,2,1,2,0,0,2,4,1,2,1,0,2,0,1,0,0,0,4,1
"Gene447",2,1,0,0,0,1,0,3,0,1,1,0,1,3,0,1,1,0,0,3,1,3,0,1,1,0,2,2,0,0,0,1,0,0,2,0,2,1,0,0,2,0,1,0,0,0,0,2,5,1,0,0,2,2,0,3,0,2,1,0,1,2,1,0,3,0,1,3,0,0,0,3,1,0,0,0,1,2,1,1,1,0,1,2,0,1,1,0,1,2,1,1,1,1,1,0,1,0,0,2,0,0,0,2,1,0,1,0,1,1,2,0,0,0,0,0,1,0,1,2,1,1,1,2,2,1,0,1,1,3,1,1,0,1,0,1,1,0,0,3,1,1,1,3,1,0,1,2,0,1,4,1,1,2,4,0,1,0,1,1,0,0,2,1,1,1,2,4,0,0,1,0,0,1,1,6,1,1,1,1,0,2,6,0,2,1,1,4,1,2,0,1,2,1,0,0,0,0,5,1,1,1,0,0,0,0,0,1,0,0,1,0,0,1,1,1,0,0,2,0,1,1,1,1,1,1,0,1,2,1,1,2,0,2,1,4,2,0,2,2,1,2,1,0,2,1,0,0,0,0,4,0,0,0,0,1,2,4,1,1,0,0,0,0,1,1,4,1,1,1,2,1,2,2,1,0,2,1,0,1,0,2,1,1,1,0,1,0,0,0,4,4,1,4,1,2,1,2,1,1
"Gene448",0,0,1,1,0,1,0,4,0,1,0,0,2,1,1,0,1,1,1,1,0,1,1,0,1,2,0,1,2,1,2,2,1,1,2,1,1,0,2,1,2,2,0,0,2,0,1,2,3,0,2,0,0,2,2,2,2,0,2,0,0,1,1,1,1,1,0,1,0,1,0,1,1,2,1,0,3,1,0,0,1,0,2,0,2,1,1,2,0,1,0,0,0,1,0,1,0,1,0,1,0,3,0,2,1,2,0,0,1,0,1,2,0,1,1,0,0,1,1,1,1,4,0,1,0,1,1,3,0,0,1,0,2,0,0,0,1,0,1,1,1,0,3,0,1,0,1,0,1,1,0,1,0,0,2,1,1,1,0,2,1,2,0,1,1,1,0,1,1,2,2,2,4,1,1,0,1,1,0,2,2,5,0,1,0,0,0,1,4,0,2,0,1,1,0,0,1,0,4,1,0,0,1,0,0,4,0,0,0,2,1,2,0,2,0,2,2,0,1,0,0,1,1,2,0,2,1,0,1,0,0,0,0,0,1,0,2,1,0,2,2,0,0,2,2,1,1,1,2,1,2,1,4,0,0,1,1,4,0,0,1,0,1,1,0,1,1,1,0,1,0,0,1,0,1,1,1,0,1,0,1,4,1,0,1,1,0,0,1,1,0,2,1,2,1,2,1,0,1,1
"Gene449",0,1,1,2,0,0,1,0,0,0,0,2,1,0,2,1,1,0,0,0,0,3,1,2,0,3,0,0,2,1,1,2,1,0,1,0,0,0,1,0,0,0,1,1,1,2,1,0,1,0,1,0,1,2,3,0,0,1,1,1,0,0,1,1,1,1,1,0,0,0,0,1,1,0,1,1,1,2,2,4,1,1,0,0,1,1,0,1,0,1,0,2,0,0,1,1,1,1,2,1,0,3,1,2,0,1,3,1,0,2,2,1,4,0,1,2,0,0,1,0,0,2,0,0,2,2,0,3,3,0,2,1,1,0,1,0,2,0,1,1,3,0,0,3,0,0,1,0,1,0,0,0,1,2,1,2,2,1,4,0,1,1,1,1,0,2,2,0,1,1,2,0,1,2,0,0,2,0,5,0,0,0,4,4,2,5,2,4,0,1,0,1,0,4,1,1,4,0,0,2,0,0,1,1,0,0,0,0,0,1,0,1,0,1,0,1,1,0,1,5,1,0,2,1,1,2,4,0,1,1,0,1,0,0,1,0,2,1,1,1,0,0,2,0,1,0,2,4,1,2,2,2,2,0,1,0,1,0,1,0,1,0,4,2,0,1,1,4,4,0,0,0,4,0,1,2,1,2,1,1,0,1,2,1,1,1,0,2,1,1,1,0,0,1,1,0,0,0,2,0
"Gene450",1,0,0,0,1,1,0,0,1,2,1,2,1,1,4,2,0,0,1,2,2,0,0,1,4,0,0,1,0,1,1,1,1,1,0,1,3,1,1,0,0,1,2,0,1,0,2,0,0,0,0,2,1,0,0,1,0,2,1,0,0,3,1,1,1,1,0,0,1,0,0,0,3,0,1,0,0,1,0,0,1,3,0,0,0,1,0,1,0,1,0,1,1,1,0,0,1,0,1,1,0,2,0,1,0,3,1,1,0,1,0,0,0,4,1,1,0,2,0,1,2,0,2,0,1,4,1,4,1,1,2,0,0,0,0,3,1,0,1,0,0,1,3,2,0,0,2,1,1,2,0,4,4,0,1,0,1,0,5,0,0,0,2,0,2,1,1,2,0,1,0,2,0,0,0,2,0,2,1,0,0,0,1,0,0,0,1,1,2,0,1,0,1,1,0,0,2,1,1,1,0,0,0,2,0,2,2,1,0,0,1,2,2,0,0,1,0,0,1,0,2,1,0,0,4,0,1,1,0,2,1,1,2,0,0,1,2,1,0,0,2,0,0,1,2,0,2,1,0,0,1,2,1,1,1,4,1,0,0,2,0,0,2,0,0,2,2,0,0,2,2,1,1,1,2,1,2,1,1,2,1,0,0,1,2,1,1,1,2,5,2,0,0,1,4,0,1,2,0,1
"Gene451",1,1,1,0,2,0,0,2,1,1,2,1,0,1,1,5,0,0,2,0,1,2,0,2,0,1,1,1,2,2,0,1,0,0,0,1,3,2,2,4,1,1,0,0,2,0,1,1,3,0,0,1,2,0,1,1,0,2,0,1,6,1,1,0,3,0,1,0,0,2,4,1,2,2,0,0,0,0,1,1,0,5,0,0,2,0,4,1,1,2,3,1,2,0,0,1,1,0,3,1,0,2,0,0,0,1,0,1,0,1,1,0,1,1,0,1,3,1,0,2,2,1,0,0,2,1,1,4,0,1,1,1,2,1,0,1,1,1,1,0,0,0,3,0,0,2,1,2,1,1,4,1,2,0,0,1,1,0,0,1,1,1,1,1,2,1,1,5,2,4,0,1,2,0,0,1,1,2,0,0,1,0,1,1,2,2,4,0,0,1,0,1,1,1,0,1,1,1,0,2,1,0,2,0,0,4,1,2,0,1,0,0,0,2,0,0,0,1,1,0,2,2,1,0,2,1,2,2,0,0,0,4,2,2,0,4,0,0,4,1,1,1,0,1,1,1,1,0,0,2,0,1,1,1,1,1,2,2,0,4,0,0,1,1,1,2,1,2,2,1,5,0,1,4,1,2,2,1,2,0,2,0,0,0,0,1,0,0,0,1,0,0,0,1,0,0,2,1,0,2
"Gene452",0,0,2,2,0,1,0,4,0,0,0,0,0,1,3,3,1,1,0,0,0,1,2,2,1,1,1,0,1,0,0,1,1,1,1,0,0,0,2,1,2,0,0,1,1,0,1,0,0,2,2,1,4,1,2,0,1,1,0,2,1,1,0,1,1,0,4,3,4,0,1,1,1,2,2,0,0,0,0,2,0,2,2,0,0,2,4,0,1,1,4,1,1,2,0,1,1,0,1,2,1,0,2,1,0,3,2,2,2,1,0,0,0,1,1,3,0,1,1,1,1,0,0,1,2,1,1,0,1,0,1,2,1,2,1,1,2,2,0,0,0,3,4,1,0,0,3,2,1,0,0,0,2,0,1,0,1,4,0,0,4,0,1,0,2,0,2,1,4,0,1,1,0,2,0,1,0,1,0,1,1,2,0,0,1,1,1,0,0,1,1,0,0,2,0,1,1,4,0,1,1,2,1,0,2,2,0,1,0,1,1,0,2,1,1,2,0,1,1,0,1,2,1,1,1,0,2,2,0,0,1,1,0,0,2,0,2,1,1,1,1,1,5,0,1,1,4,0,1,4,0,1,0,0,1,4,2,0,2,0,1,1,0,0,0,1,0,1,1,1,1,0,1,1,0,4,0,1,4,1,2,1,1,0,0,0,1,5,4,0,2,1,0,1,5,0,0,0,0,0
"Gene453",0,3,1,0,0,2,0,1,3,1,0,0,3,2,0,0,0,2,4,2,0,0,2,1,1,0,0,0,1,1,1,1,1,1,1,2,3,0,1,1,0,0,0,0,0,0,1,2,2,2,1,0,0,1,0,0,1,0,3,3,0,1,2,4,0,1,3,1,1,1,1,0,1,0,1,1,1,0,0,3,2,1,1,1,0,2,0,1,0,0,1,1,2,0,1,3,0,1,2,1,0,1,1,0,0,1,0,0,0,0,0,2,0,0,1,1,2,2,2,1,1,1,0,1,0,1,2,2,0,2,2,2,0,0,1,0,0,2,0,0,1,1,2,3,2,1,0,1,0,2,1,1,1,0,1,1,1,0,2,1,0,1,5,2,0,2,2,1,1,4,2,1,1,1,0,0,0,2,2,1,2,0,1,2,0,0,2,0,0,0,0,5,1,0,1,1,1,1,1,4,4,0,1,0,0,0,1,0,2,2,1,1,0,1,0,0,1,0,0,1,1,0,0,0,0,0,1,2,1,1,0,5,4,1,1,1,1,1,0,1,0,0,1,1,0,0,0,1,0,1,1,0,2,0,0,1,0,0,2,1,0,0,0,1,1,1,0,1,4,2,1,0,2,0,1,0,0,4,1,0,1,1,0,1,1,0,1,0,0,0,0,0,0,1,1,1,0,2,1,2
"Gene454",0,0,0,0,2,0,0,0,1,1,2,0,4,0,3,0,1,3,4,0,1,1,0,1,1,0,0,1,1,0,0,2,0,1,1,1,0,1,1,0,0,1,1,1,0,3,0,1,2,0,0,2,1,1,2,0,1,0,0,0,1,1,1,2,1,0,0,1,2,0,1,0,1,0,1,1,1,1,1,2,0,1,2,1,0,0,1,1,2,0,0,1,0,0,0,1,1,0,1,0,1,0,0,0,0,3,0,1,2,1,1,0,0,1,0,2,2,0,4,1,0,0,1,0,0,0,2,2,0,0,0,1,1,3,1,0,0,1,1,0,4,2,0,0,3,4,1,2,0,1,0,1,2,1,7,1,2,1,1,1,2,0,1,2,1,4,0,4,0,1,1,4,0,0,1,1,2,1,0,0,2,2,0,1,0,1,2,2,0,1,4,4,4,2,0,1,1,1,0,4,0,2,1,0,1,1,1,2,0,0,1,2,0,2,0,4,0,1,1,0,1,0,2,2,2,1,0,1,1,0,1,0,4,0,1,1,1,1,0,4,1,0,4,1,1,2,1,1,1,1,4,0,0,1,1,0,2,4,0,0,0,0,0,4,2,0,0,1,1,0,0,0,0,1,0,0,1,0,2,1,1,0,2,0,0,1,2,5,1,1,2,1,0,1,0,1,1,0,0,0
"Gene455",0,1,1,1,2,0,0,0,0,0,1,1,0,0,1,1,1,0,0,2,3,1,1,0,3,2,2,1,3,1,1,0,1,1,0,0,1,1,1,1,0,2,2,0,3,2,0,0,0,0,1,0,2,2,0,0,1,0,0,1,0,1,0,1,3,1,0,0,1,0,1,0,0,0,0,0,1,1,3,1,0,2,3,1,1,1,1,2,0,1,0,0,2,0,0,1,1,2,2,2,3,1,1,1,1,2,2,1,4,1,2,1,0,1,2,2,1,1,0,2,1,2,2,1,1,1,1,0,1,0,0,1,4,1,2,0,0,1,0,1,1,1,0,2,2,1,1,1,2,1,5,0,1,1,1,0,0,0,1,1,4,0,0,0,0,0,0,0,1,0,1,0,0,0,2,1,2,1,0,0,1,1,1,0,0,1,2,2,1,1,1,1,1,1,1,1,5,0,4,1,1,2,0,1,0,1,2,0,1,0,2,1,2,1,1,0,1,1,5,4,1,2,0,1,2,1,0,0,2,1,1,1,2,2,1,1,1,1,0,0,0,2,2,0,0,0,0,1,0,0,0,1,0,1,1,0,0,2,0,0,1,1,1,4,2,0,1,0,2,2,1,2,0,2,5,1,0,2,1,1,0,0,2,1,1,0,6,5,0,0,0,0,1,4,2,1,1,1,1,4
"Gene456",2,3,2,1,4,2,1,0,1,1,1,2,1,0,0,0,2,1,1,0,0,1,0,1,2,0,2,1,0,0,1,1,0,0,2,1,0,1,2,0,0,1,1,1,2,2,1,1,1,1,2,2,2,1,1,2,3,2,1,2,0,2,1,2,4,0,0,4,1,1,2,0,0,1,2,3,2,1,1,2,2,2,1,0,2,0,1,1,4,1,2,1,1,0,1,1,1,1,2,0,1,0,0,2,3,1,1,0,0,0,2,1,1,0,2,0,0,0,2,1,0,2,1,0,0,2,1,1,1,3,1,1,0,2,0,1,2,0,1,1,1,1,3,3,1,3,1,1,1,1,0,2,1,1,0,2,0,2,2,1,1,2,1,0,1,4,0,1,4,0,2,0,4,0,4,0,2,2,1,4,0,2,0,0,0,0,4,0,2,0,0,0,0,1,2,2,0,1,1,1,0,0,0,1,0,5,0,2,1,1,1,1,1,1,1,1,0,1,1,2,0,2,0,2,1,1,4,1,0,0,1,1,0,0,1,1,2,1,1,0,4,1,1,1,2,1,1,2,1,2,2,2,0,2,0,1,0,1,0,1,2,1,0,1,2,2,1,1,1,1,1,0,0,0,2,1,0,0,1,1,2,0,2,1,1,2,0,2,4,1,2,0,2,0,1,1,0,2,1,0
"Gene457",2,1,0,1,1,0,0,0,1,1,0,2,0,1,1,3,2,0,1,1,0,0,2,3,0,3,0,3,0,2,1,2,5,0,0,1,1,1,1,0,0,0,0,0,0,3,2,2,1,0,0,1,0,1,0,0,1,2,2,0,2,1,1,0,0,1,0,4,0,1,4,0,1,0,0,1,1,3,0,2,1,2,0,0,0,1,1,1,1,0,1,1,1,1,1,2,1,2,1,0,1,2,3,2,0,1,0,1,1,0,1,2,2,2,4,0,1,3,1,0,0,0,0,0,0,0,1,0,0,1,0,0,2,1,3,3,0,0,1,0,1,3,0,1,1,0,0,0,3,1,1,2,0,0,0,1,2,1,1,0,1,0,2,1,1,0,4,1,1,0,4,0,1,0,0,0,0,1,0,5,2,2,0,1,1,0,0,1,1,1,5,0,0,1,1,1,0,0,0,4,1,0,1,1,1,0,4,1,1,0,2,1,0,2,0,0,0,4,0,0,1,1,4,2,0,0,2,1,1,4,0,0,0,1,0,0,0,0,0,0,1,1,1,0,0,1,1,1,2,2,0,1,4,2,0,1,0,1,1,2,2,4,0,1,2,1,0,1,1,2,5,0,1,0,1,2,2,1,0,0,1,0,1,0,0,2,0,5,4,0,0,0,5,2,0,0,2,1,0,1
"Gene458",2,0,1,2,0,2,1,0,1,0,0,2,4,0,2,0,0,0,2,1,0,0,1,0,0,0,0,0,1,0,2,0,0,2,0,1,0,1,1,0,0,3,0,0,1,1,0,0,1,0,0,1,0,1,0,0,0,0,2,0,1,1,1,0,3,0,4,0,0,0,2,1,0,0,0,1,1,1,1,1,0,3,1,1,1,0,0,2,0,2,0,1,0,1,1,0,1,2,1,1,3,0,1,1,2,0,2,1,1,0,1,1,1,2,1,0,0,0,2,0,1,2,0,1,0,0,0,0,0,5,2,2,1,0,0,0,0,3,2,1,0,1,0,1,2,3,0,1,2,0,1,4,0,1,0,1,0,0,0,0,0,2,1,0,0,0,2,0,4,1,1,1,1,1,2,0,1,1,1,0,0,1,0,0,1,2,2,0,0,2,1,2,1,4,0,2,2,2,1,1,1,1,0,0,1,0,0,0,1,1,2,0,2,2,2,4,0,0,1,0,1,4,1,0,0,1,0,1,4,1,1,2,0,4,1,0,0,1,0,0,1,2,0,0,0,1,0,0,4,4,1,0,1,1,2,2,4,1,1,1,0,1,4,2,5,0,0,1,0,1,1,1,1,1,0,0,2,4,2,5,4,0,0,2,0,1,1,1,4,1,5,0,0,1,1,1,0,2,2,2
"Gene459",0,1,2,1,1,1,1,2,0,2,0,3,2,3,0,0,0,2,3,1,1,0,3,0,0,0,1,2,2,0,0,0,0,2,0,0,1,1,1,1,0,0,1,0,3,2,0,1,0,3,1,1,1,0,0,1,1,1,2,1,1,1,1,0,0,2,2,0,0,2,1,2,1,0,0,0,1,1,1,0,1,0,2,1,0,0,0,1,1,1,2,0,4,2,1,2,0,0,0,1,1,0,1,2,2,0,0,0,0,0,3,1,1,2,0,1,1,0,1,1,1,2,2,2,1,0,0,0,1,2,0,0,0,2,2,1,0,3,4,0,2,1,0,1,0,1,4,2,1,1,2,0,2,2,0,1,4,1,0,0,1,1,0,4,1,0,1,4,0,2,0,0,1,1,6,2,0,1,0,1,1,0,1,1,2,2,4,2,2,0,1,0,1,0,0,1,2,1,2,4,0,2,1,1,1,1,4,0,2,1,1,1,1,1,0,1,0,1,0,0,4,2,1,1,1,1,2,0,1,0,1,4,0,0,0,2,2,1,2,0,2,2,1,0,0,0,0,0,4,0,0,2,0,4,1,1,0,0,1,1,1,0,1,0,1,2,5,0,0,0,1,2,2,4,0,2,0,2,0,2,0,0,2,1,2,4,1,1,1,2,2,1,0,0,1,0,0,0,1,0
"Gene460",0,1,0,0,1,0,0,0,0,0,1,1,1,0,4,1,1,1,1,0,2,1,1,0,2,2,3,1,2,0,0,2,3,2,2,2,1,0,0,0,0,3,0,0,1,0,0,3,0,0,0,0,1,2,0,2,2,0,0,1,1,0,0,1,1,1,2,1,2,0,0,0,2,0,1,1,1,1,0,3,0,1,0,0,0,1,1,1,2,2,0,1,1,2,1,0,2,1,0,2,1,0,0,1,1,0,2,0,0,0,1,1,0,0,0,1,3,4,1,0,1,2,0,0,1,2,0,1,2,1,0,1,1,0,1,1,1,1,1,2,1,1,1,0,1,2,0,2,1,2,0,2,2,2,1,0,4,4,0,4,1,1,1,1,4,2,1,2,1,1,2,1,1,0,1,1,0,1,1,4,2,0,4,0,0,2,1,4,0,4,1,2,0,1,2,2,1,0,1,1,1,2,1,2,1,2,4,2,0,0,2,0,1,0,1,2,1,1,0,0,2,2,0,2,0,1,0,0,1,0,1,4,0,2,1,0,2,0,1,1,1,1,0,2,1,1,1,1,2,0,0,2,4,2,2,0,1,1,2,0,1,0,0,0,2,0,0,2,1,1,1,0,1,1,2,0,1,2,0,0,1,1,0,4,0,0,0,0,2,2,1,0,5,1,0,0,1,0,0,0
"Gene461",3,1,3,4,0,2,3,1,0,2,3,0,1,0,0,0,1,1,0,0,1,0,2,2,3,1,0,2,2,2,0,0,0,1,1,0,2,0,0,0,0,0,0,2,1,0,0,1,3,0,1,0,0,0,1,0,3,0,0,2,2,1,3,2,0,3,1,1,0,1,1,2,2,1,0,1,1,1,1,1,2,2,2,5,1,1,0,0,0,1,0,0,0,1,2,0,0,1,4,1,0,1,1,2,2,0,0,2,2,0,0,1,1,0,1,0,2,1,0,0,2,0,3,1,0,2,1,2,1,0,4,1,1,1,1,2,0,1,0,3,4,2,2,0,1,0,1,1,0,1,0,1,1,0,2,1,1,0,0,1,4,2,0,0,1,2,0,1,2,0,0,2,2,4,1,0,0,1,1,0,2,1,0,1,1,0,0,0,1,4,0,2,0,1,1,0,1,1,1,0,0,1,0,1,0,0,1,0,1,2,0,4,2,1,1,2,2,1,1,2,2,1,1,2,0,2,1,1,1,2,1,1,0,0,2,1,1,1,1,1,0,1,2,1,1,0,0,1,2,2,1,1,0,0,2,1,0,2,1,0,0,0,0,1,0,2,1,1,1,1,0,0,2,1,2,0,1,0,0,2,1,1,1,2,1,1,4,0,0,0,2,0,1,2,1,4,2,2,0,2
"Gene462",1,1,2,0,1,0,1,1,1,2,1,0,1,1,1,0,1,2,2,0,1,3,2,0,0,0,3,1,1,2,3,1,0,2,1,1,0,1,2,0,1,1,2,1,0,1,0,1,1,1,0,0,0,0,0,1,1,0,1,1,0,0,0,0,0,2,0,4,0,1,1,1,1,1,1,2,1,0,0,0,0,3,1,0,1,0,1,1,0,0,1,1,0,2,1,0,3,2,0,1,1,2,2,1,3,1,2,0,1,4,0,0,2,1,1,2,0,2,2,1,0,1,4,0,0,2,0,2,2,2,3,1,2,2,2,1,0,4,1,2,1,0,1,0,2,1,0,0,1,1,0,0,0,1,0,0,0,1,0,0,1,0,1,0,1,1,4,2,1,1,2,2,1,1,0,0,2,1,5,4,4,0,5,1,2,4,1,1,0,0,0,0,2,1,1,2,4,1,0,1,1,0,2,6,0,2,1,1,0,0,0,2,0,0,1,0,0,2,0,0,2,2,1,4,2,2,1,4,4,1,0,0,1,2,1,2,0,0,2,4,0,1,0,2,2,1,1,0,4,0,1,2,0,0,0,2,4,0,1,0,2,4,0,1,1,0,2,0,0,1,0,2,0,5,0,0,4,1,0,0,2,0,1,0,1,1,0,2,1,0,2,1,1,1,0,1,1,1,1,2
"Gene463",1,1,2,0,3,2,0,3,0,0,2,6,2,0,0,1,1,2,0,1,0,0,3,0,1,0,1,1,4,1,3,1,3,1,0,2,2,1,1,1,2,1,1,0,1,2,1,2,1,0,1,1,2,3,3,1,3,1,1,2,0,0,1,0,1,0,0,0,2,2,1,0,0,0,1,1,0,0,1,0,0,3,1,0,1,1,2,0,0,0,0,0,0,1,1,1,1,2,0,1,0,2,2,2,0,0,2,1,2,2,1,0,1,1,1,0,1,3,0,2,0,1,4,2,1,2,2,1,1,0,1,1,1,1,0,1,2,1,3,0,0,3,1,4,2,3,1,0,1,0,1,0,1,0,4,1,0,0,2,0,1,2,1,0,2,2,0,1,5,0,0,1,0,1,0,0,1,1,1,0,0,1,0,0,1,1,2,4,1,0,4,0,0,2,0,1,1,2,1,0,1,1,1,1,0,1,5,1,1,1,1,2,1,0,2,0,1,4,0,0,0,1,1,1,0,2,0,1,0,1,2,2,4,0,1,0,0,2,2,1,1,1,0,2,4,1,0,0,4,1,1,1,1,0,1,0,1,2,1,0,1,1,0,0,4,1,1,2,1,4,0,0,0,0,1,1,1,1,1,0,2,0,4,1,2,1,0,1,5,0,2,2,1,4,2,0,2,0,1,2
"Gene464",0,0,0,0,0,1,0,1,0,1,0,1,3,1,0,0,0,1,3,0,1,1,1,2,2,0,1,2,2,4,0,0,2,2,1,0,2,0,0,0,0,0,0,1,0,0,0,0,1,1,1,0,1,2,0,1,3,0,0,1,2,1,0,1,0,2,0,0,2,2,2,1,0,1,3,1,1,2,2,0,0,0,2,1,1,0,2,2,0,2,1,4,4,1,2,0,0,1,0,1,0,1,2,1,1,1,0,1,0,2,1,0,1,0,0,2,2,2,1,1,1,0,1,3,0,2,0,2,0,0,1,2,1,1,1,1,0,1,0,2,2,1,1,3,5,1,0,1,2,0,1,2,1,1,1,0,0,1,0,0,0,0,2,2,2,1,2,1,1,2,2,1,1,1,5,1,0,1,2,2,0,2,1,1,0,1,0,1,0,0,0,0,0,0,0,1,1,1,1,0,4,1,0,0,0,0,0,1,1,0,0,0,0,0,2,0,1,2,0,1,2,0,2,0,6,1,2,2,0,0,0,0,0,2,0,0,0,1,0,1,1,0,1,1,1,0,2,1,1,1,1,1,0,0,2,2,2,1,5,0,1,7,2,0,0,2,0,0,1,1,0,0,4,0,1,1,1,5,2,4,1,0,2,0,0,1,2,0,1,0,0,0,0,2,1,1,4,2,0,0
"Gene465",1,2,0,1,1,1,1,0,2,1,2,4,0,0,1,2,2,1,2,0,1,3,0,0,1,1,1,1,2,0,0,0,3,0,0,3,2,0,1,2,2,0,1,1,0,1,0,0,0,2,1,0,1,0,1,1,2,0,2,2,1,0,1,0,0,2,0,2,1,0,2,1,0,0,0,1,1,2,0,0,0,1,2,1,0,1,1,2,2,2,0,0,0,2,1,1,1,1,3,1,1,1,2,0,1,2,1,1,1,1,0,2,1,3,0,0,0,1,0,0,2,0,0,1,0,0,2,1,1,0,2,2,2,1,1,1,1,1,1,1,0,2,3,0,2,1,1,3,0,3,0,0,0,2,1,1,2,0,1,4,0,4,0,2,2,1,1,0,2,0,0,1,1,1,0,0,0,0,4,0,0,2,0,4,1,0,1,1,1,1,2,1,1,0,0,1,0,0,0,1,1,0,1,0,0,0,0,1,1,2,0,0,0,0,4,2,0,2,0,0,1,2,1,4,0,0,0,4,2,0,2,0,0,2,1,1,1,0,1,0,2,1,0,1,0,0,0,0,1,1,1,0,1,1,2,0,0,0,0,4,0,0,0,1,1,1,0,2,0,0,2,0,1,0,0,4,2,0,1,2,0,0,2,4,1,1,0,1,0,0,1,2,1,2,1,0,0,0,4,2
"Gene466",0,1,2,0,0,0,2,0,2,1,0,1,2,0,2,0,0,1,1,0,0,2,1,1,1,0,1,2,0,1,0,2,1,0,0,2,1,2,2,0,0,0,2,0,1,2,0,2,0,3,3,0,0,2,0,0,1,2,1,1,1,1,0,2,0,2,2,1,3,1,1,0,1,0,0,5,3,2,0,0,0,2,3,1,1,0,0,2,1,1,1,0,0,0,1,1,2,3,1,0,0,1,0,0,1,0,0,0,0,3,1,1,1,1,0,1,0,1,1,0,1,0,0,0,0,3,1,1,0,0,0,1,0,1,0,2,0,3,2,0,1,1,0,0,1,2,1,0,0,0,0,2,1,2,0,0,0,0,2,0,0,0,0,0,1,1,1,4,0,2,1,0,2,2,1,0,0,0,1,1,1,2,2,4,0,1,0,0,1,2,0,0,1,2,1,1,1,5,0,0,0,1,0,0,1,1,0,0,2,2,6,1,1,2,0,0,0,0,1,0,1,0,1,0,1,2,0,1,2,4,1,1,0,1,2,2,1,2,0,1,1,1,4,1,2,4,1,1,2,5,1,1,1,1,0,4,0,1,0,0,0,2,1,0,1,0,0,2,1,0,0,1,0,2,0,0,1,0,2,0,6,0,1,2,1,0,2,1,2,1,1,2,0,1,0,2,2,2,1,0
"Gene467",0,1,2,0,0,2,2,0,2,0,1,0,1,1,0,0,1,1,0,3,0,1,2,3,0,1,0,0,2,0,0,1,3,0,1,1,1,1,1,0,1,0,2,1,2,1,1,1,0,0,0,3,1,0,1,2,2,1,1,1,0,0,1,0,2,1,1,1,1,2,0,0,1,2,1,0,2,1,0,0,0,2,1,0,1,0,2,0,1,1,1,0,2,2,2,1,0,3,2,0,1,1,2,2,1,0,1,1,0,0,1,1,0,1,2,0,1,2,0,0,0,0,1,2,1,0,0,2,0,2,0,1,0,2,1,0,3,1,0,0,0,2,1,0,0,1,1,1,0,0,0,0,1,1,0,0,1,4,2,1,0,1,2,2,2,1,1,0,1,0,0,2,2,1,1,2,2,0,0,0,0,2,0,5,1,1,0,2,1,1,1,2,2,1,1,1,4,1,0,1,0,2,1,0,0,1,2,0,0,6,1,0,1,4,0,2,1,1,2,0,1,1,0,2,2,1,1,1,1,2,1,2,1,1,2,2,2,4,2,0,2,0,1,0,1,1,0,0,1,0,1,1,0,0,0,1,1,0,2,0,0,1,1,1,0,0,2,1,0,2,0,1,0,5,2,1,1,4,0,2,1,1,1,2,1,1,0,2,1,0,1,1,0,1,0,2,1,1,1,1
"Gene468",1,0,0,0,0,0,1,0,1,0,0,2,1,0,2,3,0,0,2,1,1,2,1,1,1,2,4,0,0,2,1,1,0,2,2,1,0,2,1,0,0,0,0,0,3,1,1,1,1,0,0,1,2,2,0,1,1,2,3,1,2,0,1,0,1,2,1,1,1,1,1,1,0,0,2,2,1,1,0,1,0,0,1,0,2,1,1,4,1,0,1,1,0,0,2,1,1,1,2,0,3,0,2,0,2,1,1,2,3,2,0,0,1,1,0,0,2,1,1,1,1,1,1,2,1,2,1,1,3,1,0,0,1,1,0,0,1,1,1,0,1,1,1,3,1,1,0,0,2,0,2,0,0,2,1,1,0,0,1,0,0,2,0,0,0,2,0,0,2,0,1,0,0,1,0,0,2,4,2,0,1,0,2,2,0,1,0,0,0,1,1,1,2,0,1,1,1,2,1,1,1,1,2,1,2,1,2,1,1,0,0,1,1,0,0,1,1,4,0,0,0,1,1,4,0,0,2,1,0,1,1,0,0,0,0,1,1,1,0,1,2,1,0,1,0,0,2,4,2,2,0,1,2,0,0,1,1,1,0,0,2,0,2,1,5,0,0,0,0,2,1,0,1,0,4,0,1,0,0,1,1,0,0,1,2,0,2,1,1,4,0,2,1,0,0,4,0,0,5,7
"Gene469",0,2,1,3,1,0,0,2,1,0,2,1,1,0,1,0,2,0,1,0,1,1,0,1,2,2,1,2,1,0,1,0,1,2,0,1,1,3,0,0,1,1,0,1,1,0,0,0,3,2,0,1,1,2,0,0,0,0,0,1,0,2,1,0,2,3,1,2,2,1,0,1,1,2,0,2,0,0,1,1,1,1,2,0,0,0,1,0,0,1,1,3,1,1,0,0,1,3,1,2,1,1,2,0,1,0,1,1,0,1,0,2,3,0,0,2,0,2,0,0,2,0,2,1,0,0,2,0,1,2,0,0,1,3,0,2,2,1,2,0,0,0,1,1,0,2,2,4,0,1,0,0,0,1,1,0,1,1,1,2,1,2,0,1,0,2,2,0,0,2,1,4,1,1,0,4,1,0,1,2,1,1,0,0,2,1,0,1,1,1,0,4,0,1,0,1,2,1,1,0,0,4,1,2,2,1,0,2,1,0,1,2,1,1,2,0,2,4,1,1,0,1,4,1,2,0,4,1,0,1,1,1,1,1,0,2,0,1,5,0,0,2,1,0,1,0,0,4,1,0,1,1,4,2,1,0,1,0,1,1,1,1,2,0,0,0,0,2,0,1,2,0,0,1,1,1,2,1,2,0,1,0,1,0,1,2,0,2,1,4,0,0,4,4,1,1,0,1,1,0
"Gene470",2,1,1,1,0,0,0,0,2,0,2,2,0,0,0,0,1,0,2,2,2,2,0,0,0,0,0,1,2,1,1,1,0,1,0,1,0,0,1,1,0,1,2,0,0,1,3,0,0,1,0,1,2,1,0,0,1,0,0,2,1,1,3,2,1,0,3,1,0,2,4,0,0,0,1,2,0,2,0,0,1,3,3,1,1,1,1,0,1,0,2,0,1,1,1,1,0,1,0,2,1,1,0,1,2,0,1,0,1,1,2,0,1,2,1,1,2,1,1,2,1,1,2,1,1,1,2,1,1,1,2,0,1,1,3,0,1,0,1,1,0,1,0,0,0,1,1,0,1,0,2,0,0,1,0,1,2,1,2,2,0,1,0,1,0,0,1,1,0,2,0,1,0,0,1,2,0,1,2,0,4,1,1,0,2,2,4,1,2,1,1,0,0,4,0,1,0,1,0,1,1,0,1,1,1,1,0,0,2,0,1,1,0,4,1,0,4,2,1,0,5,0,2,0,1,0,1,1,0,1,1,1,1,1,1,5,0,0,1,1,0,0,1,0,0,2,1,0,0,0,2,4,2,0,1,0,1,1,1,0,1,0,1,1,0,4,1,1,0,4,0,2,0,1,1,2,1,0,1,1,2,0,1,0,1,1,1,4,0,2,1,2,0,4,1,2,1,1,1,1
"Gene471",0,2,1,0,0,2,1,0,2,3,2,0,0,1,2,1,0,0,0,0,0,1,1,1,2,2,6,1,1,3,1,1,2,2,1,0,0,1,3,2,3,2,0,0,0,2,0,1,1,1,3,0,0,2,2,4,0,0,0,2,0,1,1,2,0,3,0,5,1,2,0,4,1,0,1,0,0,1,0,0,1,2,1,1,0,2,3,0,2,0,0,2,0,1,1,1,1,2,0,0,2,1,0,0,1,1,3,0,2,1,0,1,0,0,0,4,1,4,0,0,2,0,0,3,1,0,0,1,1,2,0,0,4,2,0,2,0,3,0,0,0,0,0,0,2,1,1,0,1,3,4,1,1,1,0,1,1,1,2,1,2,1,0,1,1,0,2,0,0,1,1,1,1,1,2,0,1,2,1,0,0,1,0,1,0,2,1,0,1,1,2,0,2,1,0,1,1,1,0,1,1,2,1,2,0,1,0,1,2,0,1,1,1,2,0,0,2,1,2,1,2,0,0,4,1,0,0,4,0,0,1,0,0,0,6,4,0,5,2,0,1,2,1,1,0,2,5,2,1,0,1,4,2,1,1,2,0,0,1,2,2,0,1,0,2,0,1,2,1,0,1,1,1,1,0,0,0,1,2,2,1,0,1,2,0,1,2,1,4,0,1,1,1,0,0,1,1,0,0,1
"Gene472",2,0,0,2,0,1,1,2,1,0,0,3,0,0,2,1,1,0,2,1,1,0,3,0,0,0,0,2,0,0,1,1,1,4,1,0,2,2,0,0,1,0,0,0,0,3,3,0,0,5,0,1,2,3,0,0,3,0,1,2,1,1,0,1,1,2,3,3,0,0,0,1,1,1,0,2,2,0,1,1,1,1,0,1,1,0,3,0,0,2,2,1,3,2,2,3,3,2,1,1,2,0,1,2,0,1,1,2,3,1,2,0,1,0,1,0,0,2,0,1,1,1,0,2,1,3,2,1,0,0,1,0,1,0,2,0,0,4,2,1,2,2,0,2,1,1,1,2,1,1,2,2,0,2,0,0,0,4,1,0,0,1,1,0,1,1,2,0,1,2,2,1,0,0,0,0,1,1,1,0,0,4,1,5,1,1,0,4,2,1,2,1,0,0,0,1,2,0,1,0,1,1,0,1,5,1,1,1,1,1,0,1,0,0,1,1,4,4,0,1,1,1,2,0,4,2,0,2,2,1,1,2,1,1,0,2,0,0,0,2,1,2,2,1,1,2,0,1,0,1,1,1,2,1,0,0,0,0,0,2,1,1,2,1,1,1,1,1,0,0,0,1,1,1,1,1,0,1,1,0,1,0,1,0,1,0,0,1,1,1,0,1,0,1,2,0,0,1,1,2
"Gene473",1,2,1,1,1,0,2,1,0,3,3,1,1,0,2,0,2,0,0,1,0,2,3,2,2,0,1,0,2,0,0,0,2,2,0,5,0,0,0,0,0,0,2,2,0,0,1,1,4,1,1,2,1,2,1,3,2,0,1,0,1,3,1,0,3,2,0,0,3,3,2,3,2,0,1,2,0,5,0,0,2,0,2,0,0,0,0,1,0,1,0,0,1,2,3,0,0,2,0,1,1,0,0,0,0,0,0,0,0,2,1,1,1,1,0,1,0,0,1,1,1,0,1,0,1,0,2,2,1,0,2,3,0,4,0,2,0,1,0,2,1,0,0,0,0,0,1,1,0,2,0,1,0,1,0,0,1,4,0,1,2,1,0,1,4,2,0,0,2,1,4,4,2,0,0,1,1,0,0,1,0,0,2,1,0,0,4,1,1,1,1,0,1,1,2,2,1,1,2,2,1,1,0,2,0,4,1,0,1,4,1,0,1,0,1,1,4,1,2,4,2,0,0,1,0,1,1,4,2,2,1,1,1,1,1,2,1,1,0,0,1,0,0,1,0,2,0,1,1,0,4,1,1,1,2,1,1,0,0,1,0,1,0,1,4,5,0,1,1,0,0,1,0,0,0,1,2,0,0,1,5,0,2,2,0,1,0,1,4,0,0,0,1,0,0,2,0,0,1,1
"Gene474",2,0,1,1,1,0,2,2,1,2,0,0,1,0,0,1,0,2,5,2,2,0,1,1,3,2,3,0,0,1,0,3,1,2,1,0,0,1,3,1,0,1,1,2,2,3,0,0,3,2,1,3,3,0,1,0,0,0,1,1,0,0,0,2,0,0,2,1,0,0,0,0,1,0,0,0,1,1,2,1,1,1,2,0,0,1,3,2,2,0,0,1,1,1,1,2,2,0,1,3,2,0,2,0,2,1,2,1,0,1,0,2,2,1,1,1,0,2,2,1,1,0,1,0,1,2,0,2,1,1,2,1,2,1,1,4,0,1,0,1,0,1,1,2,1,1,1,0,0,2,1,1,2,1,1,0,0,2,0,4,0,0,0,0,1,0,1,2,2,4,2,0,0,1,2,1,4,0,1,1,2,2,1,4,2,0,1,1,1,1,2,2,1,1,4,2,1,0,0,1,0,2,4,0,2,1,1,0,1,0,1,0,1,0,6,4,1,0,4,1,2,1,0,0,0,2,0,1,1,0,2,0,0,0,1,2,1,0,0,1,0,0,0,1,1,2,0,0,1,0,4,1,1,4,0,2,1,4,1,0,1,1,1,0,1,4,0,1,1,1,0,0,0,1,0,0,1,2,2,0,0,0,1,0,2,0,0,5,0,0,1,1,0,2,1,0,1,1,2,0
"Gene475",1,0,1,2,0,1,1,3,2,1,2,2,0,1,0,0,1,0,1,0,1,2,3,0,0,1,0,2,2,0,0,1,2,1,2,1,0,0,1,1,1,0,0,4,1,0,2,1,0,1,2,2,1,2,0,0,0,1,1,0,1,4,0,0,3,3,1,1,0,1,0,3,4,1,0,2,0,1,0,2,0,0,0,0,0,1,1,2,0,0,0,1,2,1,1,1,0,1,1,2,0,1,2,0,0,1,1,3,3,1,1,1,1,0,0,0,5,2,4,0,1,2,3,1,0,0,2,1,3,0,2,2,1,2,0,0,3,0,1,0,1,0,2,2,0,1,2,0,0,1,0,1,1,0,1,1,0,0,0,1,1,0,1,0,1,2,2,0,0,1,2,0,1,1,1,0,2,2,0,1,1,2,2,4,1,0,1,1,0,1,0,0,1,2,1,0,1,1,2,1,1,0,1,2,0,1,0,0,0,1,1,1,0,0,1,1,1,2,2,1,1,2,0,0,4,6,1,1,0,4,1,1,0,0,1,0,1,1,1,0,2,1,2,4,1,0,4,1,0,0,1,2,2,2,1,4,0,2,2,1,1,0,0,0,0,1,2,2,1,1,1,1,2,0,2,2,2,0,1,2,1,1,2,1,0,1,1,1,1,1,0,0,1,1,0,0,0,1,0,0
"Gene476",1,1,1,1,1,1,1,1,1,2,1,0,1,1,2,2,1,3,1,3,2,2,0,2,1,0,0,2,0,2,1,2,2,1,0,0,1,1,3,1,0,0,0,2,3,0,0,2,0,1,1,4,2,0,1,0,0,0,1,0,2,1,0,0,1,0,2,0,1,2,2,0,0,2,0,1,1,1,1,1,1,0,1,0,0,1,1,2,1,1,2,2,0,2,0,0,1,0,1,1,2,0,1,1,1,0,0,1,0,1,0,2,1,1,1,0,0,1,1,1,0,1,1,1,2,0,1,0,0,1,0,3,0,0,0,0,3,2,1,2,0,1,1,0,1,0,0,2,2,1,1,1,2,4,0,2,0,0,2,2,0,1,0,1,1,1,0,1,1,0,0,1,0,0,1,0,1,4,1,1,1,2,1,0,2,1,1,0,1,2,2,0,0,1,4,2,1,0,1,0,0,0,0,1,4,0,0,4,2,5,2,0,1,0,1,0,1,1,4,1,0,1,2,1,0,0,4,1,2,1,2,0,4,1,1,5,1,0,0,0,0,1,2,1,1,2,0,0,0,0,0,2,1,0,2,0,0,4,1,2,1,1,2,4,0,1,1,0,0,0,0,0,2,0,2,0,0,1,0,1,1,0,4,0,0,0,0,0,0,1,1,0,1,0,1,2,1,0,1,0
"Gene477",1,3,1,0,2,4,1,1,1,0,1,1,2,2,0,2,0,3,1,2,1,0,1,1,3,2,0,2,2,0,1,0,0,1,0,2,0,1,0,1,2,1,1,1,0,0,0,3,2,0,0,2,0,0,2,0,1,2,2,0,1,0,2,2,0,1,0,0,1,1,3,1,1,1,0,2,0,0,1,1,1,1,0,0,1,0,2,1,1,1,3,3,1,4,0,1,0,1,0,0,2,2,1,2,1,0,2,3,2,4,2,2,2,3,1,1,0,1,2,2,2,1,1,1,1,0,1,2,0,1,2,2,0,1,1,2,1,2,2,1,0,0,1,0,1,1,1,2,4,0,0,0,1,2,2,0,2,0,2,1,0,2,2,0,0,0,2,2,0,1,0,0,1,5,0,0,1,0,2,0,0,1,4,0,2,2,0,1,1,5,1,1,2,1,1,2,0,1,1,1,1,2,1,0,2,1,1,0,1,2,1,1,0,1,0,0,1,0,0,1,0,2,1,1,0,4,1,4,1,1,1,0,1,2,2,1,0,1,1,2,0,1,0,0,2,0,0,0,0,1,1,0,1,1,0,4,2,2,0,0,0,1,1,1,2,1,2,2,1,1,1,2,2,1,2,2,1,0,0,0,2,2,5,1,0,1,1,2,1,1,0,1,2,0,0,1,1,1,0,0
"Gene478",0,0,6,0,0,0,0,3,0,2,2,1,2,3,1,0,0,0,1,1,1,1,1,1,0,1,0,0,3,0,1,1,0,0,1,1,0,0,1,1,1,0,0,0,2,1,0,0,0,2,0,1,2,1,1,2,1,1,1,0,0,0,2,0,1,1,1,0,1,1,4,1,1,1,2,1,0,1,0,0,0,0,2,0,0,1,2,0,0,2,2,1,3,1,0,2,1,1,1,1,0,1,0,0,1,0,0,1,1,4,0,2,0,1,1,1,0,3,0,0,0,2,1,2,1,3,1,0,1,3,0,2,0,2,1,0,1,1,1,1,1,1,0,0,1,1,0,1,2,1,0,0,0,0,1,2,2,0,2,2,0,1,0,0,1,0,1,2,1,1,0,2,0,0,2,2,0,0,0,0,1,1,2,0,1,1,1,2,0,5,4,4,2,0,1,0,0,1,0,1,1,2,1,2,2,0,1,2,0,1,1,2,2,1,0,4,1,1,0,4,1,4,2,1,1,1,0,0,1,1,0,0,1,4,0,0,1,4,1,1,0,2,1,1,1,0,1,2,2,0,2,1,1,1,1,1,2,1,1,1,0,1,1,1,5,1,1,2,0,1,0,1,0,2,2,1,1,0,1,4,1,1,0,1,1,1,1,1,2,0,2,1,0,0,0,0,0,0,1,0
"Gene479",0,0,2,3,2,2,1,3,0,0,1,1,1,1,0,1,0,1,4,0,1,0,2,1,1,0,0,2,1,1,0,1,0,0,2,1,0,2,1,2,1,1,2,1,2,2,0,3,0,0,3,2,0,1,2,0,0,1,2,1,0,1,0,2,1,0,1,1,2,2,0,3,0,0,1,1,1,1,1,0,1,1,0,1,2,0,0,0,1,0,1,1,0,3,0,0,2,1,1,0,1,1,0,0,2,1,1,0,1,0,1,0,1,1,1,0,0,1,0,0,0,0,0,0,1,0,0,1,1,1,1,1,2,2,0,0,1,1,0,1,0,1,1,2,1,1,0,1,1,3,4,1,4,0,1,0,1,5,2,1,0,1,2,1,0,2,0,0,1,1,0,4,1,1,6,0,4,2,1,0,1,2,0,1,1,1,5,1,1,2,1,0,0,2,0,0,0,2,2,1,2,0,1,0,2,0,1,2,0,1,0,2,1,1,2,5,0,0,0,5,4,0,1,0,1,1,0,1,2,0,2,2,2,1,0,1,4,1,0,1,0,0,0,1,0,0,0,0,2,2,2,0,1,1,1,0,2,1,0,2,0,4,0,0,0,1,1,0,1,1,1,2,1,0,1,0,1,0,1,2,1,2,2,1,2,1,2,4,0,1,4,0,0,1,0,0,2,2,1,1
"Gene480",1,1,2,0,0,0,3,1,0,0,1,1,2,1,1,0,2,1,1,1,1,1,0,0,1,1,0,1,2,2,1,1,1,0,1,0,1,1,3,2,1,1,0,1,0,3,1,1,2,1,1,2,2,0,1,1,0,0,2,0,2,1,3,0,0,2,0,0,1,1,0,1,0,2,1,0,2,1,0,1,1,2,2,0,1,2,1,1,1,0,0,4,1,2,0,0,0,3,1,0,2,2,0,0,3,0,3,1,0,1,0,0,0,1,3,0,0,0,1,0,2,0,1,0,1,1,0,2,0,1,0,2,0,1,0,1,1,1,2,0,0,1,2,0,0,1,1,1,2,0,1,1,4,1,1,1,2,1,0,1,2,0,1,1,0,2,1,0,1,2,1,1,0,1,1,1,5,1,1,1,0,0,1,4,2,1,1,1,2,2,4,0,2,0,1,0,0,1,1,1,0,2,1,0,1,0,2,4,2,1,1,4,0,1,1,4,4,4,2,0,0,0,4,1,0,0,2,0,1,1,2,1,1,1,1,1,2,1,4,4,4,0,2,0,2,0,0,2,0,0,2,0,2,2,0,0,0,4,2,1,1,0,2,1,1,0,2,1,1,1,1,1,2,1,2,2,0,1,1,1,0,2,1,1,0,2,0,1,0,0,2,0,0,4,4,6,0,1,2,2
"Gene481",0,1,2,2,0,2,1,0,0,4,0,3,1,0,1,0,0,0,0,1,0,0,0,2,3,1,1,2,3,1,0,1,2,3,1,0,1,3,1,1,0,0,0,2,1,0,0,0,1,0,0,0,1,3,0,4,1,0,1,2,1,1,0,3,0,1,2,1,1,2,1,0,1,2,1,0,2,0,0,0,0,3,2,3,1,1,0,1,1,1,0,1,0,1,2,2,2,1,0,1,0,1,0,1,1,1,0,2,2,1,1,1,0,2,0,0,1,0,1,0,0,4,0,1,1,1,1,1,3,3,1,1,1,2,1,1,1,0,3,0,2,0,2,1,2,2,0,1,0,0,2,1,0,0,0,1,0,2,0,0,0,5,1,1,1,0,1,1,5,2,0,1,0,1,0,2,1,1,0,4,1,1,1,0,4,0,0,1,0,0,2,4,4,1,1,1,0,1,2,0,2,1,0,2,0,0,2,2,2,1,2,1,1,0,2,1,0,1,1,2,0,4,0,1,0,1,1,2,1,2,1,2,0,0,2,1,0,0,2,0,1,2,1,2,1,0,0,0,0,1,1,2,0,1,2,1,1,1,1,0,0,1,0,0,1,0,2,0,0,1,0,1,2,1,0,1,0,4,1,0,1,0,4,1,0,0,1,1,2,2,1,1,1,4,1,0,1,2,0,0
"Gene482",2,1,0,1,0,0,1,1,0,0,1,0,0,2,1,2,1,1,2,1,0,1,0,0,1,4,0,0,1,2,1,1,0,0,1,1,1,0,1,2,3,0,1,0,1,1,1,0,0,1,0,3,1,1,1,0,2,1,1,1,1,2,1,0,0,2,1,1,0,1,0,1,2,2,0,0,3,1,2,1,3,1,1,0,2,2,0,1,1,3,0,1,1,3,2,0,2,0,2,3,1,0,1,0,0,2,2,0,1,1,1,1,1,0,0,1,0,0,2,2,2,2,0,1,0,1,0,0,1,1,0,1,1,1,1,1,1,0,2,2,3,1,2,0,1,0,2,1,1,2,1,1,1,2,2,0,1,0,0,1,0,1,1,0,0,2,0,0,1,0,2,2,0,2,1,0,1,1,0,1,4,2,1,0,2,0,1,1,5,0,1,1,2,0,1,1,2,2,0,2,2,1,0,1,0,0,1,1,1,2,4,4,1,0,5,1,0,2,1,2,1,0,4,0,2,1,1,0,1,1,0,1,2,0,1,2,0,1,0,1,0,2,0,1,2,2,1,0,1,1,1,1,2,0,0,0,2,2,1,2,0,0,0,1,4,1,1,1,0,0,0,2,1,1,1,0,0,4,0,0,1,1,2,2,0,0,0,1,2,1,0,4,1,2,1,2,1,0,0,2
"Gene483",0,3,2,0,2,0,0,2,1,1,0,0,0,0,1,1,2,2,2,1,1,0,0,0,1,3,0,0,1,2,1,2,0,1,1,1,2,0,0,1,1,0,2,2,0,1,0,2,2,1,1,1,5,3,1,0,1,0,1,0,2,3,0,1,0,0,1,3,0,0,1,0,0,3,0,0,1,1,1,0,0,1,1,1,2,0,3,2,2,2,1,2,1,0,0,1,1,0,2,1,0,1,0,1,2,0,0,1,0,1,2,3,2,2,2,1,1,1,1,0,2,0,1,0,2,1,0,0,1,1,1,1,2,3,1,0,1,1,0,2,0,3,1,1,3,1,3,2,1,2,1,1,2,0,4,1,0,2,1,1,0,0,1,2,4,0,1,0,0,1,0,0,0,4,1,0,0,2,0,1,0,0,2,1,0,0,4,1,1,2,1,0,0,0,1,2,1,4,2,0,0,2,1,0,1,0,1,1,2,0,1,1,4,1,0,1,0,0,1,2,2,4,0,1,1,2,1,1,1,1,0,2,1,1,0,2,0,1,0,2,1,1,0,0,1,1,2,4,2,2,1,0,0,0,0,0,0,1,1,0,0,2,0,4,1,4,4,2,1,0,2,0,0,1,2,1,1,0,2,4,0,1,1,0,0,0,4,1,1,1,1,0,1,0,0,2,1,0,1,4
"Gene484",1,1,2,0,0,0,1,0,3,1,2,0,0,0,0,2,0,0,2,1,0,1,1,0,3,1,0,0,4,1,3,1,0,3,0,2,2,1,1,0,2,0,2,3,2,1,1,2,1,1,2,0,3,0,2,1,2,5,4,3,2,0,1,0,1,0,0,0,0,0,0,1,1,0,0,3,2,2,3,2,2,2,2,1,2,1,0,2,4,1,0,1,1,0,1,1,2,0,2,0,1,1,0,2,0,0,2,1,1,1,2,1,1,1,2,1,2,1,2,0,2,0,1,1,2,0,1,4,0,2,0,2,0,1,1,3,2,0,3,1,1,2,0,0,1,1,0,1,1,1,0,0,0,0,2,1,2,1,0,1,1,0,0,2,0,1,2,1,2,1,0,5,0,1,1,2,0,1,0,0,2,0,1,5,2,1,2,1,1,0,0,1,2,2,1,0,4,1,2,0,1,0,2,1,1,1,1,2,5,2,0,1,0,1,0,1,1,0,1,0,0,1,0,2,2,2,2,2,1,1,1,2,1,0,4,2,5,2,2,0,1,1,0,0,2,0,0,2,1,0,1,0,0,0,1,1,0,1,2,2,0,4,1,1,1,2,1,1,2,0,1,0,2,2,6,0,2,0,0,1,1,4,1,0,1,1,1,1,0,0,0,1,0,0,0,2,0,0,2,1
"Gene485",3,2,4,1,3,0,1,1,1,0,1,0,1,2,0,0,1,1,0,1,1,1,1,1,1,0,3,1,0,2,2,4,1,0,1,0,1,1,1,0,1,1,0,1,0,2,1,1,2,0,2,0,1,2,2,1,1,2,1,0,2,0,1,2,1,1,1,3,0,2,0,0,1,1,3,2,3,0,1,1,3,3,3,2,2,1,2,1,0,1,1,3,0,2,2,1,0,0,2,0,0,0,0,3,1,2,2,1,1,1,0,2,1,1,1,1,0,0,1,0,1,0,2,2,1,1,1,2,0,1,1,1,1,2,0,1,0,0,1,3,0,1,0,1,2,1,2,0,1,2,1,0,1,1,1,1,1,2,0,1,1,0,0,1,1,1,0,1,0,2,1,1,1,0,1,2,1,0,1,1,4,1,0,4,0,0,1,1,0,4,2,4,1,1,1,1,1,2,0,2,0,1,2,0,1,0,2,0,5,0,1,1,0,0,4,1,0,0,0,0,0,1,0,1,1,0,0,1,1,1,1,2,0,2,1,1,2,1,1,2,0,1,1,1,0,1,0,1,1,2,0,2,0,0,1,0,0,4,0,1,2,4,1,2,1,0,2,0,0,2,1,0,1,0,0,2,1,5,2,1,1,2,1,5,2,1,2,0,2,1,0,1,0,1,0,1,0,0,2,0
"Gene486",0,2,0,0,0,3,0,4,0,1,1,2,3,0,2,0,0,1,1,2,1,0,0,2,1,3,3,2,0,1,2,2,0,1,1,2,1,2,4,2,0,2,2,2,3,1,0,1,0,4,1,2,0,0,1,1,2,1,1,3,2,2,0,1,1,0,1,0,0,2,1,0,0,1,0,1,2,2,2,0,1,0,1,0,0,0,0,1,1,0,1,0,1,1,0,1,0,0,0,0,2,1,3,1,0,0,0,2,1,0,2,0,1,0,3,1,1,1,1,0,1,0,0,1,1,0,1,0,1,1,0,2,2,0,0,0,2,1,0,1,3,2,1,0,0,0,0,0,1,2,1,1,1,2,1,2,0,1,0,0,1,2,1,0,0,1,2,2,0,0,0,0,6,0,0,0,1,0,2,0,1,2,1,1,1,1,1,0,2,2,1,0,0,0,0,5,0,2,4,1,2,0,1,0,2,0,0,1,0,2,0,5,2,4,2,1,0,1,0,4,2,0,2,1,1,0,2,0,1,1,1,1,1,2,0,1,0,1,1,2,1,1,2,0,0,0,1,0,2,1,2,0,0,1,0,0,0,0,0,0,1,1,1,4,0,1,0,4,1,0,5,2,1,0,1,1,1,2,1,2,0,1,2,1,0,1,1,0,4,0,0,2,1,2,0,1,0,2,2,5
"Gene487",0,0,2,1,0,4,3,0,1,2,2,1,0,3,0,0,0,1,1,0,2,3,1,2,3,2,1,0,2,2,2,0,0,3,1,1,1,1,1,2,0,2,1,0,1,3,1,2,1,1,1,1,0,0,0,0,1,0,0,1,1,2,1,2,2,1,1,2,2,1,1,1,1,0,0,1,0,0,1,1,1,3,0,1,1,2,3,2,1,2,1,1,0,1,0,1,1,0,0,1,1,3,4,1,0,0,1,0,2,0,0,1,0,0,1,3,1,2,0,2,0,1,0,1,0,3,0,0,1,2,1,2,0,1,3,2,2,1,2,0,2,0,0,0,0,0,1,2,0,0,4,2,0,0,2,0,0,2,2,0,1,1,0,2,0,1,1,1,1,0,1,1,0,1,2,1,1,2,2,1,0,2,2,1,1,0,2,0,0,0,0,1,0,2,1,2,2,0,1,2,0,1,0,1,4,2,1,0,4,2,1,2,1,2,1,1,1,0,5,0,1,0,1,1,2,1,0,0,0,1,0,0,2,1,1,0,0,4,1,0,0,0,0,0,0,2,1,1,2,2,1,1,1,0,4,1,0,4,0,1,1,0,1,2,0,2,5,0,1,2,1,0,2,0,0,4,0,1,0,0,0,0,0,1,1,0,1,0,0,0,0,2,1,1,0,4,0,1,1,0
"Gene488",1,0,1,1,1,0,2,1,1,1,1,0,1,2,3,1,2,0,1,4,0,1,0,4,3,1,1,1,0,2,1,2,2,4,1,1,0,0,0,0,0,1,1,0,1,1,0,0,1,2,1,0,4,0,1,1,1,1,1,0,1,1,1,2,0,0,0,2,1,0,1,0,3,2,2,3,0,1,1,5,3,1,2,0,0,2,1,0,1,0,2,0,3,3,2,2,2,1,2,0,0,0,1,0,1,1,3,0,2,1,0,2,3,1,0,0,2,0,0,1,1,1,1,2,0,0,0,0,2,0,1,1,1,1,2,0,0,0,1,3,1,1,1,2,1,1,0,0,0,0,1,0,0,0,2,1,1,1,2,1,5,0,0,2,1,0,0,0,0,1,1,0,2,4,1,0,0,1,2,1,4,1,1,2,0,1,2,2,0,0,1,0,1,2,0,0,5,1,4,2,2,0,1,1,4,1,4,0,4,0,0,0,2,2,1,0,1,1,5,2,1,0,0,0,2,1,1,2,0,0,2,1,1,1,1,1,1,2,1,2,0,2,2,2,1,2,0,0,0,0,1,4,0,4,1,0,1,1,1,0,2,1,2,1,1,2,1,1,1,1,2,4,0,1,5,1,0,2,1,5,0,1,4,1,1,0,1,0,0,0,1,1,1,0,0,1,1,0,1,0
"Gene489",1,0,1,1,0,0,2,0,0,0,0,0,0,0,1,1,1,1,0,0,0,2,1,6,2,1,2,1,0,3,2,0,3,3,2,1,0,1,0,0,1,1,0,0,1,3,1,1,3,1,0,1,1,0,1,0,0,1,2,2,2,1,1,0,0,1,1,1,0,0,2,3,0,1,2,3,0,3,2,0,0,3,1,1,1,1,2,0,2,0,0,2,1,0,1,2,1,0,0,6,0,1,1,0,2,2,2,1,0,1,1,1,1,2,3,2,1,0,2,0,1,4,2,1,3,1,1,1,1,2,0,0,0,1,2,0,1,1,0,1,3,0,4,2,0,2,0,2,2,1,1,1,0,0,2,1,1,0,1,1,4,1,1,2,0,1,1,0,0,0,4,0,2,0,1,0,0,4,0,2,0,0,2,0,0,2,2,0,0,2,1,0,2,2,1,1,1,1,2,1,1,1,2,2,2,4,1,0,1,1,0,2,1,1,2,0,0,1,2,1,5,1,0,0,0,0,2,0,1,1,1,1,0,0,2,1,1,2,0,2,2,0,2,1,5,1,4,2,1,2,0,1,5,1,0,0,0,4,1,0,0,0,5,1,0,1,0,0,0,4,0,1,1,4,0,0,1,1,2,0,0,2,1,0,0,1,0,1,0,1,0,2,1,0,0,1,1,1,0,2
"Gene490",2,1,2,0,1,1,1,0,1,0,1,0,4,0,1,1,0,0,2,0,1,1,2,0,1,0,0,0,0,0,1,1,3,1,2,2,1,0,1,1,0,1,0,2,1,0,1,2,0,1,3,1,0,1,0,1,0,1,2,1,0,2,0,3,0,0,1,1,0,0,0,0,0,1,1,1,1,0,1,3,0,0,0,0,0,0,2,0,3,0,0,2,1,0,2,0,0,1,0,3,1,0,1,3,1,1,1,2,1,1,2,1,5,2,1,2,0,2,2,1,1,0,1,5,3,1,0,1,0,1,3,0,1,1,1,0,1,0,1,0,1,0,1,1,1,1,0,1,0,0,0,0,0,4,1,1,0,0,1,1,0,0,0,0,1,0,1,4,1,0,2,4,1,0,1,0,4,0,2,1,0,1,2,2,4,0,0,2,4,0,1,0,0,0,0,0,1,2,0,1,0,0,1,0,0,1,1,0,2,0,1,0,4,0,2,1,1,1,2,1,1,1,0,1,0,2,4,0,2,1,0,4,1,1,2,1,1,0,1,5,0,1,0,1,1,4,1,1,2,1,2,2,1,1,1,1,1,0,0,4,0,2,2,0,1,2,2,0,0,0,0,2,1,2,1,2,2,1,1,1,0,1,0,4,0,0,0,1,1,0,2,0,1,1,1,2,1,0,1,1
"Gene491",3,0,0,1,2,1,0,1,0,2,0,2,3,1,0,0,1,1,1,0,1,2,0,3,1,0,2,0,1,0,1,0,2,0,3,0,1,0,1,0,1,0,3,0,0,0,1,0,3,0,0,1,1,0,0,2,0,0,0,0,0,1,1,0,1,0,0,0,0,2,1,0,0,3,1,0,1,2,0,0,2,2,0,3,1,1,1,0,0,1,1,0,0,0,1,1,2,0,0,2,1,1,0,0,0,1,0,2,0,2,0,0,1,0,3,2,2,0,1,2,0,0,0,0,1,1,0,0,1,0,1,1,1,1,1,0,3,1,2,0,1,1,0,1,1,1,0,0,0,1,2,1,0,0,1,1,0,4,1,5,0,4,4,4,0,2,4,0,0,0,1,0,2,2,1,0,0,1,4,1,1,4,1,1,2,4,1,0,1,4,0,1,1,4,2,1,0,1,1,1,4,4,0,0,2,0,1,0,0,2,0,4,2,0,1,1,0,0,1,0,1,2,0,5,0,1,0,0,0,0,2,0,1,0,1,0,0,0,0,2,2,0,1,0,0,0,1,2,1,2,0,2,1,1,1,1,0,0,0,1,0,2,1,0,2,1,1,0,1,0,1,2,1,2,1,0,0,0,2,1,1,0,0,0,0,1,1,0,2,0,0,0,1,1,1,0,0,2,1,2
"Gene492",0,0,0,0,0,0,0,0,0,0,3,0,1,0,1,1,4,2,0,2,2,1,2,2,0,0,1,1,0,1,1,2,3,2,0,1,1,1,0,1,1,1,0,1,4,0,2,1,0,1,2,2,1,1,1,2,1,2,1,0,1,0,1,3,2,0,1,3,2,0,0,1,0,0,1,3,1,1,5,2,2,0,0,0,1,3,0,0,1,1,1,2,0,1,3,0,0,1,0,1,1,0,2,0,1,0,2,0,1,0,2,1,5,1,0,4,0,1,0,1,0,2,0,3,0,0,1,0,4,0,0,1,0,2,1,0,0,3,2,1,2,0,2,2,1,0,0,1,0,1,2,0,0,1,2,7,0,0,0,1,2,0,1,1,1,1,4,0,0,2,6,0,2,2,6,1,1,2,1,1,0,2,0,0,0,1,1,1,1,2,1,2,0,1,1,4,1,0,0,0,0,1,0,2,1,2,0,0,2,1,0,0,1,0,1,2,2,1,1,1,1,2,2,0,0,2,1,0,1,4,0,0,2,1,0,0,0,2,0,1,1,0,1,2,1,2,2,0,0,1,1,1,1,0,1,0,0,2,2,2,4,0,0,2,0,4,0,0,0,1,0,2,0,1,0,5,1,0,2,1,1,1,2,1,1,0,0,2,2,0,1,0,0,1,1,0,1,0,0,4
"Gene493",1,1,5,2,1,2,0,1,1,3,1,0,2,1,1,2,0,1,2,3,4,2,0,0,0,1,0,1,0,0,0,0,1,1,1,0,0,1,1,0,1,1,2,0,2,2,2,1,1,0,1,0,0,3,0,2,4,1,2,2,2,2,0,1,1,1,0,1,0,0,2,2,0,2,0,0,0,2,1,1,2,2,1,2,0,0,1,1,2,0,2,2,0,4,0,0,0,0,4,0,1,3,2,1,0,2,3,1,0,0,1,2,1,1,4,3,2,1,1,2,2,1,0,0,0,0,1,1,2,2,0,1,1,0,0,1,0,1,0,1,1,0,1,0,0,2,0,0,0,3,0,1,0,0,1,0,0,0,0,1,1,2,1,2,1,1,1,0,1,1,1,0,2,2,1,0,0,0,1,1,0,0,1,2,2,0,0,2,0,0,4,1,4,0,1,1,2,2,0,0,4,0,0,4,1,1,2,0,0,2,0,2,1,2,2,4,0,4,0,1,1,0,1,1,4,2,5,0,1,1,4,1,1,2,4,1,2,0,0,2,4,4,0,4,0,1,1,1,2,2,1,4,1,0,1,2,2,0,1,4,0,1,2,1,2,1,0,1,0,2,1,4,0,4,1,2,0,1,0,1,0,2,2,0,1,1,0,0,1,1,0,1,0,1,0,0,0,4,0,0
"Gene494",1,1,2,0,2,0,2,4,0,1,1,1,1,2,1,0,2,0,2,0,1,0,0,1,1,1,0,0,1,0,0,2,5,1,0,0,0,0,0,1,1,0,1,0,2,0,0,1,1,3,1,0,2,0,1,0,0,1,0,2,2,0,1,0,1,1,0,1,1,2,0,2,0,2,1,2,1,4,2,1,1,1,1,1,2,0,0,1,1,1,0,0,2,1,1,1,0,1,0,1,0,2,0,1,1,0,1,0,1,3,0,1,0,0,2,2,1,1,1,1,0,2,0,1,2,3,1,1,1,1,0,1,0,0,1,0,0,0,1,0,0,2,0,1,3,1,0,0,2,2,0,2,1,0,0,1,1,1,0,2,0,0,2,1,0,0,1,1,0,4,0,1,0,1,1,1,0,1,1,0,1,0,1,2,0,1,0,0,0,0,1,1,1,0,0,1,2,2,2,1,0,0,0,0,1,2,1,0,2,2,4,0,0,1,0,0,0,1,0,2,0,2,2,2,4,0,2,0,1,0,0,0,4,1,1,0,1,0,1,0,0,0,1,1,2,0,1,1,1,0,1,0,1,1,1,1,1,1,0,0,0,1,0,1,0,2,0,2,0,0,1,0,0,0,1,0,0,1,0,1,1,1,0,0,1,1,1,2,0,0,0,4,0,1,0,2,0,0,1,2
"Gene495",0,1,0,0,1,2,0,1,1,1,0,0,2,0,1,2,1,1,1,1,0,1,2,1,2,1,0,1,2,2,0,0,1,1,1,1,0,0,1,0,2,2,1,0,0,0,5,0,1,2,0,0,2,0,2,0,1,2,0,0,1,3,2,1,1,2,0,1,1,0,1,2,0,0,0,0,1,1,3,2,2,0,1,0,1,2,0,0,1,1,0,0,3,3,0,0,0,0,0,2,2,2,0,3,1,1,1,0,3,0,0,2,0,1,0,1,0,0,3,1,2,1,3,1,2,1,2,1,2,2,0,0,0,0,2,4,3,0,0,0,2,1,2,1,1,1,2,1,0,4,1,5,0,1,0,2,2,1,2,1,4,2,0,0,2,0,4,0,0,1,4,4,0,1,0,0,0,2,1,2,0,1,1,0,2,0,1,2,1,1,2,0,4,1,0,1,1,1,4,1,1,1,2,0,2,0,2,2,2,0,0,1,1,0,1,1,0,2,1,2,0,1,0,1,1,1,2,1,1,1,1,1,4,1,1,0,0,0,1,0,4,1,4,1,1,1,1,1,2,2,0,2,0,0,4,0,1,0,0,1,2,1,2,0,1,1,2,2,0,1,0,0,1,1,2,0,1,1,0,1,0,0,0,0,0,0,2,1,0,0,1,2,1,0,1,0,2,1,4,0
"Gene496",4,2,2,2,2,0,2,0,0,0,0,2,1,1,1,0,0,0,0,1,3,0,2,1,0,1,1,0,0,0,1,2,2,0,1,0,2,0,0,0,1,1,1,2,0,1,2,1,0,1,2,0,0,2,2,1,3,0,1,0,1,0,1,1,2,4,2,0,1,1,0,1,2,0,1,0,2,0,2,0,2,1,0,2,1,0,2,0,0,2,1,1,3,1,2,1,1,1,1,2,2,0,1,1,0,2,2,0,1,0,0,0,2,1,1,1,0,1,2,1,1,1,2,1,1,1,0,1,0,0,2,0,0,2,0,0,0,2,2,0,2,1,2,1,1,0,3,1,0,5,0,0,4,2,0,2,1,1,1,0,1,1,1,1,2,0,0,1,0,2,1,0,4,1,0,2,4,0,1,0,2,1,1,1,1,2,0,2,1,0,0,1,1,1,4,4,1,4,0,4,1,1,1,1,0,2,0,0,1,0,2,0,0,1,0,0,0,1,0,2,0,2,2,2,1,0,5,2,1,1,0,4,2,0,0,0,1,0,0,4,2,1,0,2,2,1,0,1,0,0,0,1,1,1,4,1,2,0,2,1,1,0,1,1,0,1,1,0,0,0,0,0,1,1,0,0,0,0,2,1,2,2,1,1,1,1,2,1,1,4,5,1,1,1,2,1,0,0,0,0
"Gene497",0,1,4,0,3,2,2,1,1,3,3,2,0,0,2,0,1,1,0,2,1,0,2,1,2,0,1,0,2,0,2,1,0,2,1,1,0,2,0,2,2,2,0,2,1,1,0,1,1,4,0,0,1,1,0,1,0,0,1,2,0,1,0,0,1,1,2,0,3,1,0,0,1,0,0,1,0,0,1,3,1,1,0,2,2,3,0,0,2,1,1,0,1,0,0,2,2,0,1,1,0,2,1,2,1,1,2,1,3,0,1,2,0,2,1,1,1,0,1,1,1,1,3,0,0,0,0,1,1,0,3,0,1,1,0,0,1,0,0,1,1,0,3,0,1,0,1,0,0,0,1,1,2,0,1,1,0,0,1,0,0,4,0,0,4,1,1,4,0,1,1,0,1,1,5,1,2,2,1,1,1,0,0,0,1,2,0,1,2,0,1,4,0,1,1,0,1,0,5,1,4,0,1,1,1,1,1,2,1,1,2,1,1,0,1,0,5,2,2,1,2,0,0,1,0,0,1,1,0,0,0,1,1,1,0,1,1,0,0,4,0,1,2,0,1,2,1,4,0,0,0,1,2,1,0,0,2,1,0,1,0,1,2,0,2,1,1,2,0,1,0,0,2,1,0,2,1,0,0,0,0,2,0,1,2,0,0,4,2,0,0,2,0,2,0,1,0,1,0,2
"Gene498",0,1,0,2,0,0,1,1,1,0,1,2,1,0,0,2,0,4,1,0,1,1,1,1,2,0,0,2,1,0,0,0,5,0,0,2,1,0,1,0,2,1,0,1,1,1,0,2,2,4,0,2,1,0,2,1,1,0,0,1,1,3,1,1,2,0,0,2,0,2,1,2,0,1,0,2,0,0,1,2,0,2,1,2,1,1,1,1,0,2,1,2,0,1,0,0,1,2,1,3,0,1,1,0,0,0,1,2,1,0,2,1,0,2,1,2,2,3,0,0,1,1,0,3,2,1,2,1,2,0,3,1,0,0,2,1,2,0,0,1,1,2,1,1,0,2,2,0,2,0,0,2,2,1,1,0,1,1,1,1,0,2,0,1,2,0,0,2,1,0,0,1,0,2,1,0,0,2,1,1,0,0,1,4,0,1,0,1,0,1,2,2,1,1,1,4,0,0,2,0,2,1,0,0,0,0,2,2,1,1,2,1,0,1,1,2,0,1,0,0,1,0,1,1,1,1,1,1,1,1,0,0,1,0,1,1,0,0,0,2,2,2,1,1,0,0,1,1,2,0,0,1,0,1,1,1,0,2,1,0,2,0,1,2,1,0,1,1,0,1,0,1,1,0,1,4,4,0,4,0,0,2,1,1,2,2,2,1,2,0,0,1,1,2,2,0,0,4,1,0
"Gene499",1,1,1,1,1,1,1,0,0,2,1,2,2,3,2,2,0,0,3,1,1,0,1,2,0,1,0,1,0,0,0,1,0,1,0,1,0,0,4,0,2,0,2,0,1,2,0,0,1,1,0,2,1,1,1,0,1,1,2,0,1,0,0,2,0,1,5,0,3,2,1,0,1,0,1,0,1,0,3,2,1,0,2,1,3,1,1,0,1,2,0,3,1,0,0,2,2,2,2,1,0,1,0,1,2,1,0,1,0,1,1,0,0,1,2,0,0,1,0,1,0,3,0,1,2,1,2,1,0,0,1,2,1,1,4,0,0,1,2,0,0,1,0,0,3,2,0,1,0,0,0,1,0,0,4,1,5,1,1,1,1,0,0,2,0,0,2,1,0,1,1,5,4,0,0,1,0,2,2,0,2,2,1,0,2,1,2,1,1,4,0,1,2,0,1,0,2,1,1,4,1,2,0,0,1,1,0,0,1,4,0,0,1,0,1,0,2,0,2,1,1,0,0,1,1,1,0,0,1,1,1,0,1,0,0,1,1,1,0,2,0,0,0,0,2,0,0,0,1,1,2,1,0,0,0,0,1,4,1,0,2,1,1,2,1,2,1,2,4,1,4,1,0,1,0,1,0,0,1,1,2,4,2,1,1,1,1,0,0,0,0,1,1,0,2,2,0,2,0,1
"Gene500",2,0,1,1,0,1,0,1,1,0,1,2,0,1,2,1,2,2,3,2,0,1,1,1,1,0,0,1,0,0,1,4,1,4,2,2,0,0,0,1,0,1,1,2,1,0,0,1,1,0,2,0,1,0,0,1,1,0,3,1,1,2,0,2,1,0,1,3,4,1,2,1,0,0,2,1,1,0,0,1,1,3,1,1,0,2,3,0,1,3,1,0,1,0,2,1,2,2,1,2,1,0,2,2,1,1,1,0,4,1,3,0,3,2,3,1,1,1,1,1,1,0,1,1,1,1,1,2,1,1,0,0,0,2,0,1,0,1,2,1,1,0,0,1,2,1,1,1,1,1,0,0,2,1,1,2,0,1,0,2,0,2,0,0,2,1,2,4,1,1,1,2,1,2,2,2,0,1,2,2,0,0,0,1,1,1,1,1,0,0,1,1,0,2,0,0,0,4,1,0,0,1,0,1,0,2,2,5,2,2,0,1,0,1,2,0,1,1,1,1,2,1,0,0,1,1,0,1,5,2,0,5,1,0,0,0,1,0,1,1,1,2,1,2,0,0,0,0,2,1,0,4,2,2,2,0,1,0,2,0,0,1,2,0,1,2,1,1,0,0,0,2,2,0,0,2,0,0,2,2,1,0,4,2,2,4,0,2,0,0,2,0,1,1,1,0,4,1,1,0
